{"probe": "break_predictors", "corpus": "runs/quality/pegasus3_f30", "cells": ["fill30-a3.0"], "init": "runs/quality/r30_p3_s0.best.pt", "tasks": 16, "reads": 2048, "features": ["length", "internal_edges", "redundancy", "cut_vertices", "logical_degree", "coupling_mass", "contacts", "mass_per_contact", "max_contact_load", "load_concentration", "field"]}
{"task": "pegasus3-fill30-a3.0-8", "sources": ["minorminer", "policy0", "policy1"], "chains": 99}
{"task": "pegasus3-fill30-a3.0-2", "sources": ["minorminer", "policy0", "policy1"], "chains": 186}
{"task": "pegasus3-fill30-a3.0-15", "sources": ["minorminer", "policy0", "policy1"], "chains": 267}
{"task": "pegasus3-fill30-a3.0-1", "sources": ["minorminer", "policy0", "policy1"], "chains": 351}
{"task": "pegasus3-fill30-a3.0-17", "sources": ["minorminer", "policy0", "policy1"], "chains": 453}
{"task": "pegasus3-fill30-a3.0-27", "sources": ["minorminer", "policy0", "policy1"], "chains": 525}
{"task": "pegasus3-fill30-a3.0-18", "sources": ["minorminer", "policy0", "policy1"], "chains": 600}
{"task": "pegasus3-fill30-a3.0-25", "sources": ["minorminer", "policy0", "policy1"], "chains": 696}
{"task": "pegasus3-fill30-a3.0-14", "sources": ["minorminer", "policy0", "policy1"], "chains": 789}
{"task": "pegasus3-fill30-a3.0-23", "sources": ["minorminer", "policy0", "policy1"], "chains": 873}
{"task": "pegasus3-fill30-a3.0-6", "sources": ["minorminer", "policy1"], "chains": 939}
{"task": "pegasus3-fill30-a3.0-7", "sources": ["minorminer", "policy0", "policy1"], "chains": 1032}
{"task": "pegasus3-fill30-a3.0-0", "sources": ["minorminer", "policy0", "policy1"], "chains": 1083}
{"task": "pegasus3-fill30-a3.0-28", "sources": ["minorminer", "policy0", "policy1"], "chains": 1164}
{"task": "pegasus3-fill30-a3.0-10", "sources": ["minorminer", "policy0", "policy1"], "chains": 1251}
{"task": "pegasus3-fill30-a3.0-9", "sources": ["minorminer", "policy0", "policy1"], "chains": 1347}
{"chain": {"task_index": 0, "source": "policy0", "break_rate": 0.21044921875, "length": 9.0, "internal_edges": 9.0, "redundancy": 1.0, "cut_vertices": 2.0, "logical_degree": 5.0, "coupling_mass": 7.0, "contacts": 21.0, "mass_per_contact": 0.3333333333333333, "max_contact_load": 0.6666666666666666, "load_concentration": 1.8617021276595744, "field": 0.0}}
{"chain": {"task_index": 0, "source": "policy0", "break_rate": 0.525390625, "length": 5.0, "internal_edges": 4.0, "redundancy": 0.0, "cut_vertices": 3.0, "logical_degree": 2.0, "coupling_mass": 7.0, "contacts": 3.0, "mass_per_contact": 2.3333333333333335, "max_contact_load": 3.5, "load_concentration": 1.3333333333333333, "field": 0.0}}
{"chain": {"task_index": 0, "source": "policy0", "break_rate": 0.0, "length": 1.0, "internal_edges": 0.0, "redundancy": 0.0, "cut_vertices": 0.0, "logical_degree": 0.0, "coupling_mass": 0.0, "contacts": 0.0, "mass_per_contact": 0.0, "max_contact_load": 0.0, "load_concentration": 0.0, "field": 0.0}}
{"chain": {"task_index": 0, "source": "policy0", "break_rate": 0.81787109375, "length": 3.0, "internal_edges": 2.0, "redundancy": 0.0, "cut_vertices": 1.0, "logical_degree": 3.0, "coupling_mass": 7.0, "contacts": 7.0, "mass_per_contact": 1.0, "max_contact_load": 2.9, "load_concentration": 1.8125, "field": 0.0}}
{"chain": {"task_index": 0, "source": "policy0", "break_rate": 0.0, "length": 1.0, "internal_edges": 0.0, "redundancy": 0.0, "cut_vertices": 0.0, "logical_degree": 0.0, "coupling_mass": 0.0, "contacts": 0.0, "mass_per_contact": 0.0, "max_contact_load": 0.0, "load_concentration": 0.0, "field": 0.0}}
{"chain": {"task_index": 0, "source": "policy0", "break_rate": 0.0, "length": 1.0, "internal_edges": 0.0, "redundancy": 0.0, "cut_vertices": 0.0, "logical_degree": 0.0, "coupling_mass": 0.0, "contacts": 0.0, "mass_per_contact": 0.0, "max_contact_load": 0.0, "load_concentration": 0.0, "field": 0.0}}
{"chain": {"task_index": 0, "source": "policy0", "break_rate": 0.0, "length": 1.0, "internal_edges": 0.0, "redundancy": 0.0, "cut_vertices": 0.0, "logical_degree": 0.0, "coupling_mass": 0.0, "contacts": 0.0, "mass_per_contact": 0.0, "max_contact_load": 0.0, "load_concentration": 0.0, "field": 0.0}}
{"chain": {"task_index": 0, "source": "policy0", "break_rate": 0.06005859375, "length": 3.0, "internal_edges": 2.0, "redundancy": 0.0, "cut_vertices": 1.0, "logical_degree": 2.0, "coupling_mass": 2.8, "contacts": 3.0, "mass_per_contact": 0.9333333333333332, "max_contact_load": 0.9999999999999999, "load_concentration": 1.0526315789473684, "field": 0.0}}
{"chain": {"task_index": 0, "source": "policy0", "break_rate": 0.0078125, "length": 3.0, "internal_edges": 2.0, "redundancy": 0.0, "cut_vertices": 1.0, "logical_degree": 2.0, "coupling_mass": 4.0, "contacts": 10.0, "mass_per_contact": 0.4, "max_contact_load": 0.43333333333333335, "load_concentration": 1.1063829787234043, "field": 0.0}}
{"chain": {"task_index": 0, "source": "policy0", "break_rate": 0.0, "length": 1.0, "internal_edges": 0.0, "redundancy": 0.0, "cut_vertices": 0.0, "logical_degree": 0.0, "coupling_mass": 0.0, "contacts": 0.0, "mass_per_contact": 0.0, "max_contact_load": 0.0, "load_concentration": 0.0, "field": 0.0}}
{"chain": {"task_index": 0, "source": "policy0", "break_rate": 0.0009765625, "length": 2.0, "internal_edges": 1.0, "redundancy": 0.0, "cut_vertices": 0.0, "logical_degree": 4.0, "coupling_mass": 8.6, "contacts": 10.0, "mass_per_contact": 0.86, "max_contact_load": 3.9, "load_concentration": 2.748898678414097, "field": 0.0}}
{"chain": {"task_index": 0, "source": "policy0", "break_rate": 0.03369140625, "length": 2.0, "internal_edges": 1.0, "redundancy": 0.0, "cut_vertices": 0.0, "logical_degree": 0.0, "coupling_mass": 0.0, "contacts": 0.0, "mass_per_contact": 0.0, "max_contact_load": 0.0, "load_concentration": 0.0, "field": 0.0}}
{"chain": {"task_index": 0, "source": "policy0", "break_rate": 0.0, "length": 1.0, "internal_edges": 0.0, "redundancy": 0.0, "cut_vertices": 0.0, "logical_degree": 0.0, "coupling_mass": 0.0, "contacts": 0.0, "mass_per_contact": 0.0, "max_contact_load": 0.0, "load_concentration": 0.0, "field": 0.0}}
{"chain": {"task_index": 0, "source": "policy0", "break_rate": 0.0, "length": 1.0, "internal_edges": 0.0, "redundancy": 0.0, "cut_vertices": 0.0, "logical_degree": 2.0, "coupling_mass": 5.0, "contacts": 3.0, "mass_per_contact": 1.6666666666666667, "max_contact_load": 2.1, "load_concentration": 1.183098591549296, "field": 0.0}}
{"chain": {"task_index": 0, "source": "policy0", "break_rate": 0.208984375, "length": 6.0, "internal_edges": 5.0, "redundancy": 0.0, "cut_vertices": 3.0, "logical_degree": 7.0, "coupling_mass": 11.200000000000001, "contacts": 30.0, "mass_per_contact": 0.37333333333333335, "max_contact_load": 2.9, "load_concentration": 3.908917246122106, "field": 0.0}}
{"chain": {"task_index": 0, "source": "policy0", "break_rate": 0.251953125, "length": 4.0, "internal_edges": 4.0, "redundancy": 1.0, "cut_vertices": 0.0, "logical_degree": 0.0, "coupling_mass": 0.0, "contacts": 0.0, "mass_per_contact": 0.0, "max_contact_load": 0.0, "load_concentration": 0.0, "field": 0.0}}
{"chain": {"task_index": 0, "source": "policy0", "break_rate": 0.0, "length": 1.0, "internal_edges": 0.0, "redundancy": 0.0, "cut_vertices": 0.0, "logical_degree": 3.0, "coupling_mass": 2.8000000000000003, "contacts": 5.0, "mass_per_contact": 0.56, "max_contact_load": 1.2000000000000002, "load_concentration": 1.6875000000000002, "field": 0.0}}
{"chain": {"task_index": 0, "source": "policy0", "break_rate": 0.10888671875, "length": 4.0, "internal_edges": 3.0, "redundancy": 0.0, "cut_vertices": 2.0, "logical_degree": 0.0, "coupling_mass": 0.0, "contacts": 0.0, "mass_per_contact": 0.0, "max_contact_load": 0.0, "load_concentration": 0.0, "field": 0.0}}
{"chain": {"task_index": 0, "source": "policy0", "break_rate": 0.0, "length": 1.0, "internal_edges": 0.0, "redundancy": 0.0, "cut_vertices": 0.0, "logical_degree": 2.0, "coupling_mass": 6.2, "contacts": 2.0, "mass_per_contact": 3.1, "max_contact_load": 3.5, "load_concentration": 1.129032258064516, "field": 0.0}}
{"chain": {"task_index": 0, "source": "policy0", "break_rate": 0.0, "length": 1.0, "internal_edges": 0.0, "redundancy": 0.0, "cut_vertices": 0.0, "logical_degree": 3.0, "coupling_mass": 3.5999999999999996, "contacts": 6.0, "mass_per_contact": 0.6, "max_contact_load": 0.8, "load_concentration": 1.2857142857142858, "field": 0.0}}
{"chain": {"task_index": 0, "source": "policy0", "break_rate": 0.29638671875, "length": 7.0, "internal_edges": 7.0, "redundancy": 1.0, "cut_vertices": 3.0, "logical_degree": 3.0, "coupling_mass": 7.799999999999999, "contacts": 6.0, "mass_per_contact": 1.2999999999999998, "max_contact_load": 1.95, "load_concentration": 1.5, "field": 0.0}}
{"chain": {"task_index": 0, "source": "policy0", "break_rate": 0.03125, "length": 2.0, "internal_edges": 1.0, "redundancy": 0.0, "cut_vertices": 0.0, "logical_degree": 0.0, "coupling_mass": 0.0, "contacts": 0.0, "mass_per_contact": 0.0, "max_contact_load": 0.0, "load_concentration": 0.0, "field": 0.0}}
{"chain": {"task_index": 0, "source": "policy0", "break_rate": 0.13330078125, "length": 2.0, "internal_edges": 1.0, "redundancy": 0.0, "cut_vertices": 0.0, "logical_degree": 3.0, "coupling_mass": 6.6, "contacts": 7.0, "mass_per_contact": 0.9428571428571428, "max_contact_load": 2.9, "load_concentration": 1.8913043478260871, "field": 0.0}}
{"chain": {"task_index": 0, "source": "policy0", "break_rate": 0.0, "length": 1.0, "internal_edges": 0.0, "redundancy": 0.0, "cut_vertices": 0.0, "logical_degree": 0.0, "coupling_mass": 0.0, "contacts": 0.0, "mass_per_contact": 0.0, "max_contact_load": 0.0, "load_concentration": 0.0, "field": 0.0}}
{"chain": {"task_index": 0, "source": "policy0", "break_rate": 0.04736328125, "length": 3.0, "internal_edges": 2.0, "redundancy": 0.0, "cut_vertices": 1.0, "logical_degree": 2.0, "coupling_mass": 5.0, "contacts": 8.0, "mass_per_contact": 0.625, "max_contact_load": 1.95, "load_concentration": 1.828125, "field": 0.0}}
{"chain": {"task_index": 0, "source": "policy0", "break_rate": 0.2392578125, "length": 7.0, "internal_edges": 6.0, "redundancy": 0.0, "cut_vertices": 4.0, "logical_degree": 3.0, "coupling_mass": 5.0, "contacts": 13.0, "mass_per_contact": 0.38461538461538464, "max_contact_load": 3.9, "load_concentration": 2.845945945945946, "field": 0.0}}
{"chain": {"task_index": 0, "source": "policy0", "break_rate": 0.0107421875, "length": 5.0, "internal_edges": 5.0, "redundancy": 1.0, "cut_vertices": 2.0, "logical_degree": 4.0, "coupling_mass": 8.6, "contacts": 7.0, "mass_per_contact": 1.2285714285714284, "max_contact_load": 1.75, "load_concentration": 1.5555555555555556, "field": 0.0}}
{"chain": {"task_index": 0, "source": "policy0", "break_rate": 0.0576171875, "length": 3.0, "internal_edges": 2.0, "redundancy": 0.0, "cut_vertices": 1.0, "logical_degree": 2.0, "coupling_mass": 2.8, "contacts": 2.0, "mass_per_contact": 1.4, "max_contact_load": 2.4, "load_concentration": 1.7142857142857144, "field": 0.0}}
{"chain": {"task_index": 0, "source": "policy0", "break_rate": 0.0380859375, "length": 2.0, "internal_edges": 1.0, "redundancy": 0.0, "cut_vertices": 0.0, "logical_degree": 0.0, "coupling_mass": 0.0, "contacts": 0.0, "mass_per_contact": 0.0, "max_contact_load": 0.0, "load_concentration": 0.0, "field": 0.0}}
{"chain": {"task_index": 0, "source": "policy0", "break_rate": 0.0, "length": 1.0, "internal_edges": 0.0, "redundancy": 0.0, "cut_vertices": 0.0, "logical_degree": 3.0, "coupling_mass": 8.6, "contacts": 4.0, "mass_per_contact": 2.15, "max_contact_load": 3.9, "load_concentration": 1.5194805194805197, "field": 0.0}}
{"chain": {"task_index": 0, "source": "policy0", "break_rate": 0.07275390625, "length": 3.0, "internal_edges": 2.0, "redundancy": 0.0, "cut_vertices": 1.0, "logical_degree": 3.0, "coupling_mass": 4.2, "contacts": 9.0, "mass_per_contact": 0.4666666666666667, "max_contact_load": 1.05, "load_concentration": 1.4104477611940298, "field": 0.0}}
{"chain": {"task_index": 0, "source": "policy0", "break_rate": 0.0, "length": 1.0, "internal_edges": 0.0, "redundancy": 0.0, "cut_vertices": 0.0, "logical_degree": 2.0, "coupling_mass": 6.2, "contacts": 3.0, "mass_per_contact": 2.066666666666667, "max_contact_load": 2.7, "load_concentration": 1.2134831460674158, "field": 0.0}}
{"chain": {"task_index": 0, "source": "policy0", "break_rate": 0.0830078125, "length": 3.0, "internal_edges": 2.0, "redundancy": 0.0, "cut_vertices": 1.0, "logical_degree": 4.0, "coupling_mass": 9.0, "contacts": 7.0, "mass_per_contact": 1.2857142857142858, "max_contact_load": 3.9, "load_concentration": 1.8245614035087718, "field": 0.0}}
{"chain": {"task_index": 0, "source": "policy1", "break_rate": 0.33984375, "length": 3.0, "internal_edges": 2.0, "redundancy": 0.0, "cut_vertices": 1.0, "logical_degree": 5.0, "coupling_mass": 7.0, "contacts": 10.0, "mass_per_contact": 0.7, "max_contact_load": 2.5, "load_concentration": 2.0226537216828477, "field": 0.0}}
{"chain": {"task_index": 0, "source": "policy1", "break_rate": 0.0, "length": 1.0, "internal_edges": 0.0, "redundancy": 0.0, "cut_vertices": 0.0, "logical_degree": 2.0, "coupling_mass": 7.0, "contacts": 2.0, "mass_per_contact": 3.5, "max_contact_load": 3.5, "load_concentration": 1.0, "field": 0.0}}
{"chain": {"task_index": 0, "source": "policy1", "break_rate": 0.03662109375, "length": 2.0, "internal_edges": 1.0, "redundancy": 0.0, "cut_vertices": 0.0, "logical_degree": 0.0, "coupling_mass": 0.0, "contacts": 0.0, "mass_per_contact": 0.0, "max_contact_load": 0.0, "load_concentration": 0.0, "field": 0.0}}
{"chain": {"task_index": 0, "source": "policy1", "break_rate": 0.39697265625, "length": 5.0, "internal_edges": 4.0, "redundancy": 0.0, "cut_vertices": 2.0, "logical_degree": 3.0, "coupling_mass": 7.0, "contacts": 5.0, "mass_per_contact": 1.4, "max_contact_load": 2.9, "load_concentration": 1.864285714285714, "field": 0.0}}
{"chain": {"task_index": 0, "source": "policy1", "break_rate": 0.06689453125, "length": 3.0, "internal_edges": 2.0, "redundancy": 0.0, "cut_vertices": 1.0, "logical_degree": 0.0, "coupling_mass": 0.0, "contacts": 0.0, "mass_per_contact": 0.0, "max_contact_load": 0.0, "load_concentration": 0.0, "field": 0.0}}
{"chain": {"task_index": 0, "source": "policy1", "break_rate": 0.0, "length": 1.0, "internal_edges": 0.0, "redundancy": 0.0, "cut_vertices": 0.0, "logical_degree": 0.0, "coupling_mass": 0.0, "contacts": 0.0, "mass_per_contact": 0.0, "max_contact_load": 0.0, "load_concentration": 0.0, "field": 0.0}}
{"chain": {"task_index": 0, "source": "policy1", "break_rate": 0.0, "length": 1.0, "internal_edges": 0.0, "redundancy": 0.0, "cut_vertices": 0.0, "logical_degree": 0.0, "coupling_mass": 0.0, "contacts": 0.0, "mass_per_contact": 0.0, "max_contact_load": 0.0, "load_concentration": 0.0, "field": 0.0}}
{"chain": {"task_index": 0, "source": "policy1", "break_rate": 0.1875, "length": 5.0, "internal_edges": 4.0, "redundancy": 0.0, "cut_vertices": 3.0, "logical_degree": 2.0, "coupling_mass": 2.8, "contacts": 6.0, "mass_per_contact": 0.4666666666666666, "max_contact_load": 1.7999999999999998, "load_concentration": 1.8, "field": 0.0}}
{"chain": {"task_index": 0, "source": "policy1", "break_rate": 0.0, "length": 1.0, "internal_edges": 0.0, "redundancy": 0.0, "cut_vertices": 0.0, "logical_degree": 2.0, "coupling_mass": 4.0, "contacts": 2.0, "mass_per_contact": 2.0, "max_contact_load": 2.6, "load_concentration": 1.3, "field": 0.0}}
{"chain": {"task_index": 0, "source": "policy1", "break_rate": 0.0, "length": 1.0, "internal_edges": 0.0, "redundancy": 0.0, "cut_vertices": 0.0, "logical_degree": 0.0, "coupling_mass": 0.0, "contacts": 0.0, "mass_per_contact": 0.0, "max_contact_load": 0.0, "load_concentration": 0.0, "field": 0.0}}
{"chain": {"task_index": 0, "source": "policy1", "break_rate": 0.0, "length": 1.0, "internal_edges": 0.0, "redundancy": 0.0, "cut_vertices": 0.0, "logical_degree": 4.0, "coupling_mass": 8.6, "contacts": 5.0, "mass_per_contact": 1.72, "max_contact_load": 2.5, "load_concentration": 1.5037593984962405, "field": 0.0}}
{"chain": {"task_index": 0, "source": "policy1", "break_rate": 0.03466796875, "length": 2.0, "internal_edges": 1.0, "redundancy": 0.0, "cut_vertices": 0.0, "logical_degree": 0.0, "coupling_mass": 0.0, "contacts": 0.0, "mass_per_contact": 0.0, "max_contact_load": 0.0, "load_concentration": 0.0, "field": 0.0}}
{"chain": {"task_index": 0, "source": "policy1", "break_rate": 0.04541015625, "length": 5.0, "internal_edges": 5.0, "redundancy": 1.0, "cut_vertices": 1.0, "logical_degree": 0.0, "coupling_mass": 0.0, "contacts": 0.0, "mass_per_contact": 0.0, "max_contact_load": 0.0, "load_concentration": 0.0, "field": 0.0}}
{"chain": {"task_index": 0, "source": "policy1", "break_rate": 0.08203125, "length": 4.0, "internal_edges": 3.0, "redundancy": 0.0, "cut_vertices": 2.0, "logical_degree": 2.0, "coupling_mass": 5.0, "contacts": 3.0, "mass_per_contact": 1.6666666666666667, "max_contact_load": 2.1, "load_concentration": 1.183098591549296, "field": 0.0}}
{"chain": {"task_index": 0, "source": "policy1", "break_rate": 0.02099609375, "length": 3.0, "internal_edges": 2.0, "redundancy": 0.0, "cut_vertices": 1.0, "logical_degree": 7.0, "coupling_mass": 11.200000000000001, "contacts": 13.0, "mass_per_contact": 0.8615384615384616, "max_contact_load": 2.6, "load_concentration": 2.2515463917525773, "field": 0.0}}
{"chain": {"task_index": 0, "source": "policy1", "break_rate": 0.03173828125, "length": 2.0, "internal_edges": 1.0, "redundancy": 0.0, "cut_vertices": 0.0, "logical_degree": 0.0, "coupling_mass": 0.0, "contacts": 0.0, "mass_per_contact": 0.0, "max_contact_load": 0.0, "load_concentration": 0.0, "field": 0.0}}
{"chain": {"task_index": 0, "source": "policy1", "break_rate": 0.01220703125, "length": 2.0, "internal_edges": 1.0, "redundancy": 0.0, "cut_vertices": 0.0, "logical_degree": 3.0, "coupling_mass": 2.8000000000000003, "contacts": 6.0, "mass_per_contact": 0.46666666666666673, "max_contact_load": 0.6000000000000001, "load_concentration": 1.2857142857142858, "field": 0.0}}
{"chain": {"task_index": 0, "source": "policy1", "break_rate": 0.1162109375, "length": 6.0, "internal_edges": 6.0, "redundancy": 1.0, "cut_vertices": 3.0, "logical_degree": 0.0, "coupling_mass": 0.0, "contacts": 0.0, "mass_per_contact": 0.0, "max_contact_load": 0.0, "load_concentration": 0.0, "field": 0.0}}
{"chain": {"task_index": 0, "source": "policy1", "break_rate": 0.0, "length": 1.0, "internal_edges": 0.0, "redundancy": 0.0, "cut_vertices": 0.0, "logical_degree": 2.0, "coupling_mass": 6.2, "contacts": 3.0, "mass_per_contact": 2.066666666666667, "max_contact_load": 3.5, "load_concentration": 1.4432989690721651, "field": 0.0}}
{"chain": {"task_index": 0, "source": "policy1", "break_rate": 0.03857421875, "length": 2.0, "internal_edges": 1.0, "redundancy": 0.0, "cut_vertices": 0.0, "logical_degree": 3.0, "coupling_mass": 3.5999999999999996, "contacts": 5.0, "mass_per_contact": 0.72, "max_contact_load": 2.0, "load_concentration": 1.9565217391304346, "field": 0.0}}
{"chain": {"task_index": 0, "source": "policy1", "break_rate": 0.0, "length": 1.0, "internal_edges": 0.0, "redundancy": 0.0, "cut_vertices": 0.0, "logical_degree": 3.0, "coupling_mass": 7.799999999999999, "contacts": 3.0, "mass_per_contact": 2.5999999999999996, "max_contact_load": 3.9, "load_concentration": 1.5, "field": 0.0}}
{"chain": {"task_index": 0, "source": "policy1", "break_rate": 0.0, "length": 1.0, "internal_edges": 0.0, "redundancy": 0.0, "cut_vertices": 0.0, "logical_degree": 0.0, "coupling_mass": 0.0, "contacts": 0.0, "mass_per_contact": 0.0, "max_contact_load": 0.0, "load_concentration": 0.0, "field": 0.0}}
{"chain": {"task_index": 0, "source": "policy1", "break_rate": 0.0, "length": 1.0, "internal_edges": 0.0, "redundancy": 0.0, "cut_vertices": 0.0, "logical_degree": 3.0, "coupling_mass": 6.6, "contacts": 6.0, "mass_per_contact": 1.0999999999999999, "max_contact_load": 2.5, "load_concentration": 1.8442622950819674, "field": 0.0}}
{"chain": {"task_index": 0, "source": "policy1", "break_rate": 0.0, "length": 1.0, "internal_edges": 0.0, "redundancy": 0.0, "cut_vertices": 0.0, "logical_degree": 0.0, "coupling_mass": 0.0, "contacts": 0.0, "mass_per_contact": 0.0, "max_contact_load": 0.0, "load_concentration": 0.0, "field": 0.0}}
{"chain": {"task_index": 0, "source": "policy1", "break_rate": 0.06298828125, "length": 2.0, "internal_edges": 1.0, "redundancy": 0.0, "cut_vertices": 0.0, "logical_degree": 2.0, "coupling_mass": 5.0, "contacts": 5.0, "mass_per_contact": 1.0, "max_contact_load": 3.9, "load_concentration": 1.8682634730538923, "field": 0.0}}
{"chain": {"task_index": 0, "source": "policy1", "break_rate": 0.4072265625, "length": 12.0, "internal_edges": 15.0, "redundancy": 4.0, "cut_vertices": 4.0, "logical_degree": 3.0, "coupling_mass": 5.0, "contacts": 9.0, "mass_per_contact": 0.5555555555555556, "max_contact_load": 1.95, "load_concentration": 2.457983193277311, "field": 0.0}}
{"chain": {"task_index": 0, "source": "policy1", "break_rate": 0.07373046875, "length": 3.0, "internal_edges": 2.0, "redundancy": 0.0, "cut_vertices": 1.0, "logical_degree": 4.0, "coupling_mass": 8.6, "contacts": 10.0, "mass_per_contact": 0.86, "max_contact_load": 1.45, "load_concentration": 1.5890410958904109, "field": 0.0}}
{"chain": {"task_index": 0, "source": "policy1", "break_rate": 0.00830078125, "length": 2.0, "internal_edges": 1.0, "redundancy": 0.0, "cut_vertices": 0.0, "logical_degree": 2.0, "coupling_mass": 2.8, "contacts": 5.0, "mass_per_contact": 0.5599999999999999, "max_contact_load": 1.2, "load_concentration": 1.8, "field": 0.0}}
{"chain": {"task_index": 0, "source": "policy1", "break_rate": 0.0302734375, "length": 2.0, "internal_edges": 1.0, "redundancy": 0.0, "cut_vertices": 0.0, "logical_degree": 0.0, "coupling_mass": 0.0, "contacts": 0.0, "mass_per_contact": 0.0, "max_contact_load": 0.0, "load_concentration": 0.0, "field": 0.0}}
{"chain": {"task_index": 0, "source": "policy1", "break_rate": 0.0693359375, "length": 3.0, "internal_edges": 2.0, "redundancy": 0.0, "cut_vertices": 1.0, "logical_degree": 3.0, "coupling_mass": 8.6, "contacts": 4.0, "mass_per_contact": 2.15, "max_contact_load": 3.9, "load_concentration": 1.5194805194805197, "field": 0.0}}
{"chain": {"task_index": 0, "source": "policy1", "break_rate": 0.0693359375, "length": 7.0, "internal_edges": 8.0, "redundancy": 2.0, "cut_vertices": 1.0, "logical_degree": 3.0, "coupling_mass": 4.2, "contacts": 10.0, "mass_per_contact": 0.42000000000000004, "max_contact_load": 2.1, "load_concentration": 2.4466019417475726, "field": 0.0}}
{"chain": {"task_index": 0, "source": "policy1", "break_rate": 0.31494140625, "length": 3.0, "internal_edges": 2.0, "redundancy": 0.0, "cut_vertices": 1.0, "logical_degree": 2.0, "coupling_mass": 6.2, "contacts": 3.0, "mass_per_contact": 2.066666666666667, "max_contact_load": 3.5, "load_concentration": 1.4432989690721651, "field": 0.0}}
{"chain": {"task_index": 0, "source": "policy1", "break_rate": 0.00927734375, "length": 2.0, "internal_edges": 1.0, "redundancy": 0.0, "cut_vertices": 0.0, "logical_degree": 4.0, "coupling_mass": 9.0, "contacts": 5.0, "mass_per_contact": 1.8, "max_contact_load": 3.9, "load_concentration": 2.0, "field": 0.0}}
{"chain": {"task_index": 0, "source": "minorminer", "break_rate": 0.0, "length": 1.0, "internal_edges": 0.0, "redundancy": 0.0, "cut_vertices": 0.0, "logical_degree": 5.0, "coupling_mass": 7.0, "contacts": 5.0, "mass_per_contact": 1.4, "max_contact_load": 2.5, "load_concentration": 1.7857142857142858, "field": 0.0}}
{"chain": {"task_index": 0, "source": "minorminer", "break_rate": 0.0, "length": 1.0, "internal_edges": 0.0, "redundancy": 0.0, "cut_vertices": 0.0, "logical_degree": 2.0, "coupling_mass": 7.0, "contacts": 2.0, "mass_per_contact": 3.5, "max_contact_load": 3.5, "load_concentration": 1.0, "field": 0.0}}
{"chain": {"task_index": 0, "source": "minorminer", "break_rate": 0.0, "length": 1.0, "internal_edges": 0.0, "redundancy": 0.0, "cut_vertices": 0.0, "logical_degree": 0.0, "coupling_mass": 0.0, "contacts": 0.0, "mass_per_contact": 0.0, "max_contact_load": 0.0, "load_concentration": 0.0, "field": 0.0}}
{"chain": {"task_index": 0, "source": "minorminer", "break_rate": 0.0, "length": 1.0, "internal_edges": 0.0, "redundancy": 0.0, "cut_vertices": 0.0, "logical_degree": 3.0, "coupling_mass": 7.0, "contacts": 3.0, "mass_per_contact": 2.3333333333333335, "max_contact_load": 3.5, "load_concentration": 1.5, "field": 0.0}}
{"chain": {"task_index": 0, "source": "minorminer", "break_rate": 0.0, "length": 1.0, "internal_edges": 0.0, "redundancy": 0.0, "cut_vertices": 0.0, "logical_degree": 0.0, "coupling_mass": 0.0, "contacts": 0.0, "mass_per_contact": 0.0, "max_contact_load": 0.0, "load_concentration": 0.0, "field": 0.0}}
{"chain": {"task_index": 0, "source": "minorminer", "break_rate": 0.0, "length": 1.0, "internal_edges": 0.0, "redundancy": 0.0, "cut_vertices": 0.0, "logical_degree": 0.0, "coupling_mass": 0.0, "contacts": 0.0, "mass_per_contact": 0.0, "max_contact_load": 0.0, "load_concentration": 0.0, "field": 0.0}}
{"chain": {"task_index": 0, "source": "minorminer", "break_rate": 0.0, "length": 1.0, "internal_edges": 0.0, "redundancy": 0.0, "cut_vertices": 0.0, "logical_degree": 0.0, "coupling_mass": 0.0, "contacts": 0.0, "mass_per_contact": 0.0, "max_contact_load": 0.0, "load_concentration": 0.0, "field": 0.0}}
{"chain": {"task_index": 0, "source": "minorminer", "break_rate": 0.0, "length": 1.0, "internal_edges": 0.0, "redundancy": 0.0, "cut_vertices": 0.0, "logical_degree": 2.0, "coupling_mass": 2.8, "contacts": 2.0, "mass_per_contact": 1.4, "max_contact_load": 1.7999999999999998, "load_concentration": 1.2857142857142856, "field": 0.0}}
{"chain": {"task_index": 0, "source": "minorminer", "break_rate": 0.0, "length": 1.0, "internal_edges": 0.0, "redundancy": 0.0, "cut_vertices": 0.0, "logical_degree": 2.0, "coupling_mass": 4.0, "contacts": 2.0, "mass_per_contact": 2.0, "max_contact_load": 2.6, "load_concentration": 1.3, "field": 0.0}}
{"chain": {"task_index": 0, "source": "minorminer", "break_rate": 0.0, "length": 1.0, "internal_edges": 0.0, "redundancy": 0.0, "cut_vertices": 0.0, "logical_degree": 0.0, "coupling_mass": 0.0, "contacts": 0.0, "mass_per_contact": 0.0, "max_contact_load": 0.0, "load_concentration": 0.0, "field": 0.0}}
{"chain": {"task_index": 0, "source": "minorminer", "break_rate": 0.0, "length": 1.0, "internal_edges": 0.0, "redundancy": 0.0, "cut_vertices": 0.0, "logical_degree": 4.0, "coupling_mass": 8.6, "contacts": 5.0, "mass_per_contact": 1.72, "max_contact_load": 3.9, "load_concentration": 2.122448979591837, "field": 0.0}}
{"chain": {"task_index": 0, "source": "minorminer", "break_rate": 0.0, "length": 1.0, "internal_edges": 0.0, "redundancy": 0.0, "cut_vertices": 0.0, "logical_degree": 0.0, "coupling_mass": 0.0, "contacts": 0.0, "mass_per_contact": 0.0, "max_contact_load": 0.0, "load_concentration": 0.0, "field": 0.0}}
{"chain": {"task_index": 0, "source": "minorminer", "break_rate": 0.0, "length": 1.0, "internal_edges": 0.0, "redundancy": 0.0, "cut_vertices": 0.0, "logical_degree": 0.0, "coupling_mass": 0.0, "contacts": 0.0, "mass_per_contact": 0.0, "max_contact_load": 0.0, "load_concentration": 0.0, "field": 0.0}}
{"chain": {"task_index": 0, "source": "minorminer", "break_rate": 0.0, "length": 1.0, "internal_edges": 0.0, "redundancy": 0.0, "cut_vertices": 0.0, "logical_degree": 2.0, "coupling_mass": 5.0, "contacts": 2.0, "mass_per_contact": 2.5, "max_contact_load": 2.9, "load_concentration": 1.16, "field": 0.0}}
{"chain": {"task_index": 0, "source": "minorminer", "break_rate": 0.0078125, "length": 2.0, "internal_edges": 1.0, "redundancy": 0.0, "cut_vertices": 0.0, "logical_degree": 7.0, "coupling_mass": 11.200000000000001, "contacts": 8.0, "mass_per_contact": 1.4000000000000001, "max_contact_load": 2.9, "load_concentration": 2.0402010050251254, "field": 0.0}}
{"chain": {"task_index": 0, "source": "minorminer", "break_rate": 0.0, "length": 1.0, "internal_edges": 0.0, "redundancy": 0.0, "cut_vertices": 0.0, "logical_degree": 0.0, "coupling_mass": 0.0, "contacts": 0.0, "mass_per_contact": 0.0, "max_contact_load": 0.0, "load_concentration": 0.0, "field": 0.0}}
{"chain": {"task_index": 0, "source": "minorminer", "break_rate": 0.0, "length": 1.0, "internal_edges": 0.0, "redundancy": 0.0, "cut_vertices": 0.0, "logical_degree": 3.0, "coupling_mass": 2.8000000000000003, "contacts": 3.0, "mass_per_contact": 0.9333333333333335, "max_contact_load": 1.2000000000000002, "load_concentration": 1.2857142857142858, "field": 0.0}}
{"chain": {"task_index": 0, "source": "minorminer", "break_rate": 0.0, "length": 1.0, "internal_edges": 0.0, "redundancy": 0.0, "cut_vertices": 0.0, "logical_degree": 0.0, "coupling_mass": 0.0, "contacts": 0.0, "mass_per_contact": 0.0, "max_contact_load": 0.0, "load_concentration": 0.0, "field": 0.0}}
{"chain": {"task_index": 0, "source": "minorminer", "break_rate": 0.0, "length": 1.0, "internal_edges": 0.0, "redundancy": 0.0, "cut_vertices": 0.0, "logical_degree": 2.0, "coupling_mass": 6.2, "contacts": 2.0, "mass_per_contact": 3.1, "max_contact_load": 3.5, "load_concentration": 1.129032258064516, "field": 0.0}}
{"chain": {"task_index": 0, "source": "minorminer", "break_rate": 0.0, "length": 1.0, "internal_edges": 0.0, "redundancy": 0.0, "cut_vertices": 0.0, "logical_degree": 3.0, "coupling_mass": 3.5999999999999996, "contacts": 3.0, "mass_per_contact": 1.2, "max_contact_load": 2.0, "load_concentration": 1.6666666666666667, "field": 0.0}}
{"chain": {"task_index": 0, "source": "minorminer", "break_rate": 0.0, "length": 1.0, "internal_edges": 0.0, "redundancy": 0.0, "cut_vertices": 0.0, "logical_degree": 3.0, "coupling_mass": 7.799999999999999, "contacts": 3.0, "mass_per_contact": 2.5999999999999996, "max_contact_load": 3.9, "load_concentration": 1.5, "field": 0.0}}
{"chain": {"task_index": 0, "source": "minorminer", "break_rate": 0.0, "length": 1.0, "internal_edges": 0.0, "redundancy": 0.0, "cut_vertices": 0.0, "logical_degree": 0.0, "coupling_mass": 0.0, "contacts": 0.0, "mass_per_contact": 0.0, "max_contact_load": 0.0, "load_concentration": 0.0, "field": 0.0}}
{"chain": {"task_index": 0, "source": "minorminer", "break_rate": 0.0, "length": 1.0, "internal_edges": 0.0, "redundancy": 0.0, "cut_vertices": 0.0, "logical_degree": 3.0, "coupling_mass": 6.6, "contacts": 3.0, "mass_per_contact": 2.1999999999999997, "max_contact_load": 2.9, "load_concentration": 1.3181818181818183, "field": 0.0}}
{"chain": {"task_index": 0, "source": "minorminer", "break_rate": 0.0, "length": 1.0, "internal_edges": 0.0, "redundancy": 0.0, "cut_vertices": 0.0, "logical_degree": 0.0, "coupling_mass": 0.0, "contacts": 0.0, "mass_per_contact": 0.0, "max_contact_load": 0.0, "load_concentration": 0.0, "field": 0.0}}
{"chain": {"task_index": 0, "source": "minorminer", "break_rate": 0.0, "length": 1.0, "internal_edges": 0.0, "redundancy": 0.0, "cut_vertices": 0.0, "logical_degree": 2.0, "coupling_mass": 5.0, "contacts": 2.0, "mass_per_contact": 2.5, "max_contact_load": 3.9, "load_concentration": 1.56, "field": 0.0}}
{"chain": {"task_index": 0, "source": "minorminer", "break_rate": 0.0, "length": 1.0, "internal_edges": 0.0, "redundancy": 0.0, "cut_vertices": 0.0, "logical_degree": 3.0, "coupling_mass": 5.0, "contacts": 3.0, "mass_per_contact": 1.6666666666666667, "max_contact_load": 3.9, "load_concentration": 2.34, "field": 0.0}}
{"chain": {"task_index": 0, "source": "minorminer", "break_rate": 0.0, "length": 1.0, "internal_edges": 0.0, "redundancy": 0.0, "cut_vertices": 0.0, "logical_degree": 4.0, "coupling_mass": 8.6, "contacts": 4.0, "mass_per_contact": 2.15, "max_contact_load": 3.5, "load_concentration": 1.627906976744186, "field": 0.0}}
{"chain": {"task_index": 0, "source": "minorminer", "break_rate": 0.0, "length": 1.0, "internal_edges": 0.0, "redundancy": 0.0, "cut_vertices": 0.0, "logical_degree": 2.0, "coupling_mass": 2.8, "contacts": 2.0, "mass_per_contact": 1.4, "max_contact_load": 2.4, "load_concentration": 1.7142857142857144, "field": 0.0}}
{"chain": {"task_index": 0, "source": "minorminer", "break_rate": 0.0, "length": 1.0, "internal_edges": 0.0, "redundancy": 0.0, "cut_vertices": 0.0, "logical_degree": 0.0, "coupling_mass": 0.0, "contacts": 0.0, "mass_per_contact": 0.0, "max_contact_load": 0.0, "load_concentration": 0.0, "field": 0.0}}
{"chain": {"task_index": 0, "source": "minorminer", "break_rate": 0.0, "length": 1.0, "internal_edges": 0.0, "redundancy": 0.0, "cut_vertices": 0.0, "logical_degree": 3.0, "coupling_mass": 8.6, "contacts": 3.0, "mass_per_contact": 2.8666666666666667, "max_contact_load": 3.9, "load_concentration": 1.3604651162790697, "field": 0.0}}
{"chain": {"task_index": 0, "source": "minorminer", "break_rate": 0.0, "length": 1.0, "internal_edges": 0.0, "redundancy": 0.0, "cut_vertices": 0.0, "logical_degree": 3.0, "coupling_mass": 4.2, "contacts": 3.0, "mass_per_contact": 1.4000000000000001, "max_contact_load": 2.1, "load_concentration": 1.5, "field": 0.0}}
{"chain": {"task_index": 0, "source": "minorminer", "break_rate": 0.0, "length": 1.0, "internal_edges": 0.0, "redundancy": 0.0, "cut_vertices": 0.0, "logical_degree": 2.0, "coupling_mass": 6.2, "contacts": 2.0, "mass_per_contact": 3.1, "max_contact_load": 3.5, "load_concentration": 1.129032258064516, "field": 0.0}}
{"chain": {"task_index": 0, "source": "minorminer", "break_rate": 0.0, "length": 1.0, "internal_edges": 0.0, "redundancy": 0.0, "cut_vertices": 0.0, "logical_degree": 4.0, "coupling_mass": 9.0, "contacts": 4.0, "mass_per_contact": 2.25, "max_contact_load": 3.9, "load_concentration": 1.7333333333333334, "field": 0.0}}
{"chain": {"task_index": 1, "source": "policy0", "break_rate": 0.01416015625, "length": 2.0, "internal_edges": 1.0, "redundancy": 0.0, "cut_vertices": 0.0, "logical_degree": 2.0, "coupling_mass": 5.0, "contacts": 5.0, "mass_per_contact": 1.0, "max_contact_load": 1.25, "load_concentration": 1.2, "field": 0.0}}
{"chain": {"task_index": 1, "source": "policy0", "break_rate": 0.0087890625, "length": 2.0, "internal_edges": 1.0, "redundancy": 0.0, "cut_vertices": 0.0, "logical_degree": 6.0, "coupling_mass": 12.799999999999999, "contacts": 6.0, "mass_per_contact": 2.1333333333333333, "max_contact_load": 3.9, "load_concentration": 1.828125, "field": 0.0}}
{"chain": {"task_index": 1, "source": "policy0", "break_rate": 0.04150390625, "length": 6.0, "internal_edges": 6.0, "redundancy": 1.0, "cut_vertices": 3.0, "logical_degree": 5.0, "coupling_mass": 14.8, "contacts": 18.0, "mass_per_contact": 0.8222222222222223, "max_contact_load": 2.5, "load_concentration": 2.0215633423180592, "field": 0.0}}
{"chain": {"task_index": 1, "source": "policy0", "break_rate": 0.04541015625, "length": 3.0, "internal_edges": 2.0, "redundancy": 0.0, "cut_vertices": 1.0, "logical_degree": 2.0, "coupling_mass": 5.0, "contacts": 4.0, "mass_per_contact": 1.25, "max_contact_load": 2.5, "load_concentration": 1.5, "field": 0.0}}
{"chain": {"task_index": 1, "source": "policy0", "break_rate": 0.0283203125, "length": 2.0, "internal_edges": 1.0, "redundancy": 0.0, "cut_vertices": 0.0, "logical_degree": 2.0, "coupling_mass": 7.0, "contacts": 4.0, "mass_per_contact": 1.75, "max_contact_load": 1.95, "load_concentration": 1.1142857142857143, "field": 0.0}}
{"chain": {"task_index": 1, "source": "policy0", "break_rate": 0.72607421875, "length": 2.0, "internal_edges": 1.0, "redundancy": 0.0, "cut_vertices": 0.0, "logical_degree": 2.0, "coupling_mass": 6.2, "contacts": 3.0, "mass_per_contact": 2.066666666666667, "max_contact_load": 3.1, "load_concentration": 1.3333333333333333, "field": 0.0}}
{"chain": {"task_index": 1, "source": "policy0", "break_rate": 0.0, "length": 1.0, "internal_edges": 0.0, "redundancy": 0.0, "cut_vertices": 0.0, "logical_degree": 3.0, "coupling_mass": 7.8, "contacts": 5.0, "mass_per_contact": 1.56, "max_contact_load": 3.1, "load_concentration": 1.6807228915662653, "field": 0.0}}
{"chain": {"task_index": 1, "source": "policy0", "break_rate": 0.04638671875, "length": 3.0, "internal_edges": 2.0, "redundancy": 0.0, "cut_vertices": 1.0, "logical_degree": 2.0, "coupling_mass": 5.0, "contacts": 3.0, "mass_per_contact": 1.6666666666666667, "max_contact_load": 2.1, "load_concentration": 1.183098591549296, "field": 0.0}}
{"chain": {"task_index": 1, "source": "policy0", "break_rate": 0.0, "length": 1.0, "internal_edges": 0.0, "redundancy": 0.0, "cut_vertices": 0.0, "logical_degree": 2.0, "coupling_mass": 5.0, "contacts": 3.0, "mass_per_contact": 1.6666666666666667, "max_contact_load": 2.5, "load_concentration": 1.3333333333333333, "field": 0.0}}
{"chain": {"task_index": 1, "source": "policy0", "break_rate": 0.00634765625, "length": 3.0, "internal_edges": 2.0, "redundancy": 0.0, "cut_vertices": 1.0, "logical_degree": 3.0, "coupling_mass": 5.6, "contacts": 5.0, "mass_per_contact": 1.1199999999999999, "max_contact_load": 1.8, "load_concentration": 1.6199999999999999, "field": 0.0}}
{"chain": {"task_index": 1, "source": "policy0", "break_rate": 0.0078125, "length": 3.0, "internal_edges": 2.0, "redundancy": 0.0, "cut_vertices": 1.0, "logical_degree": 3.0, "coupling_mass": 3.5999999999999996, "contacts": 4.0, "mass_per_contact": 0.8999999999999999, "max_contact_load": 1.2999999999999998, "load_concentration": 1.471698113207547, "field": 0.0}}
{"chain": {"task_index": 1, "source": "policy0", "break_rate": 0.03515625, "length": 3.0, "internal_edges": 2.0, "redundancy": 0.0, "cut_vertices": 1.0, "logical_degree": 3.0, "coupling_mass": 7.0, "contacts": 4.0, "mass_per_contact": 1.75, "max_contact_load": 3.5, "load_concentration": 1.6666666666666665, "field": 0.0}}
{"chain": {"task_index": 1, "source": "policy0", "break_rate": 0.04052734375, "length": 7.0, "internal_edges": 9.0, "redundancy": 3.0, "cut_vertices": 2.0, "logical_degree": 3.0, "coupling_mass": 7.8, "contacts": 10.0, "mass_per_contact": 0.78, "max_contact_load": 3.3, "load_concentration": 1.6363636363636362, "field": 0.0}}
{"chain": {"task_index": 1, "source": "policy0", "break_rate": 0.0107421875, "length": 3.0, "internal_edges": 2.0, "redundancy": 0.0, "cut_vertices": 1.0, "logical_degree": 3.0, "coupling_mass": 7.0, "contacts": 8.0, "mass_per_contact": 0.875, "max_contact_load": 1.1666666666666667, "load_concentration": 1.253731343283582, "field": 0.0}}
{"chain": {"task_index": 1, "source": "policy0", "break_rate": 0.09033203125, "length": 2.0, "internal_edges": 1.0, "redundancy": 0.0, "cut_vertices": 0.0, "logical_degree": 4.0, "coupling_mass": 7.2, "contacts": 7.0, "mass_per_contact": 1.0285714285714287, "max_contact_load": 2.5, "load_concentration": 1.8779342723004695, "field": 0.0}}
{"chain": {"task_index": 1, "source": "policy0", "break_rate": 0.10693359375, "length": 4.0, "internal_edges": 3.0, "redundancy": 0.0, "cut_vertices": 2.0, "logical_degree": 3.0, "coupling_mass": 7.800000000000001, "contacts": 4.0, "mass_per_contact": 1.9500000000000002, "max_contact_load": 3.5, "load_concentration": 1.6535433070866141, "field": 0.0}}
{"chain": {"task_index": 1, "source": "policy0", "break_rate": 0.017578125, "length": 2.0, "internal_edges": 1.0, "redundancy": 0.0, "cut_vertices": 0.0, "logical_degree": 0.0, "coupling_mass": 0.0, "contacts": 0.0, "mass_per_contact": 0.0, "max_contact_load": 0.0, "load_concentration": 0.0, "field": 0.0}}
{"chain": {"task_index": 1, "source": "policy0", "break_rate": 0.04833984375, "length": 3.0, "internal_edges": 2.0, "redundancy": 0.0, "cut_vertices": 1.0, "logical_degree": 5.0, "coupling_mass": 12.8, "contacts": 9.0, "mass_per_contact": 1.4222222222222223, "max_contact_load": 1.9, "load_concentration": 1.2895927601809956, "field": 0.0}}
{"chain": {"task_index": 1, "source": "policy0", "break_rate": 0.0, "length": 1.0, "internal_edges": 0.0, "redundancy": 0.0, "cut_vertices": 0.0, "logical_degree": 2.0, "coupling_mass": 5.0, "contacts": 4.0, "mass_per_contact": 1.25, "max_contact_load": 1.3, "load_concentration": 1.0833333333333333, "field": 0.0}}
{"chain": {"task_index": 1, "source": "policy0", "break_rate": 0.00830078125, "length": 2.0, "internal_edges": 1.0, "redundancy": 0.0, "cut_vertices": 0.0, "logical_degree": 0.0, "coupling_mass": 0.0, "contacts": 0.0, "mass_per_contact": 0.0, "max_contact_load": 0.0, "load_concentration": 0.0, "field": 0.0}}
{"chain": {"task_index": 1, "source": "policy0", "break_rate": 0.0, "length": 3.0, "internal_edges": 3.0, "redundancy": 1.0, "cut_vertices": 0.0, "logical_degree": 2.0, "coupling_mass": 7.8, "contacts": 5.0, "mass_per_contact": 1.56, "max_contact_load": 1.95, "load_concentration": 1.2, "field": 0.0}}
{"chain": {"task_index": 1, "source": "policy0", "break_rate": 0.0, "length": 1.0, "internal_edges": 0.0, "redundancy": 0.0, "cut_vertices": 0.0, "logical_degree": 3.0, "coupling_mass": 6.8, "contacts": 4.0, "mass_per_contact": 1.7, "max_contact_load": 3.1, "load_concentration": 1.5897435897435899, "field": 0.0}}
{"chain": {"task_index": 1, "source": "policy0", "break_rate": 0.02490234375, "length": 4.0, "internal_edges": 4.0, "redundancy": 1.0, "cut_vertices": 0.0, "logical_degree": 2.0, "coupling_mass": 7.0, "contacts": 3.0, "mass_per_contact": 2.3333333333333335, "max_contact_load": 3.5, "load_concentration": 1.3333333333333333, "field": 0.0}}
{"chain": {"task_index": 1, "source": "policy0", "break_rate": 0.01904296875, "length": 4.0, "internal_edges": 4.0, "redundancy": 1.0, "cut_vertices": 1.0, "logical_degree": 0.0, "coupling_mass": 0.0, "contacts": 0.0, "mass_per_contact": 0.0, "max_contact_load": 0.0, "load_concentration": 0.0, "field": 0.0}}
{"chain": {"task_index": 1, "source": "policy0", "break_rate": 0.0, "length": 1.0, "internal_edges": 0.0, "redundancy": 0.0, "cut_vertices": 0.0, "logical_degree": 2.0, "coupling_mass": 7.0, "contacts": 3.0, "mass_per_contact": 2.3333333333333335, "max_contact_load": 3.5, "load_concentration": 1.3333333333333333, "field": 0.0}}
{"chain": {"task_index": 1, "source": "policy0", "break_rate": 0.0, "length": 1.0, "internal_edges": 0.0, "redundancy": 0.0, "cut_vertices": 0.0, "logical_degree": 0.0, "coupling_mass": 0.0, "contacts": 0.0, "mass_per_contact": 0.0, "max_contact_load": 0.0, "load_concentration": 0.0, "field": 0.0}}
{"chain": {"task_index": 1, "source": "policy0", "break_rate": 0.00146484375, "length": 2.0, "internal_edges": 1.0, "redundancy": 0.0, "cut_vertices": 0.0, "logical_degree": 2.0, "coupling_mass": 5.8, "contacts": 2.0, "mass_per_contact": 2.9, "max_contact_load": 3.9, "load_concentration": 1.3448275862068966, "field": 0.0}}
{"chain": {"task_index": 1, "source": "policy0", "break_rate": 0.05908203125, "length": 2.0, "internal_edges": 1.0, "redundancy": 0.0, "cut_vertices": 0.0, "logical_degree": 2.0, "coupling_mass": 7.0, "contacts": 4.0, "mass_per_contact": 1.75, "max_contact_load": 3.1, "load_concentration": 1.409090909090909, "field": 0.0}}
{"chain": {"task_index": 1, "source": "policy0", "break_rate": 0.16162109375, "length": 3.0, "internal_edges": 2.0, "redundancy": 0.0, "cut_vertices": 1.0, "logical_degree": 2.0, "coupling_mass": 2.8, "contacts": 3.0, "mass_per_contact": 0.9333333333333332, "max_contact_load": 1.4, "load_concentration": 1.3333333333333335, "field": 0.0}}
{"chain": {"task_index": 1, "source": "policy1", "break_rate": 0.0341796875, "length": 3.0, "internal_edges": 2.0, "redundancy": 0.0, "cut_vertices": 1.0, "logical_degree": 2.0, "coupling_mass": 5.0, "contacts": 9.0, "mass_per_contact": 0.5555555555555556, "max_contact_load": 0.625, "load_concentration": 1.1111111111111112, "field": 0.0}}
{"chain": {"task_index": 1, "source": "policy1", "break_rate": 0.00634765625, "length": 2.0, "internal_edges": 1.0, "redundancy": 0.0, "cut_vertices": 0.0, "logical_degree": 6.0, "coupling_mass": 12.799999999999999, "contacts": 8.0, "mass_per_contact": 1.5999999999999999, "max_contact_load": 3.9, "load_concentration": 2.1176470588235294, "field": 0.0}}
{"chain": {"task_index": 1, "source": "policy1", "break_rate": 0.0322265625, "length": 6.0, "internal_edges": 7.0, "redundancy": 2.0, "cut_vertices": 2.0, "logical_degree": 5.0, "coupling_mass": 14.8, "contacts": 9.0, "mass_per_contact": 1.6444444444444446, "max_contact_load": 2.9, "load_concentration": 1.6384180790960452, "field": 0.0}}
{"chain": {"task_index": 1, "source": "policy1", "break_rate": 0.09912109375, "length": 2.0, "internal_edges": 1.0, "redundancy": 0.0, "cut_vertices": 0.0, "logical_degree": 2.0, "coupling_mass": 5.0, "contacts": 7.0, "mass_per_contact": 0.7142857142857143, "max_contact_load": 1.25, "load_concentration": 1.4285714285714286, "field": 0.0}}
{"chain": {"task_index": 1, "source": "policy1", "break_rate": 0.2236328125, "length": 2.0, "internal_edges": 1.0, "redundancy": 0.0, "cut_vertices": 0.0, "logical_degree": 2.0, "coupling_mass": 7.0, "contacts": 4.0, "mass_per_contact": 1.75, "max_contact_load": 3.1, "load_concentration": 1.409090909090909, "field": 0.0}}
{"chain": {"task_index": 1, "source": "policy1", "break_rate": 0.0, "length": 1.0, "internal_edges": 0.0, "redundancy": 0.0, "cut_vertices": 0.0, "logical_degree": 2.0, "coupling_mass": 6.2, "contacts": 3.0, "mass_per_contact": 2.066666666666667, "max_contact_load": 3.1, "load_concentration": 1.3333333333333333, "field": 0.0}}
{"chain": {"task_index": 1, "source": "policy1", "break_rate": 0.0, "length": 1.0, "internal_edges": 0.0, "redundancy": 0.0, "cut_vertices": 0.0, "logical_degree": 3.0, "coupling_mass": 7.8, "contacts": 3.0, "mass_per_contact": 2.6, "max_contact_load": 3.4, "load_concentration": 1.3076923076923077, "field": 0.0}}
{"chain": {"task_index": 1, "source": "policy1", "break_rate": 0.0, "length": 1.0, "internal_edges": 0.0, "redundancy": 0.0, "cut_vertices": 0.0, "logical_degree": 2.0, "coupling_mass": 5.0, "contacts": 2.0, "mass_per_contact": 2.5, "max_contact_load": 2.9, "load_concentration": 1.16, "field": 0.0}}
{"chain": {"task_index": 1, "source": "policy1", "break_rate": 0.00830078125, "length": 2.0, "internal_edges": 1.0, "redundancy": 0.0, "cut_vertices": 0.0, "logical_degree": 2.0, "coupling_mass": 5.0, "contacts": 6.0, "mass_per_contact": 0.8333333333333334, "max_contact_load": 1.25, "load_concentration": 1.3333333333333333, "field": 0.0}}
{"chain": {"task_index": 1, "source": "policy1", "break_rate": 0.0234375, "length": 3.0, "internal_edges": 2.0, "redundancy": 0.0, "cut_vertices": 1.0, "logical_degree": 3.0, "coupling_mass": 5.6, "contacts": 6.0, "mass_per_contact": 0.9333333333333332, "max_contact_load": 3.4, "load_concentration": 2.300751879699248, "field": 0.0}}
{"chain": {"task_index": 1, "source": "policy1", "break_rate": 0.0, "length": 3.0, "internal_edges": 3.0, "redundancy": 1.0, "cut_vertices": 0.0, "logical_degree": 3.0, "coupling_mass": 3.5999999999999996, "contacts": 6.0, "mass_per_contact": 0.6, "max_contact_load": 1.2999999999999998, "load_concentration": 1.6363636363636362, "field": 0.0}}
{"chain": {"task_index": 1, "source": "policy1", "break_rate": 0.28515625, "length": 2.0, "internal_edges": 1.0, "redundancy": 0.0, "cut_vertices": 0.0, "logical_degree": 3.0, "coupling_mass": 7.0, "contacts": 4.0, "mass_per_contact": 1.75, "max_contact_load": 3.5, "load_concentration": 1.6666666666666665, "field": 0.0}}
{"chain": {"task_index": 1, "source": "policy1", "break_rate": 0.0, "length": 1.0, "internal_edges": 0.0, "redundancy": 0.0, "cut_vertices": 0.0, "logical_degree": 3.0, "coupling_mass": 7.8, "contacts": 4.0, "mass_per_contact": 1.95, "max_contact_load": 3.3, "load_concentration": 1.4558823529411764, "field": 0.0}}
{"chain": {"task_index": 1, "source": "policy1", "break_rate": 0.0, "length": 1.0, "internal_edges": 0.0, "redundancy": 0.0, "cut_vertices": 0.0, "logical_degree": 3.0, "coupling_mass": 7.0, "contacts": 4.0, "mass_per_contact": 1.75, "max_contact_load": 2.5, "load_concentration": 1.4285714285714286, "field": 0.0}}
{"chain": {"task_index": 1, "source": "policy1", "break_rate": 0.54931640625, "length": 3.0, "internal_edges": 2.0, "redundancy": 0.0, "cut_vertices": 1.0, "logical_degree": 4.0, "coupling_mass": 7.2, "contacts": 4.0, "mass_per_contact": 1.8, "max_contact_load": 2.5, "load_concentration": 1.3888888888888888, "field": 0.0}}
{"chain": {"task_index": 1, "source": "policy1", "break_rate": 0.29150390625, "length": 2.0, "internal_edges": 1.0, "redundancy": 0.0, "cut_vertices": 0.0, "logical_degree": 3.0, "coupling_mass": 7.800000000000001, "contacts": 3.0, "mass_per_contact": 2.6, "max_contact_load": 3.5, "load_concentration": 1.346153846153846, "field": 0.0}}
{"chain": {"task_index": 1, "source": "policy1", "break_rate": 0.03076171875, "length": 3.0, "internal_edges": 2.0, "redundancy": 0.0, "cut_vertices": 1.0, "logical_degree": 0.0, "coupling_mass": 0.0, "contacts": 0.0, "mass_per_contact": 0.0, "max_contact_load": 0.0, "load_concentration": 0.0, "field": 0.0}}
{"chain": {"task_index": 1, "source": "policy1", "break_rate": 0.0, "length": 3.0, "internal_edges": 3.0, "redundancy": 1.0, "cut_vertices": 0.0, "logical_degree": 5.0, "coupling_mass": 12.8, "contacts": 8.0, "mass_per_contact": 1.6, "max_contact_load": 2.9, "load_concentration": 1.6477272727272725, "field": 0.0}}
{"chain": {"task_index": 1, "source": "policy1", "break_rate": 0.0, "length": 1.0, "internal_edges": 0.0, "redundancy": 0.0, "cut_vertices": 0.0, "logical_degree": 2.0, "coupling_mass": 5.0, "contacts": 3.0, "mass_per_contact": 1.6666666666666667, "max_contact_load": 1.95, "load_concentration": 1.278688524590164, "field": 0.0}}
{"chain": {"task_index": 1, "source": "policy1", "break_rate": 0.0, "length": 1.0, "internal_edges": 0.0, "redundancy": 0.0, "cut_vertices": 0.0, "logical_degree": 0.0, "coupling_mass": 0.0, "contacts": 0.0, "mass_per_contact": 0.0, "max_contact_load": 0.0, "load_concentration": 0.0, "field": 0.0}}
{"chain": {"task_index": 1, "source": "policy1", "break_rate": 0.01171875, "length": 2.0, "internal_edges": 1.0, "redundancy": 0.0, "cut_vertices": 0.0, "logical_degree": 2.0, "coupling_mass": 7.8, "contacts": 6.0, "mass_per_contact": 1.3, "max_contact_load": 1.3, "load_concentration": 1.0, "field": 0.0}}
{"chain": {"task_index": 1, "source": "policy1", "break_rate": 0.0, "length": 1.0, "internal_edges": 0.0, "redundancy": 0.0, "cut_vertices": 0.0, "logical_degree": 3.0, "coupling_mass": 6.8, "contacts": 5.0, "mass_per_contact": 1.3599999999999999, "max_contact_load": 3.1, "load_concentration": 1.8787878787878787, "field": 0.0}}
{"chain": {"task_index": 1, "source": "policy1", "break_rate": 0.0, "length": 1.0, "internal_edges": 0.0, "redundancy": 0.0, "cut_vertices": 0.0, "logical_degree": 2.0, "coupling_mass": 7.0, "contacts": 3.0, "mass_per_contact": 2.3333333333333335, "max_contact_load": 3.5, "load_concentration": 1.3333333333333333, "field": 0.0}}
{"chain": {"task_index": 1, "source": "policy1", "break_rate": 0.01513671875, "length": 2.0, "internal_edges": 1.0, "redundancy": 0.0, "cut_vertices": 0.0, "logical_degree": 0.0, "coupling_mass": 0.0, "contacts": 0.0, "mass_per_contact": 0.0, "max_contact_load": 0.0, "load_concentration": 0.0, "field": 0.0}}
{"chain": {"task_index": 1, "source": "policy1", "break_rate": 0.0, "length": 1.0, "internal_edges": 0.0, "redundancy": 0.0, "cut_vertices": 0.0, "logical_degree": 2.0, "coupling_mass": 7.0, "contacts": 3.0, "mass_per_contact": 2.3333333333333335, "max_contact_load": 3.5, "load_concentration": 1.3333333333333333, "field": 0.0}}
{"chain": {"task_index": 1, "source": "policy1", "break_rate": 0.0, "length": 1.0, "internal_edges": 0.0, "redundancy": 0.0, "cut_vertices": 0.0, "logical_degree": 0.0, "coupling_mass": 0.0, "contacts": 0.0, "mass_per_contact": 0.0, "max_contact_load": 0.0, "load_concentration": 0.0, "field": 0.0}}
{"chain": {"task_index": 1, "source": "policy1", "break_rate": 0.01806640625, "length": 2.0, "internal_edges": 1.0, "redundancy": 0.0, "cut_vertices": 0.0, "logical_degree": 2.0, "coupling_mass": 5.8, "contacts": 2.0, "mass_per_contact": 2.9, "max_contact_load": 3.9, "load_concentration": 1.3448275862068966, "field": 0.0}}
{"chain": {"task_index": 1, "source": "policy1", "break_rate": 0.01220703125, "length": 2.0, "internal_edges": 1.0, "redundancy": 0.0, "cut_vertices": 0.0, "logical_degree": 2.0, "coupling_mass": 7.0, "contacts": 5.0, "mass_per_contact": 1.4, "max_contact_load": 1.55, "load_concentration": 1.087719298245614, "field": 0.0}}
{"chain": {"task_index": 1, "source": "policy1", "break_rate": 0.03076171875, "length": 2.0, "internal_edges": 1.0, "redundancy": 0.0, "cut_vertices": 0.0, "logical_degree": 2.0, "coupling_mass": 2.8, "contacts": 3.0, "mass_per_contact": 0.9333333333333332, "max_contact_load": 1.4, "load_concentration": 1.3333333333333335, "field": 0.0}}
{"chain": {"task_index": 1, "source": "minorminer", "break_rate": 0.0, "length": 1.0, "internal_edges": 0.0, "redundancy": 0.0, "cut_vertices": 0.0, "logical_degree": 2.0, "coupling_mass": 5.0, "contacts": 2.0, "mass_per_contact": 2.5, "max_contact_load": 2.5, "load_concentration": 1.0, "field": 0.0}}
{"chain": {"task_index": 1, "source": "minorminer", "break_rate": 0.00048828125, "length": 2.0, "internal_edges": 1.0, "redundancy": 0.0, "cut_vertices": 0.0, "logical_degree": 6.0, "coupling_mass": 12.799999999999999, "contacts": 7.0, "mass_per_contact": 1.8285714285714285, "max_contact_load": 3.9, "load_concentration": 2.0259740259740258, "field": 0.0}}
{"chain": {"task_index": 1, "source": "minorminer", "break_rate": 0.0, "length": 1.0, "internal_edges": 0.0, "redundancy": 0.0, "cut_vertices": 0.0, "logical_degree": 5.0, "coupling_mass": 14.8, "contacts": 6.0, "mass_per_contact": 2.466666666666667, "max_contact_load": 3.9, "load_concentration": 1.4391143911439115, "field": 0.0}}
{"chain": {"task_index": 1, "source": "minorminer", "break_rate": 0.0, "length": 1.0, "internal_edges": 0.0, "redundancy": 0.0, "cut_vertices": 0.0, "logical_degree": 2.0, "coupling_mass": 5.0, "contacts": 2.0, "mass_per_contact": 2.5, "max_contact_load": 2.5, "load_concentration": 1.0, "field": 0.0}}
{"chain": {"task_index": 1, "source": "minorminer", "break_rate": 0.0, "length": 1.0, "internal_edges": 0.0, "redundancy": 0.0, "cut_vertices": 0.0, "logical_degree": 2.0, "coupling_mass": 7.0, "contacts": 2.0, "mass_per_contact": 3.5, "max_contact_load": 3.9, "load_concentration": 1.1142857142857143, "field": 0.0}}
{"chain": {"task_index": 1, "source": "minorminer", "break_rate": 0.0, "length": 1.0, "internal_edges": 0.0, "redundancy": 0.0, "cut_vertices": 0.0, "logical_degree": 2.0, "coupling_mass": 6.2, "contacts": 2.0, "mass_per_contact": 3.1, "max_contact_load": 3.1, "load_concentration": 1.0, "field": 0.0}}
{"chain": {"task_index": 1, "source": "minorminer", "break_rate": 0.0, "length": 1.0, "internal_edges": 0.0, "redundancy": 0.0, "cut_vertices": 0.0, "logical_degree": 3.0, "coupling_mass": 7.8, "contacts": 3.0, "mass_per_contact": 2.6, "max_contact_load": 3.4, "load_concentration": 1.3076923076923077, "field": 0.0}}
{"chain": {"task_index": 1, "source": "minorminer", "break_rate": 0.0, "length": 1.0, "internal_edges": 0.0, "redundancy": 0.0, "cut_vertices": 0.0, "logical_degree": 2.0, "coupling_mass": 5.0, "contacts": 2.0, "mass_per_contact": 2.5, "max_contact_load": 2.9, "load_concentration": 1.16, "field": 0.0}}
{"chain": {"task_index": 1, "source": "minorminer", "break_rate": 0.0, "length": 1.0, "internal_edges": 0.0, "redundancy": 0.0, "cut_vertices": 0.0, "logical_degree": 2.0, "coupling_mass": 5.0, "contacts": 2.0, "mass_per_contact": 2.5, "max_contact_load": 2.5, "load_concentration": 1.0, "field": 0.0}}
{"chain": {"task_index": 1, "source": "minorminer", "break_rate": 0.0, "length": 1.0, "internal_edges": 0.0, "redundancy": 0.0, "cut_vertices": 0.0, "logical_degree": 3.0, "coupling_mass": 5.6, "contacts": 3.0, "mass_per_contact": 1.8666666666666665, "max_contact_load": 3.4, "load_concentration": 1.8214285714285716, "field": 0.0}}
{"chain": {"task_index": 1, "source": "minorminer", "break_rate": 0.0, "length": 1.0, "internal_edges": 0.0, "redundancy": 0.0, "cut_vertices": 0.0, "logical_degree": 3.0, "coupling_mass": 3.5999999999999996, "contacts": 3.0, "mass_per_contact": 1.2, "max_contact_load": 1.9, "load_concentration": 1.5833333333333333, "field": 0.0}}
{"chain": {"task_index": 1, "source": "minorminer", "break_rate": 0.0, "length": 1.0, "internal_edges": 0.0, "redundancy": 0.0, "cut_vertices": 0.0, "logical_degree": 3.0, "coupling_mass": 7.0, "contacts": 3.0, "mass_per_contact": 2.3333333333333335, "max_contact_load": 3.5, "load_concentration": 1.5, "field": 0.0}}
{"chain": {"task_index": 1, "source": "minorminer", "break_rate": 0.0, "length": 1.0, "internal_edges": 0.0, "redundancy": 0.0, "cut_vertices": 0.0, "logical_degree": 3.0, "coupling_mass": 7.8, "contacts": 3.0, "mass_per_contact": 2.6, "max_contact_load": 3.3, "load_concentration": 1.2692307692307692, "field": 0.0}}
{"chain": {"task_index": 1, "source": "minorminer", "break_rate": 0.0, "length": 1.0, "internal_edges": 0.0, "redundancy": 0.0, "cut_vertices": 0.0, "logical_degree": 3.0, "coupling_mass": 7.0, "contacts": 3.0, "mass_per_contact": 2.3333333333333335, "max_contact_load": 3.5, "load_concentration": 1.5, "field": 0.0}}
{"chain": {"task_index": 1, "source": "minorminer", "break_rate": 0.0, "length": 1.0, "internal_edges": 0.0, "redundancy": 0.0, "cut_vertices": 0.0, "logical_degree": 4.0, "coupling_mass": 7.2, "contacts": 4.0, "mass_per_contact": 1.8, "max_contact_load": 2.5, "load_concentration": 1.3888888888888888, "field": 0.0}}
{"chain": {"task_index": 1, "source": "minorminer", "break_rate": 0.0, "length": 1.0, "internal_edges": 0.0, "redundancy": 0.0, "cut_vertices": 0.0, "logical_degree": 3.0, "coupling_mass": 7.800000000000001, "contacts": 3.0, "mass_per_contact": 2.6, "max_contact_load": 3.5, "load_concentration": 1.346153846153846, "field": 0.0}}
{"chain": {"task_index": 1, "source": "minorminer", "break_rate": 0.0, "length": 1.0, "internal_edges": 0.0, "redundancy": 0.0, "cut_vertices": 0.0, "logical_degree": 0.0, "coupling_mass": 0.0, "contacts": 0.0, "mass_per_contact": 0.0, "max_contact_load": 0.0, "load_concentration": 0.0, "field": 0.0}}
{"chain": {"task_index": 1, "source": "minorminer", "break_rate": 0.0, "length": 1.0, "internal_edges": 0.0, "redundancy": 0.0, "cut_vertices": 0.0, "logical_degree": 5.0, "coupling_mass": 12.8, "contacts": 5.0, "mass_per_contact": 2.56, "max_contact_load": 3.5, "load_concentration": 1.3671875, "field": 0.0}}
{"chain": {"task_index": 1, "source": "minorminer", "break_rate": 0.0, "length": 1.0, "internal_edges": 0.0, "redundancy": 0.0, "cut_vertices": 0.0, "logical_degree": 2.0, "coupling_mass": 5.0, "contacts": 2.0, "mass_per_contact": 2.5, "max_contact_load": 3.9, "load_concentration": 1.56, "field": 0.0}}
{"chain": {"task_index": 1, "source": "minorminer", "break_rate": 0.0, "length": 1.0, "internal_edges": 0.0, "redundancy": 0.0, "cut_vertices": 0.0, "logical_degree": 0.0, "coupling_mass": 0.0, "contacts": 0.0, "mass_per_contact": 0.0, "max_contact_load": 0.0, "load_concentration": 0.0, "field": 0.0}}
{"chain": {"task_index": 1, "source": "minorminer", "break_rate": 0.0, "length": 1.0, "internal_edges": 0.0, "redundancy": 0.0, "cut_vertices": 0.0, "logical_degree": 2.0, "coupling_mass": 7.8, "contacts": 2.0, "mass_per_contact": 3.9, "max_contact_load": 3.9, "load_concentration": 1.0, "field": 0.0}}
{"chain": {"task_index": 1, "source": "minorminer", "break_rate": 0.0, "length": 1.0, "internal_edges": 0.0, "redundancy": 0.0, "cut_vertices": 0.0, "logical_degree": 3.0, "coupling_mass": 6.8, "contacts": 3.0, "mass_per_contact": 2.2666666666666666, "max_contact_load": 3.1, "load_concentration": 1.3676470588235294, "field": 0.0}}
{"chain": {"task_index": 1, "source": "minorminer", "break_rate": 0.0, "length": 1.0, "internal_edges": 0.0, "redundancy": 0.0, "cut_vertices": 0.0, "logical_degree": 2.0, "coupling_mass": 7.0, "contacts": 2.0, "mass_per_contact": 3.5, "max_contact_load": 3.5, "load_concentration": 1.0, "field": 0.0}}
{"chain": {"task_index": 1, "source": "minorminer", "break_rate": 0.0, "length": 1.0, "internal_edges": 0.0, "redundancy": 0.0, "cut_vertices": 0.0, "logical_degree": 0.0, "coupling_mass": 0.0, "contacts": 0.0, "mass_per_contact": 0.0, "max_contact_load": 0.0, "load_concentration": 0.0, "field": 0.0}}
{"chain": {"task_index": 1, "source": "minorminer", "break_rate": 0.0, "length": 1.0, "internal_edges": 0.0, "redundancy": 0.0, "cut_vertices": 0.0, "logical_degree": 2.0, "coupling_mass": 7.0, "contacts": 2.0, "mass_per_contact": 3.5, "max_contact_load": 3.5, "load_concentration": 1.0, "field": 0.0}}
{"chain": {"task_index": 1, "source": "minorminer", "break_rate": 0.0, "length": 1.0, "internal_edges": 0.0, "redundancy": 0.0, "cut_vertices": 0.0, "logical_degree": 0.0, "coupling_mass": 0.0, "contacts": 0.0, "mass_per_contact": 0.0, "max_contact_load": 0.0, "load_concentration": 0.0, "field": 0.0}}
{"chain": {"task_index": 1, "source": "minorminer", "break_rate": 0.0, "length": 1.0, "internal_edges": 0.0, "redundancy": 0.0, "cut_vertices": 0.0, "logical_degree": 2.0, "coupling_mass": 5.8, "contacts": 2.0, "mass_per_contact": 2.9, "max_contact_load": 3.9, "load_concentration": 1.3448275862068966, "field": 0.0}}
{"chain": {"task_index": 1, "source": "minorminer", "break_rate": 0.0, "length": 1.0, "internal_edges": 0.0, "redundancy": 0.0, "cut_vertices": 0.0, "logical_degree": 2.0, "coupling_mass": 7.0, "contacts": 2.0, "mass_per_contact": 3.5, "max_contact_load": 3.9, "load_concentration": 1.1142857142857143, "field": 0.0}}
{"chain": {"task_index": 1, "source": "minorminer", "break_rate": 0.0, "length": 1.0, "internal_edges": 0.0, "redundancy": 0.0, "cut_vertices": 0.0, "logical_degree": 2.0, "coupling_mass": 2.8, "contacts": 2.0, "mass_per_contact": 1.4, "max_contact_load": 1.4, "load_concentration": 1.0, "field": 0.0}}
{"chain": {"task_index": 2, "source": "policy0", "break_rate": 0.10986328125, "length": 5.0, "internal_edges": 5.0, "redundancy": 1.0, "cut_vertices": 2.0, "logical_degree": 5.0, "coupling_mass": 6.2, "contacts": 16.0, "mass_per_contact": 0.3875, "max_contact_load": 2.1, "load_concentration": 2.791728212703102, "field": 0.0}}
{"chain": {"task_index": 2, "source": "policy0", "break_rate": 0.0185546875, "length": 6.0, "internal_edges": 5.0, "redundancy": 0.0, "cut_vertices": 4.0, "logical_degree": 6.0, "coupling_mass": 8.8, "contacts": 21.0, "mass_per_contact": 0.41904761904761906, "max_contact_load": 2.0, "load_concentration": 2.583732057416268, "field": 0.0}}
{"chain": {"task_index": 2, "source": "policy0", "break_rate": 0.0, "length": 1.0, "internal_edges": 0.0, "redundancy": 0.0, "cut_vertices": 0.0, "logical_degree": 7.0, "coupling_mass": 16.8, "contacts": 8.0, "mass_per_contact": 2.1, "max_contact_load": 2.9, "load_concentration": 1.367003367003367, "field": 0.0}}
{"chain": {"task_index": 2, "source": "policy0", "break_rate": 0.0, "length": 1.0, "internal_edges": 0.0, "redundancy": 0.0, "cut_vertices": 0.0, "logical_degree": 0.0, "coupling_mass": 0.0, "contacts": 0.0, "mass_per_contact": 0.0, "max_contact_load": 0.0, "load_concentration": 0.0, "field": 0.0}}
{"chain": {"task_index": 2, "source": "policy0", "break_rate": 0.04736328125, "length": 2.0, "internal_edges": 1.0, "redundancy": 0.0, "cut_vertices": 0.0, "logical_degree": 2.0, "coupling_mass": 6.2, "contacts": 4.0, "mass_per_contact": 1.55, "max_contact_load": 2.7, "load_concentration": 1.396551724137931, "field": 0.0}}
{"chain": {"task_index": 2, "source": "policy0", "break_rate": 0.03076171875, "length": 2.0, "internal_edges": 1.0, "redundancy": 0.0, "cut_vertices": 0.0, "logical_degree": 0.0, "coupling_mass": 0.0, "contacts": 0.0, "mass_per_contact": 0.0, "max_contact_load": 0.0, "load_concentration": 0.0, "field": 0.0}}
{"chain": {"task_index": 2, "source": "policy0", "break_rate": 0.01953125, "length": 4.0, "internal_edges": 4.0, "redundancy": 1.0, "cut_vertices": 1.0, "logical_degree": 5.0, "coupling_mass": 10.4, "contacts": 20.0, "mass_per_contact": 0.52, "max_contact_load": 1.95, "load_concentration": 2.202007528230866, "field": 0.0}}
{"chain": {"task_index": 2, "source": "policy0", "break_rate": 0.0, "length": 1.0, "internal_edges": 0.0, "redundancy": 0.0, "cut_vertices": 0.0, "logical_degree": 0.0, "coupling_mass": 0.0, "contacts": 0.0, "mass_per_contact": 0.0, "max_contact_load": 0.0, "load_concentration": 0.0, "field": 0.0}}
{"chain": {"task_index": 2, "source": "policy0", "break_rate": 0.03955078125, "length": 4.0, "internal_edges": 4.0, "redundancy": 1.0, "cut_vertices": 1.0, "logical_degree": 2.0, "coupling_mass": 5.0, "contacts": 2.0, "mass_per_contact": 2.5, "max_contact_load": 3.6999999999999997, "load_concentration": 1.48, "field": 0.0}}
{"chain": {"task_index": 2, "source": "policy0", "break_rate": 0.0048828125, "length": 2.0, "internal_edges": 1.0, "redundancy": 0.0, "cut_vertices": 0.0, "logical_degree": 3.0, "coupling_mass": 5.0, "contacts": 10.0, "mass_per_contact": 0.5, "max_contact_load": 1.1, "load_concentration": 1.7368421052631577, "field": 0.0}}
{"chain": {"task_index": 2, "source": "policy0", "break_rate": 0.56787109375, "length": 4.0, "internal_edges": 3.0, "redundancy": 0.0, "cut_vertices": 2.0, "logical_degree": 3.0, "coupling_mass": 5.0, "contacts": 8.0, "mass_per_contact": 0.625, "max_contact_load": 2.5, "load_concentration": 2.25, "field": 0.0}}
{"chain": {"task_index": 2, "source": "policy0", "break_rate": 0.02880859375, "length": 2.0, "internal_edges": 1.0, "redundancy": 0.0, "cut_vertices": 0.0, "logical_degree": 0.0, "coupling_mass": 0.0, "contacts": 0.0, "mass_per_contact": 0.0, "max_contact_load": 0.0, "load_concentration": 0.0, "field": 0.0}}
{"chain": {"task_index": 2, "source": "policy0", "break_rate": 0.0, "length": 1.0, "internal_edges": 0.0, "redundancy": 0.0, "cut_vertices": 0.0, "logical_degree": 3.0, "coupling_mass": 5.0, "contacts": 3.0, "mass_per_contact": 1.6666666666666667, "max_contact_load": 2.5, "load_concentration": 1.5, "field": 0.0}}
{"chain": {"task_index": 2, "source": "policy0", "break_rate": 0.0, "length": 1.0, "internal_edges": 0.0, "redundancy": 0.0, "cut_vertices": 0.0, "logical_degree": 4.0, "coupling_mass": 7.0, "contacts": 5.0, "mass_per_contact": 1.4, "max_contact_load": 3.5, "load_concentration": 2.1705426356589146, "field": 0.0}}
{"chain": {"task_index": 2, "source": "policy0", "break_rate": 0.0009765625, "length": 2.0, "internal_edges": 1.0, "redundancy": 0.0, "cut_vertices": 0.0, "logical_degree": 3.0, "coupling_mass": 5.800000000000001, "contacts": 3.0, "mass_per_contact": 1.9333333333333336, "max_contact_load": 2.9, "load_concentration": 1.5, "field": 0.0}}
{"chain": {"task_index": 2, "source": "policy0", "break_rate": 0.02587890625, "length": 2.0, "internal_edges": 1.0, "redundancy": 0.0, "cut_vertices": 0.0, "logical_degree": 0.0, "coupling_mass": 0.0, "contacts": 0.0, "mass_per_contact": 0.0, "max_contact_load": 0.0, "load_concentration": 0.0, "field": 0.0}}
{"chain": {"task_index": 2, "source": "policy0", "break_rate": 0.11376953125, "length": 2.0, "internal_edges": 1.0, "redundancy": 0.0, "cut_vertices": 0.0, "logical_degree": 2.0, "coupling_mass": 6.2, "contacts": 3.0, "mass_per_contact": 2.066666666666667, "max_contact_load": 2.7, "load_concentration": 1.2134831460674158, "field": 0.0}}
{"chain": {"task_index": 2, "source": "policy0", "break_rate": 0.0, "length": 1.0, "internal_edges": 0.0, "redundancy": 0.0, "cut_vertices": 0.0, "logical_degree": 2.0, "coupling_mass": 0.8, "contacts": 2.0, "mass_per_contact": 0.4, "max_contact_load": 0.4, "load_concentration": 1.0, "field": 0.0}}
{"chain": {"task_index": 2, "source": "policy0", "break_rate": 0.0, "length": 1.0, "internal_edges": 0.0, "redundancy": 0.0, "cut_vertices": 0.0, "logical_degree": 0.0, "coupling_mass": 0.0, "contacts": 0.0, "mass_per_contact": 0.0, "max_contact_load": 0.0, "load_concentration": 0.0, "field": 0.0}}
{"chain": {"task_index": 2, "source": "policy0", "break_rate": 0.033203125, "length": 8.0, "internal_edges": 14.0, "redundancy": 7.0, "cut_vertices": 1.0, "logical_degree": 0.0, "coupling_mass": 0.0, "contacts": 0.0, "mass_per_contact": 0.0, "max_contact_load": 0.0, "load_concentration": 0.0, "field": 0.0}}
{"chain": {"task_index": 2, "source": "policy0", "break_rate": 0.0, "length": 2.0, "internal_edges": 1.0, "redundancy": 0.0, "cut_vertices": 0.0, "logical_degree": 5.0, "coupling_mass": 12.600000000000001, "contacts": 9.0, "mass_per_contact": 1.4000000000000001, "max_contact_load": 3.5, "load_concentration": 2.147239263803681, "field": 0.0}}
{"chain": {"task_index": 2, "source": "policy0", "break_rate": 0.087890625, "length": 4.0, "internal_edges": 3.0, "redundancy": 0.0, "cut_vertices": 1.0, "logical_degree": 2.0, "coupling_mass": 7.0, "contacts": 5.0, "mass_per_contact": 1.4, "max_contact_load": 1.75, "load_concentration": 1.2, "field": 0.0}}
{"chain": {"task_index": 2, "source": "policy0", "break_rate": 0.16943359375, "length": 2.0, "internal_edges": 1.0, "redundancy": 0.0, "cut_vertices": 0.0, "logical_degree": 2.0, "coupling_mass": 5.0, "contacts": 4.0, "mass_per_contact": 1.25, "max_contact_load": 3.6999999999999997, "load_concentration": 1.7903225806451615, "field": 0.0}}
{"chain": {"task_index": 2, "source": "policy0", "break_rate": 0.0, "length": 1.0, "internal_edges": 0.0, "redundancy": 0.0, "cut_vertices": 0.0, "logical_degree": 2.0, "coupling_mass": 5.8, "contacts": 3.0, "mass_per_contact": 1.9333333333333333, "max_contact_load": 1.95, "load_concentration": 1.012987012987013, "field": 0.0}}
{"chain": {"task_index": 2, "source": "policy0", "break_rate": 0.0, "length": 1.0, "internal_edges": 0.0, "redundancy": 0.0, "cut_vertices": 0.0, "logical_degree": 2.0, "coupling_mass": 1.2, "contacts": 3.0, "mass_per_contact": 0.39999999999999997, "max_contact_load": 1.0, "load_concentration": 1.8181818181818181, "field": 0.0}}
{"chain": {"task_index": 2, "source": "policy0", "break_rate": 0.0, "length": 1.0, "internal_edges": 0.0, "redundancy": 0.0, "cut_vertices": 0.0, "logical_degree": 2.0, "coupling_mass": 5.0, "contacts": 2.0, "mass_per_contact": 2.5, "max_contact_load": 3.9, "load_concentration": 1.56, "field": 0.0}}
{"chain": {"task_index": 2, "source": "policy0", "break_rate": 0.2900390625, "length": 4.0, "internal_edges": 3.0, "redundancy": 0.0, "cut_vertices": 2.0, "logical_degree": 4.0, "coupling_mass": 6.6000000000000005, "contacts": 15.0, "mass_per_contact": 0.44000000000000006, "max_contact_load": 3.9, "load_concentration": 2.6242990654205607, "field": 0.0}}
{"chain": {"task_index": 2, "source": "policy1", "break_rate": 0.0, "length": 1.0, "internal_edges": 0.0, "redundancy": 0.0, "cut_vertices": 0.0, "logical_degree": 5.0, "coupling_mass": 6.2, "contacts": 8.0, "mass_per_contact": 0.775, "max_contact_load": 2.1, "load_concentration": 2.266187050359712, "field": 0.0}}
{"chain": {"task_index": 2, "source": "policy1", "break_rate": 0.01513671875, "length": 3.0, "internal_edges": 2.0, "redundancy": 0.0, "cut_vertices": 1.0, "logical_degree": 6.0, "coupling_mass": 8.8, "contacts": 18.0, "mass_per_contact": 0.48888888888888893, "max_contact_load": 0.7999999999999999, "load_concentration": 1.6744186046511627, "field": 0.0}}
{"chain": {"task_index": 2, "source": "policy1", "break_rate": 0.005859375, "length": 3.0, "internal_edges": 2.0, "redundancy": 0.0, "cut_vertices": 1.0, "logical_degree": 7.0, "coupling_mass": 16.8, "contacts": 17.0, "mass_per_contact": 0.9882352941176471, "max_contact_load": 3.9, "load_concentration": 2.7460184409052806, "field": 0.0}}
{"chain": {"task_index": 2, "source": "policy1", "break_rate": 0.0, "length": 1.0, "internal_edges": 0.0, "redundancy": 0.0, "cut_vertices": 0.0, "logical_degree": 0.0, "coupling_mass": 0.0, "contacts": 0.0, "mass_per_contact": 0.0, "max_contact_load": 0.0, "load_concentration": 0.0, "field": 0.0}}
{"chain": {"task_index": 2, "source": "policy1", "break_rate": 0.9052734375, "length": 3.0, "internal_edges": 2.0, "redundancy": 0.0, "cut_vertices": 1.0, "logical_degree": 2.0, "coupling_mass": 6.2, "contacts": 2.0, "mass_per_contact": 3.1, "max_contact_load": 3.5, "load_concentration": 1.129032258064516, "field": 0.0}}
{"chain": {"task_index": 2, "source": "policy1", "break_rate": 0.0634765625, "length": 3.0, "internal_edges": 2.0, "redundancy": 0.0, "cut_vertices": 1.0, "logical_degree": 0.0, "coupling_mass": 0.0, "contacts": 0.0, "mass_per_contact": 0.0, "max_contact_load": 0.0, "load_concentration": 0.0, "field": 0.0}}
{"chain": {"task_index": 2, "source": "policy1", "break_rate": 0.1748046875, "length": 5.0, "internal_edges": 4.0, "redundancy": 0.0, "cut_vertices": 2.0, "logical_degree": 5.0, "coupling_mass": 10.4, "contacts": 6.0, "mass_per_contact": 1.7333333333333334, "max_contact_load": 3.9, "load_concentration": 2.0, "field": 0.0}}
{"chain": {"task_index": 2, "source": "policy1", "break_rate": 0.0, "length": 1.0, "internal_edges": 0.0, "redundancy": 0.0, "cut_vertices": 0.0, "logical_degree": 0.0, "coupling_mass": 0.0, "contacts": 0.0, "mass_per_contact": 0.0, "max_contact_load": 0.0, "load_concentration": 0.0, "field": 0.0}}
{"chain": {"task_index": 2, "source": "policy1", "break_rate": 0.0, "length": 1.0, "internal_edges": 0.0, "redundancy": 0.0, "cut_vertices": 0.0, "logical_degree": 2.0, "coupling_mass": 5.0, "contacts": 2.0, "mass_per_contact": 2.5, "max_contact_load": 3.6999999999999997, "load_concentration": 1.48, "field": 0.0}}
{"chain": {"task_index": 2, "source": "policy1", "break_rate": 0.2080078125, "length": 7.0, "internal_edges": 7.0, "redundancy": 1.0, "cut_vertices": 4.0, "logical_degree": 3.0, "coupling_mass": 5.0, "contacts": 11.0, "mass_per_contact": 0.45454545454545453, "max_contact_load": 3.5, "load_concentration": 2.560975609756098, "field": 0.0}}
{"chain": {"task_index": 2, "source": "policy1", "break_rate": 0.07470703125, "length": 3.0, "internal_edges": 2.0, "redundancy": 0.0, "cut_vertices": 1.0, "logical_degree": 3.0, "coupling_mass": 5.0, "contacts": 13.0, "mass_per_contact": 0.38461538461538464, "max_contact_load": 0.625, "load_concentration": 1.530612244897959, "field": 0.0}}
{"chain": {"task_index": 2, "source": "policy1", "break_rate": 0.03759765625, "length": 5.0, "internal_edges": 5.0, "redundancy": 1.0, "cut_vertices": 1.0, "logical_degree": 0.0, "coupling_mass": 0.0, "contacts": 0.0, "mass_per_contact": 0.0, "max_contact_load": 0.0, "load_concentration": 0.0, "field": 0.0}}
{"chain": {"task_index": 2, "source": "policy1", "break_rate": 0.02099609375, "length": 3.0, "internal_edges": 2.0, "redundancy": 0.0, "cut_vertices": 1.0, "logical_degree": 3.0, "coupling_mass": 5.0, "contacts": 9.0, "mass_per_contact": 0.5555555555555556, "max_contact_load": 2.5, "load_concentration": 2.295918367346939, "field": 0.0}}
{"chain": {"task_index": 2, "source": "policy1", "break_rate": 0.04541015625, "length": 4.0, "internal_edges": 3.0, "redundancy": 0.0, "cut_vertices": 2.0, "logical_degree": 4.0, "coupling_mass": 7.0, "contacts": 7.0, "mass_per_contact": 1.0, "max_contact_load": 3.5, "load_concentration": 2.485207100591716, "field": 0.0}}
{"chain": {"task_index": 2, "source": "policy1", "break_rate": 0.0, "length": 1.0, "internal_edges": 0.0, "redundancy": 0.0, "cut_vertices": 0.0, "logical_degree": 3.0, "coupling_mass": 5.800000000000001, "contacts": 4.0, "mass_per_contact": 1.4500000000000002, "max_contact_load": 2.5, "load_concentration": 1.7241379310344829, "field": 0.0}}
{"chain": {"task_index": 2, "source": "policy1", "break_rate": 0.029296875, "length": 2.0, "internal_edges": 1.0, "redundancy": 0.0, "cut_vertices": 0.0, "logical_degree": 0.0, "coupling_mass": 0.0, "contacts": 0.0, "mass_per_contact": 0.0, "max_contact_load": 0.0, "load_concentration": 0.0, "field": 0.0}}
{"chain": {"task_index": 2, "source": "policy1", "break_rate": 0.0, "length": 1.0, "internal_edges": 0.0, "redundancy": 0.0, "cut_vertices": 0.0, "logical_degree": 2.0, "coupling_mass": 6.2, "contacts": 2.0, "mass_per_contact": 3.1, "max_contact_load": 3.5, "load_concentration": 1.129032258064516, "field": 0.0}}
{"chain": {"task_index": 2, "source": "policy1", "break_rate": 0.0, "length": 1.0, "internal_edges": 0.0, "redundancy": 0.0, "cut_vertices": 0.0, "logical_degree": 2.0, "coupling_mass": 0.8, "contacts": 2.0, "mass_per_contact": 0.4, "max_contact_load": 0.4, "load_concentration": 1.0, "field": 0.0}}
{"chain": {"task_index": 2, "source": "policy1", "break_rate": 0.0458984375, "length": 3.0, "internal_edges": 2.0, "redundancy": 0.0, "cut_vertices": 1.0, "logical_degree": 0.0, "coupling_mass": 0.0, "contacts": 0.0, "mass_per_contact": 0.0, "max_contact_load": 0.0, "load_concentration": 0.0, "field": 0.0}}
{"chain": {"task_index": 2, "source": "policy1", "break_rate": 0.0, "length": 1.0, "internal_edges": 0.0, "redundancy": 0.0, "cut_vertices": 0.0, "logical_degree": 0.0, "coupling_mass": 0.0, "contacts": 0.0, "mass_per_contact": 0.0, "max_contact_load": 0.0, "load_concentration": 0.0, "field": 0.0}}
{"chain": {"task_index": 2, "source": "policy1", "break_rate": 0.0234375, "length": 3.0, "internal_edges": 2.0, "redundancy": 0.0, "cut_vertices": 1.0, "logical_degree": 5.0, "coupling_mass": 12.600000000000001, "contacts": 8.0, "mass_per_contact": 1.5750000000000002, "max_contact_load": 3.9, "load_concentration": 1.9306930693069306, "field": 0.0}}
{"chain": {"task_index": 2, "source": "policy1", "break_rate": 0.0, "length": 1.0, "internal_edges": 0.0, "redundancy": 0.0, "cut_vertices": 0.0, "logical_degree": 2.0, "coupling_mass": 7.0, "contacts": 2.0, "mass_per_contact": 3.5, "max_contact_load": 3.5, "load_concentration": 1.0, "field": 0.0}}
{"chain": {"task_index": 2, "source": "policy1", "break_rate": 0.1640625, "length": 2.0, "internal_edges": 1.0, "redundancy": 0.0, "cut_vertices": 0.0, "logical_degree": 2.0, "coupling_mass": 5.0, "contacts": 3.0, "mass_per_contact": 1.6666666666666667, "max_contact_load": 3.6999999999999997, "load_concentration": 1.7011494252873562, "field": 0.0}}
{"chain": {"task_index": 2, "source": "policy1", "break_rate": 0.10791015625, "length": 4.0, "internal_edges": 3.0, "redundancy": 0.0, "cut_vertices": 2.0, "logical_degree": 2.0, "coupling_mass": 5.8, "contacts": 4.0, "mass_per_contact": 1.45, "max_contact_load": 3.9, "load_concentration": 1.7205882352941178, "field": 0.0}}
{"chain": {"task_index": 2, "source": "policy1", "break_rate": 0.0, "length": 1.0, "internal_edges": 0.0, "redundancy": 0.0, "cut_vertices": 0.0, "logical_degree": 2.0, "coupling_mass": 1.2, "contacts": 2.0, "mass_per_contact": 0.6, "max_contact_load": 1.0, "load_concentration": 1.6666666666666667, "field": 0.0}}
{"chain": {"task_index": 2, "source": "policy1", "break_rate": 0.0, "length": 1.0, "internal_edges": 0.0, "redundancy": 0.0, "cut_vertices": 0.0, "logical_degree": 2.0, "coupling_mass": 5.0, "contacts": 3.0, "mass_per_contact": 1.6666666666666667, "max_contact_load": 3.9, "load_concentration": 1.7528089887640448, "field": 0.0}}
{"chain": {"task_index": 2, "source": "policy1", "break_rate": 0.0830078125, "length": 3.0, "internal_edges": 2.0, "redundancy": 0.0, "cut_vertices": 1.0, "logical_degree": 4.0, "coupling_mass": 6.6000000000000005, "contacts": 13.0, "mass_per_contact": 0.5076923076923078, "max_contact_load": 3.9, "load_concentration": 3.1304347826086953, "field": 0.0}}
{"chain": {"task_index": 2, "source": "minorminer", "break_rate": 0.15576171875, "length": 2.0, "internal_edges": 1.0, "redundancy": 0.0, "cut_vertices": 0.0, "logical_degree": 5.0, "coupling_mass": 6.2, "contacts": 8.0, "mass_per_contact": 0.775, "max_contact_load": 1.8, "load_concentration": 2.1176470588235294, "field": 0.0}}
{"chain": {"task_index": 2, "source": "minorminer", "break_rate": 0.0, "length": 1.0, "internal_edges": 0.0, "redundancy": 0.0, "cut_vertices": 0.0, "logical_degree": 6.0, "coupling_mass": 8.8, "contacts": 6.0, "mass_per_contact": 1.4666666666666668, "max_contact_load": 2.4, "load_concentration": 1.6363636363636362, "field": 0.0}}
{"chain": {"task_index": 2, "source": "minorminer", "break_rate": 0.13232421875, "length": 2.0, "internal_edges": 1.0, "redundancy": 0.0, "cut_vertices": 0.0, "logical_degree": 7.0, "coupling_mass": 16.8, "contacts": 10.0, "mass_per_contact": 1.6800000000000002, "max_contact_load": 3.9, "load_concentration": 1.9293286219081272, "field": 0.0}}
{"chain": {"task_index": 2, "source": "minorminer", "break_rate": 0.0, "length": 1.0, "internal_edges": 0.0, "redundancy": 0.0, "cut_vertices": 0.0, "logical_degree": 0.0, "coupling_mass": 0.0, "contacts": 0.0, "mass_per_contact": 0.0, "max_contact_load": 0.0, "load_concentration": 0.0, "field": 0.0}}
{"chain": {"task_index": 2, "source": "minorminer", "break_rate": 0.0, "length": 1.0, "internal_edges": 0.0, "redundancy": 0.0, "cut_vertices": 0.0, "logical_degree": 2.0, "coupling_mass": 6.2, "contacts": 2.0, "mass_per_contact": 3.1, "max_contact_load": 3.5, "load_concentration": 1.129032258064516, "field": 0.0}}
{"chain": {"task_index": 2, "source": "minorminer", "break_rate": 0.0, "length": 1.0, "internal_edges": 0.0, "redundancy": 0.0, "cut_vertices": 0.0, "logical_degree": 0.0, "coupling_mass": 0.0, "contacts": 0.0, "mass_per_contact": 0.0, "max_contact_load": 0.0, "load_concentration": 0.0, "field": 0.0}}
{"chain": {"task_index": 2, "source": "minorminer", "break_rate": 0.0, "length": 1.0, "internal_edges": 0.0, "redundancy": 0.0, "cut_vertices": 0.0, "logical_degree": 5.0, "coupling_mass": 10.4, "contacts": 5.0, "mass_per_contact": 2.08, "max_contact_load": 3.9, "load_concentration": 1.875, "field": 0.0}}
{"chain": {"task_index": 2, "source": "minorminer", "break_rate": 0.0, "length": 1.0, "internal_edges": 0.0, "redundancy": 0.0, "cut_vertices": 0.0, "logical_degree": 0.0, "coupling_mass": 0.0, "contacts": 0.0, "mass_per_contact": 0.0, "max_contact_load": 0.0, "load_concentration": 0.0, "field": 0.0}}
{"chain": {"task_index": 2, "source": "minorminer", "break_rate": 0.0, "length": 1.0, "internal_edges": 0.0, "redundancy": 0.0, "cut_vertices": 0.0, "logical_degree": 2.0, "coupling_mass": 5.0, "contacts": 2.0, "mass_per_contact": 2.5, "max_contact_load": 3.6999999999999997, "load_concentration": 1.48, "field": 0.0}}
{"chain": {"task_index": 2, "source": "minorminer", "break_rate": 0.0, "length": 1.0, "internal_edges": 0.0, "redundancy": 0.0, "cut_vertices": 0.0, "logical_degree": 3.0, "coupling_mass": 5.0, "contacts": 3.0, "mass_per_contact": 1.6666666666666667, "max_contact_load": 3.5, "load_concentration": 2.1, "field": 0.0}}
{"chain": {"task_index": 2, "source": "minorminer", "break_rate": 0.0, "length": 1.0, "internal_edges": 0.0, "redundancy": 0.0, "cut_vertices": 0.0, "logical_degree": 3.0, "coupling_mass": 5.0, "contacts": 4.0, "mass_per_contact": 1.25, "max_contact_load": 2.0, "load_concentration": 1.6, "field": 0.0}}
{"chain": {"task_index": 2, "source": "minorminer", "break_rate": 0.0, "length": 1.0, "internal_edges": 0.0, "redundancy": 0.0, "cut_vertices": 0.0, "logical_degree": 0.0, "coupling_mass": 0.0, "contacts": 0.0, "mass_per_contact": 0.0, "max_contact_load": 0.0, "load_concentration": 0.0, "field": 0.0}}
{"chain": {"task_index": 2, "source": "minorminer", "break_rate": 0.0, "length": 1.0, "internal_edges": 0.0, "redundancy": 0.0, "cut_vertices": 0.0, "logical_degree": 3.0, "coupling_mass": 5.0, "contacts": 3.0, "mass_per_contact": 1.6666666666666667, "max_contact_load": 2.5, "load_concentration": 1.5, "field": 0.0}}
{"chain": {"task_index": 2, "source": "minorminer", "break_rate": 0.0, "length": 1.0, "internal_edges": 0.0, "redundancy": 0.0, "cut_vertices": 0.0, "logical_degree": 4.0, "coupling_mass": 7.0, "contacts": 5.0, "mass_per_contact": 1.4, "max_contact_load": 3.5, "load_concentration": 2.1705426356589146, "field": 0.0}}
{"chain": {"task_index": 2, "source": "minorminer", "break_rate": 0.0, "length": 1.0, "internal_edges": 0.0, "redundancy": 0.0, "cut_vertices": 0.0, "logical_degree": 3.0, "coupling_mass": 5.800000000000001, "contacts": 3.0, "mass_per_contact": 1.9333333333333336, "max_contact_load": 2.9, "load_concentration": 1.5, "field": 0.0}}
{"chain": {"task_index": 2, "source": "minorminer", "break_rate": 0.0, "length": 1.0, "internal_edges": 0.0, "redundancy": 0.0, "cut_vertices": 0.0, "logical_degree": 0.0, "coupling_mass": 0.0, "contacts": 0.0, "mass_per_contact": 0.0, "max_contact_load": 0.0, "load_concentration": 0.0, "field": 0.0}}
{"chain": {"task_index": 2, "source": "minorminer", "break_rate": 0.0, "length": 1.0, "internal_edges": 0.0, "redundancy": 0.0, "cut_vertices": 0.0, "logical_degree": 2.0, "coupling_mass": 6.2, "contacts": 2.0, "mass_per_contact": 3.1, "max_contact_load": 3.5, "load_concentration": 1.129032258064516, "field": 0.0}}
{"chain": {"task_index": 2, "source": "minorminer", "break_rate": 0.0, "length": 1.0, "internal_edges": 0.0, "redundancy": 0.0, "cut_vertices": 0.0, "logical_degree": 2.0, "coupling_mass": 0.8, "contacts": 2.0, "mass_per_contact": 0.4, "max_contact_load": 0.4, "load_concentration": 1.0, "field": 0.0}}
{"chain": {"task_index": 2, "source": "minorminer", "break_rate": 0.0, "length": 1.0, "internal_edges": 0.0, "redundancy": 0.0, "cut_vertices": 0.0, "logical_degree": 0.0, "coupling_mass": 0.0, "contacts": 0.0, "mass_per_contact": 0.0, "max_contact_load": 0.0, "load_concentration": 0.0, "field": 0.0}}
{"chain": {"task_index": 2, "source": "minorminer", "break_rate": 0.0, "length": 1.0, "internal_edges": 0.0, "redundancy": 0.0, "cut_vertices": 0.0, "logical_degree": 0.0, "coupling_mass": 0.0, "contacts": 0.0, "mass_per_contact": 0.0, "max_contact_load": 0.0, "load_concentration": 0.0, "field": 0.0}}
{"chain": {"task_index": 2, "source": "minorminer", "break_rate": 0.0, "length": 1.0, "internal_edges": 0.0, "redundancy": 0.0, "cut_vertices": 0.0, "logical_degree": 5.0, "coupling_mass": 12.600000000000001, "contacts": 5.0, "mass_per_contact": 2.5200000000000005, "max_contact_load": 3.9, "load_concentration": 1.5476190476190477, "field": 0.0}}
{"chain": {"task_index": 2, "source": "minorminer", "break_rate": 0.0, "length": 1.0, "internal_edges": 0.0, "redundancy": 0.0, "cut_vertices": 0.0, "logical_degree": 2.0, "coupling_mass": 7.0, "contacts": 2.0, "mass_per_contact": 3.5, "max_contact_load": 3.5, "load_concentration": 1.0, "field": 0.0}}
{"chain": {"task_index": 2, "source": "minorminer", "break_rate": 0.0, "length": 1.0, "internal_edges": 0.0, "redundancy": 0.0, "cut_vertices": 0.0, "logical_degree": 2.0, "coupling_mass": 5.0, "contacts": 2.0, "mass_per_contact": 2.5, "max_contact_load": 3.6999999999999997, "load_concentration": 1.48, "field": 0.0}}
{"chain": {"task_index": 2, "source": "minorminer", "break_rate": 0.0, "length": 1.0, "internal_edges": 0.0, "redundancy": 0.0, "cut_vertices": 0.0, "logical_degree": 2.0, "coupling_mass": 5.8, "contacts": 2.0, "mass_per_contact": 2.9, "max_contact_load": 3.9, "load_concentration": 1.3448275862068966, "field": 0.0}}
{"chain": {"task_index": 2, "source": "minorminer", "break_rate": 0.0, "length": 1.0, "internal_edges": 0.0, "redundancy": 0.0, "cut_vertices": 0.0, "logical_degree": 2.0, "coupling_mass": 1.2, "contacts": 2.0, "mass_per_contact": 0.6, "max_contact_load": 1.0, "load_concentration": 1.6666666666666667, "field": 0.0}}
{"chain": {"task_index": 2, "source": "minorminer", "break_rate": 0.0, "length": 1.0, "internal_edges": 0.0, "redundancy": 0.0, "cut_vertices": 0.0, "logical_degree": 2.0, "coupling_mass": 5.0, "contacts": 2.0, "mass_per_contact": 2.5, "max_contact_load": 3.9, "load_concentration": 1.56, "field": 0.0}}
{"chain": {"task_index": 2, "source": "minorminer", "break_rate": 0.0, "length": 1.0, "internal_edges": 0.0, "redundancy": 0.0, "cut_vertices": 0.0, "logical_degree": 4.0, "coupling_mass": 6.6000000000000005, "contacts": 4.0, "mass_per_contact": 1.6500000000000001, "max_contact_load": 3.9, "load_concentration": 2.3636363636363638, "field": 0.0}}
{"chain": {"task_index": 3, "source": "policy0", "break_rate": 0.0, "length": 1.0, "internal_edges": 0.0, "redundancy": 0.0, "cut_vertices": 0.0, "logical_degree": 2.0, "coupling_mass": 0.8, "contacts": 2.0, "mass_per_contact": 0.4, "max_contact_load": 0.4, "load_concentration": 1.0, "field": 0.0}}
{"chain": {"task_index": 3, "source": "policy0", "break_rate": 0.0126953125, "length": 3.0, "internal_edges": 2.0, "redundancy": 0.0, "cut_vertices": 1.0, "logical_degree": 4.0, "coupling_mass": 9.0, "contacts": 12.0, "mass_per_contact": 0.75, "max_contact_load": 1.55, "load_concentration": 1.7142857142857144, "field": 0.0}}
{"chain": {"task_index": 3, "source": "policy0", "break_rate": 0.0, "length": 1.0, "internal_edges": 0.0, "redundancy": 0.0, "cut_vertices": 0.0, "logical_degree": 2.0, "coupling_mass": 4.0, "contacts": 3.0, "mass_per_contact": 1.3333333333333333, "max_contact_load": 2.0, "load_concentration": 1.3333333333333333, "field": 0.0}}
{"chain": {"task_index": 3, "source": "policy0", "break_rate": 0.13671875, "length": 6.0, "internal_edges": 5.0, "redundancy": 0.0, "cut_vertices": 3.0, "logical_degree": 2.0, "coupling_mass": 5.8, "contacts": 6.0, "mass_per_contact": 0.9666666666666667, "max_contact_load": 0.9666666666666667, "load_concentration": 1.0, "field": 0.0}}
{"chain": {"task_index": 3, "source": "policy0", "break_rate": 0.2197265625, "length": 3.0, "internal_edges": 2.0, "redundancy": 0.0, "cut_vertices": 1.0, "logical_degree": 5.0, "coupling_mass": 11.2, "contacts": 10.0, "mass_per_contact": 1.1199999999999999, "max_contact_load": 2.1, "load_concentration": 1.5272727272727273, "field": 0.0}}
{"chain": {"task_index": 3, "source": "policy0", "break_rate": 0.04052734375, "length": 5.0, "internal_edges": 6.0, "redundancy": 2.0, "cut_vertices": 1.0, "logical_degree": 2.0, "coupling_mass": 3.5999999999999996, "contacts": 4.0, "mass_per_contact": 0.8999999999999999, "max_contact_load": 0.8999999999999999, "load_concentration": 1.0, "field": 0.0}}
{"chain": {"task_index": 3, "source": "policy0", "break_rate": 0.0439453125, "length": 2.0, "internal_edges": 1.0, "redundancy": 0.0, "cut_vertices": 0.0, "logical_degree": 0.0, "coupling_mass": 0.0, "contacts": 0.0, "mass_per_contact": 0.0, "max_contact_load": 0.0, "load_concentration": 0.0, "field": 0.0}}
{"chain": {"task_index": 3, "source": "policy0", "break_rate": 0.0, "length": 1.0, "internal_edges": 0.0, "redundancy": 0.0, "cut_vertices": 0.0, "logical_degree": 3.0, "coupling_mass": 2.4000000000000004, "contacts": 4.0, "mass_per_contact": 0.6000000000000001, "max_contact_load": 1.2000000000000002, "load_concentration": 1.565217391304348, "field": 0.0}}
{"chain": {"task_index": 3, "source": "policy0", "break_rate": 0.0, "length": 1.0, "internal_edges": 0.0, "redundancy": 0.0, "cut_vertices": 0.0, "logical_degree": 0.0, "coupling_mass": 0.0, "contacts": 0.0, "mass_per_contact": 0.0, "max_contact_load": 0.0, "load_concentration": 0.0, "field": 0.0}}
{"chain": {"task_index": 3, "source": "policy0", "break_rate": 0.0244140625, "length": 3.0, "internal_edges": 2.0, "redundancy": 0.0, "cut_vertices": 1.0, "logical_degree": 2.0, "coupling_mass": 2.0, "contacts": 7.0, "mass_per_contact": 0.2857142857142857, "max_contact_load": 0.5, "load_concentration": 1.4285714285714286, "field": 0.0}}
{"chain": {"task_index": 3, "source": "policy0", "break_rate": 0.00830078125, "length": 4.0, "internal_edges": 5.0, "redundancy": 2.0, "cut_vertices": 0.0, "logical_degree": 3.0, "coupling_mass": 5.0, "contacts": 5.0, "mass_per_contact": 1.0, "max_contact_load": 1.1, "load_concentration": 1.076086956521739, "field": 0.0}}
{"chain": {"task_index": 3, "source": "policy0", "break_rate": 0.037109375, "length": 2.0, "internal_edges": 1.0, "redundancy": 0.0, "cut_vertices": 0.0, "logical_degree": 2.0, "coupling_mass": 1.9999999999999998, "contacts": 4.0, "mass_per_contact": 0.49999999999999994, "max_contact_load": 0.8999999999999999, "load_concentration": 1.8, "field": 0.0}}
{"chain": {"task_index": 3, "source": "policy0", "break_rate": 0.0419921875, "length": 2.0, "internal_edges": 1.0, "redundancy": 0.0, "cut_vertices": 0.0, "logical_degree": 0.0, "coupling_mass": 0.0, "contacts": 0.0, "mass_per_contact": 0.0, "max_contact_load": 0.0, "load_concentration": 0.0, "field": 0.0}}
{"chain": {"task_index": 3, "source": "policy0", "break_rate": 0.0, "length": 1.0, "internal_edges": 0.0, "redundancy": 0.0, "cut_vertices": 0.0, "logical_degree": 2.0, "coupling_mass": 0.8, "contacts": 2.0, "mass_per_contact": 0.4, "max_contact_load": 0.4, "load_concentration": 1.0, "field": 0.0}}
{"chain": {"task_index": 3, "source": "policy0", "break_rate": 0.013671875, "length": 2.0, "internal_edges": 1.0, "redundancy": 0.0, "cut_vertices": 0.0, "logical_degree": 4.0, "coupling_mass": 8.2, "contacts": 7.0, "mass_per_contact": 1.1714285714285713, "max_contact_load": 2.1, "load_concentration": 1.5412844036697249, "field": 0.0}}
{"chain": {"task_index": 3, "source": "policy0", "break_rate": 0.05078125, "length": 4.0, "internal_edges": 3.0, "redundancy": 0.0, "cut_vertices": 2.0, "logical_degree": 3.0, "coupling_mass": 4.0, "contacts": 4.0, "mass_per_contact": 1.0, "max_contact_load": 1.2000000000000002, "load_concentration": 1.2000000000000002, "field": 0.0}}
{"chain": {"task_index": 3, "source": "policy0", "break_rate": 0.0, "length": 1.0, "internal_edges": 0.0, "redundancy": 0.0, "cut_vertices": 0.0, "logical_degree": 2.0, "coupling_mass": 0.8, "contacts": 3.0, "mass_per_contact": 0.26666666666666666, "max_contact_load": 0.4, "load_concentration": 1.3333333333333333, "field": 0.0}}
{"chain": {"task_index": 3, "source": "policy0", "break_rate": 0.01171875, "length": 3.0, "internal_edges": 2.0, "redundancy": 0.0, "cut_vertices": 1.0, "logical_degree": 6.0, "coupling_mass": 17.8, "contacts": 12.0, "mass_per_contact": 1.4833333333333334, "max_contact_load": 3.9, "load_concentration": 2.045156591405681, "field": 0.0}}
{"chain": {"task_index": 3, "source": "policy0", "break_rate": 0.0, "length": 1.0, "internal_edges": 0.0, "redundancy": 0.0, "cut_vertices": 0.0, "logical_degree": 3.0, "coupling_mass": 3.5999999999999996, "contacts": 4.0, "mass_per_contact": 0.8999999999999999, "max_contact_load": 1.0, "load_concentration": 1.1111111111111112, "field": 0.0}}
{"chain": {"task_index": 3, "source": "policy0", "break_rate": 0.1142578125, "length": 4.0, "internal_edges": 3.0, "redundancy": 0.0, "cut_vertices": 2.0, "logical_degree": 0.0, "coupling_mass": 0.0, "contacts": 0.0, "mass_per_contact": 0.0, "max_contact_load": 0.0, "load_concentration": 0.0, "field": 0.0}}
{"chain": {"task_index": 3, "source": "policy0", "break_rate": 0.0791015625, "length": 3.0, "internal_edges": 2.0, "redundancy": 0.0, "cut_vertices": 1.0, "logical_degree": 0.0, "coupling_mass": 0.0, "contacts": 0.0, "mass_per_contact": 0.0, "max_contact_load": 0.0, "load_concentration": 0.0, "field": 0.0}}
{"chain": {"task_index": 3, "source": "policy0", "break_rate": 0.4052734375, "length": 2.0, "internal_edges": 1.0, "redundancy": 0.0, "cut_vertices": 0.0, "logical_degree": 4.0, "coupling_mass": 6.2, "contacts": 4.0, "mass_per_contact": 1.55, "max_contact_load": 2.1, "load_concentration": 1.3548387096774195, "field": 0.0}}
{"chain": {"task_index": 3, "source": "policy0", "break_rate": 0.0, "length": 1.0, "internal_edges": 0.0, "redundancy": 0.0, "cut_vertices": 0.0, "logical_degree": 3.0, "coupling_mass": 7.0, "contacts": 4.0, "mass_per_contact": 1.75, "max_contact_load": 3.9, "load_concentration": 1.8, "field": 0.0}}
{"chain": {"task_index": 3, "source": "policy0", "break_rate": 0.0, "length": 1.0, "internal_edges": 0.0, "redundancy": 0.0, "cut_vertices": 0.0, "logical_degree": 0.0, "coupling_mass": 0.0, "contacts": 0.0, "mass_per_contact": 0.0, "max_contact_load": 0.0, "load_concentration": 0.0, "field": 0.0}}
{"chain": {"task_index": 3, "source": "policy0", "break_rate": 0.01171875, "length": 2.0, "internal_edges": 1.0, "redundancy": 0.0, "cut_vertices": 0.0, "logical_degree": 2.0, "coupling_mass": 5.0, "contacts": 4.0, "mass_per_contact": 1.25, "max_contact_load": 2.1, "load_concentration": 1.3695652173913042, "field": 0.0}}
{"chain": {"task_index": 3, "source": "policy0", "break_rate": 0.3837890625, "length": 2.0, "internal_edges": 1.0, "redundancy": 0.0, "cut_vertices": 0.0, "logical_degree": 4.0, "coupling_mass": 6.999999999999999, "contacts": 5.0, "mass_per_contact": 1.4, "max_contact_load": 3.9, "load_concentration": 2.328358208955224, "field": 0.0}}
{"chain": {"task_index": 3, "source": "policy0", "break_rate": 0.162109375, "length": 3.0, "internal_edges": 2.0, "redundancy": 0.0, "cut_vertices": 1.0, "logical_degree": 4.0, "coupling_mass": 9.8, "contacts": 7.0, "mass_per_contact": 1.4000000000000001, "max_contact_load": 3.9, "load_concentration": 1.9746835443037973, "field": 0.0}}
{"chain": {"task_index": 3, "source": "policy0", "break_rate": 0.041015625, "length": 2.0, "internal_edges": 1.0, "redundancy": 0.0, "cut_vertices": 0.0, "logical_degree": 2.0, "coupling_mass": 0.8, "contacts": 3.0, "mass_per_contact": 0.26666666666666666, "max_contact_load": 0.4, "load_concentration": 1.3333333333333333, "field": 0.0}}
{"chain": {"task_index": 3, "source": "policy1", "break_rate": 0.08642578125, "length": 5.0, "internal_edges": 4.0, "redundancy": 0.0, "cut_vertices": 3.0, "logical_degree": 2.0, "coupling_mass": 0.8, "contacts": 6.0, "mass_per_contact": 0.13333333333333333, "max_contact_load": 0.4, "load_concentration": 1.6666666666666665, "field": 0.0}}
{"chain": {"task_index": 3, "source": "policy1", "break_rate": 0.11083984375, "length": 11.0, "internal_edges": 18.0, "redundancy": 8.0, "cut_vertices": 2.0, "logical_degree": 4.0, "coupling_mass": 9.0, "contacts": 19.0, "mass_per_contact": 0.47368421052631576, "max_contact_load": 1.0333333333333334, "load_concentration": 2.003231017770598, "field": 0.0}}
{"chain": {"task_index": 3, "source": "policy1", "break_rate": 0.0, "length": 1.0, "internal_edges": 0.0, "redundancy": 0.0, "cut_vertices": 0.0, "logical_degree": 2.0, "coupling_mass": 4.0, "contacts": 2.0, "mass_per_contact": 2.0, "max_contact_load": 2.0, "load_concentration": 1.0, "field": 0.0}}
{"chain": {"task_index": 3, "source": "policy1", "break_rate": 0.2705078125, "length": 3.0, "internal_edges": 2.0, "redundancy": 0.0, "cut_vertices": 1.0, "logical_degree": 2.0, "coupling_mass": 5.8, "contacts": 2.0, "mass_per_contact": 2.9, "max_contact_load": 2.9, "load_concentration": 1.0, "field": 0.0}}
{"chain": {"task_index": 3, "source": "policy1", "break_rate": 0.43701171875, "length": 3.0, "internal_edges": 2.0, "redundancy": 0.0, "cut_vertices": 1.0, "logical_degree": 5.0, "coupling_mass": 11.2, "contacts": 9.0, "mass_per_contact": 1.2444444444444445, "max_contact_load": 3.3, "load_concentration": 2.133620689655172, "field": 0.0}}
{"chain": {"task_index": 3, "source": "policy1", "break_rate": 0.0, "length": 1.0, "internal_edges": 0.0, "redundancy": 0.0, "cut_vertices": 0.0, "logical_degree": 2.0, "coupling_mass": 3.5999999999999996, "contacts": 3.0, "mass_per_contact": 1.2, "max_contact_load": 1.7999999999999998, "load_concentration": 1.3333333333333333, "field": 0.0}}
{"chain": {"task_index": 3, "source": "policy1", "break_rate": 0.07177734375, "length": 4.0, "internal_edges": 3.0, "redundancy": 0.0, "cut_vertices": 2.0, "logical_degree": 0.0, "coupling_mass": 0.0, "contacts": 0.0, "mass_per_contact": 0.0, "max_contact_load": 0.0, "load_concentration": 0.0, "field": 0.0}}
{"chain": {"task_index": 3, "source": "policy1", "break_rate": 0.0, "length": 1.0, "internal_edges": 0.0, "redundancy": 0.0, "cut_vertices": 0.0, "logical_degree": 3.0, "coupling_mass": 2.4000000000000004, "contacts": 3.0, "mass_per_contact": 0.8000000000000002, "max_contact_load": 1.2000000000000002, "load_concentration": 1.5, "field": 0.0}}
{"chain": {"task_index": 3, "source": "policy1", "break_rate": 0.025390625, "length": 2.0, "internal_edges": 1.0, "redundancy": 0.0, "cut_vertices": 0.0, "logical_degree": 0.0, "coupling_mass": 0.0, "contacts": 0.0, "mass_per_contact": 0.0, "max_contact_load": 0.0, "load_concentration": 0.0, "field": 0.0}}
{"chain": {"task_index": 3, "source": "policy1", "break_rate": 0.0, "length": 1.0, "internal_edges": 0.0, "redundancy": 0.0, "cut_vertices": 0.0, "logical_degree": 2.0, "coupling_mass": 2.0, "contacts": 6.0, "mass_per_contact": 0.3333333333333333, "max_contact_load": 0.5, "load_concentration": 1.3333333333333333, "field": 0.0}}
{"chain": {"task_index": 3, "source": "policy1", "break_rate": 0.45849609375, "length": 5.0, "internal_edges": 4.0, "redundancy": 0.0, "cut_vertices": 3.0, "logical_degree": 3.0, "coupling_mass": 5.0, "contacts": 5.0, "mass_per_contact": 1.0, "max_contact_load": 2.9, "load_concentration": 2.0390625, "field": 0.0}}
{"chain": {"task_index": 3, "source": "policy1", "break_rate": 0.10888671875, "length": 9.0, "internal_edges": 10.0, "redundancy": 2.0, "cut_vertices": 4.0, "logical_degree": 2.0, "coupling_mass": 1.9999999999999998, "contacts": 2.0, "mass_per_contact": 0.9999999999999999, "max_contact_load": 1.7999999999999998, "load_concentration": 1.8, "field": 0.0}}
{"chain": {"task_index": 3, "source": "policy1", "break_rate": 0.07763671875, "length": 9.0, "internal_edges": 10.0, "redundancy": 2.0, "cut_vertices": 3.0, "logical_degree": 0.0, "coupling_mass": 0.0, "contacts": 0.0, "mass_per_contact": 0.0, "max_contact_load": 0.0, "load_concentration": 0.0, "field": 0.0}}
{"chain": {"task_index": 3, "source": "policy1", "break_rate": 0.0, "length": 1.0, "internal_edges": 0.0, "redundancy": 0.0, "cut_vertices": 0.0, "logical_degree": 2.0, "coupling_mass": 0.8, "contacts": 2.0, "mass_per_contact": 0.4, "max_contact_load": 0.4, "load_concentration": 1.0, "field": 0.0}}
{"chain": {"task_index": 3, "source": "policy1", "break_rate": 0.0, "length": 1.0, "internal_edges": 0.0, "redundancy": 0.0, "cut_vertices": 0.0, "logical_degree": 4.0, "coupling_mass": 8.2, "contacts": 4.0, "mass_per_contact": 2.05, "max_contact_load": 3.0999999999999996, "load_concentration": 1.5121951219512195, "field": 0.0}}
{"chain": {"task_index": 3, "source": "policy1", "break_rate": 0.013671875, "length": 2.0, "internal_edges": 1.0, "redundancy": 0.0, "cut_vertices": 0.0, "logical_degree": 3.0, "coupling_mass": 4.0, "contacts": 6.0, "mass_per_contact": 0.6666666666666666, "max_contact_load": 2.0, "load_concentration": 1.764705882352941, "field": 0.0}}
{"chain": {"task_index": 3, "source": "policy1", "break_rate": 0.0009765625, "length": 4.0, "internal_edges": 5.0, "redundancy": 2.0, "cut_vertices": 0.0, "logical_degree": 2.0, "coupling_mass": 0.8, "contacts": 4.0, "mass_per_contact": 0.2, "max_contact_load": 0.4, "load_concentration": 1.5, "field": 0.0}}
{"chain": {"task_index": 3, "source": "policy1", "break_rate": 0.0, "length": 2.0, "internal_edges": 1.0, "redundancy": 0.0, "cut_vertices": 0.0, "logical_degree": 6.0, "coupling_mass": 17.8, "contacts": 15.0, "mass_per_contact": 1.1866666666666668, "max_contact_load": 3.3, "load_concentration": 1.6673684210526314, "field": 0.0}}
{"chain": {"task_index": 3, "source": "policy1", "break_rate": 0.095703125, "length": 6.0, "internal_edges": 7.0, "redundancy": 2.0, "cut_vertices": 2.0, "logical_degree": 3.0, "coupling_mass": 3.5999999999999996, "contacts": 7.0, "mass_per_contact": 0.5142857142857142, "max_contact_load": 1.0, "load_concentration": 1.4285714285714284, "field": 0.0}}
{"chain": {"task_index": 3, "source": "policy1", "break_rate": 0.02880859375, "length": 2.0, "internal_edges": 1.0, "redundancy": 0.0, "cut_vertices": 0.0, "logical_degree": 0.0, "coupling_mass": 0.0, "contacts": 0.0, "mass_per_contact": 0.0, "max_contact_load": 0.0, "load_concentration": 0.0, "field": 0.0}}
{"chain": {"task_index": 3, "source": "policy1", "break_rate": 0.0244140625, "length": 2.0, "internal_edges": 1.0, "redundancy": 0.0, "cut_vertices": 0.0, "logical_degree": 0.0, "coupling_mass": 0.0, "contacts": 0.0, "mass_per_contact": 0.0, "max_contact_load": 0.0, "load_concentration": 0.0, "field": 0.0}}
{"chain": {"task_index": 3, "source": "policy1", "break_rate": 0.02685546875, "length": 2.0, "internal_edges": 1.0, "redundancy": 0.0, "cut_vertices": 0.0, "logical_degree": 4.0, "coupling_mass": 6.2, "contacts": 7.0, "mass_per_contact": 0.8857142857142858, "max_contact_load": 2.0, "load_concentration": 1.811320754716981, "field": 0.0}}
{"chain": {"task_index": 3, "source": "policy1", "break_rate": 0.021484375, "length": 6.0, "internal_edges": 6.0, "redundancy": 1.0, "cut_vertices": 1.0, "logical_degree": 3.0, "coupling_mass": 7.0, "contacts": 9.0, "mass_per_contact": 0.7777777777777778, "max_contact_load": 0.975, "load_concentration": 1.3448275862068966, "field": 0.0}}
{"chain": {"task_index": 3, "source": "policy1", "break_rate": 0.076171875, "length": 4.0, "internal_edges": 3.0, "redundancy": 0.0, "cut_vertices": 1.0, "logical_degree": 0.0, "coupling_mass": 0.0, "contacts": 0.0, "mass_per_contact": 0.0, "max_contact_load": 0.0, "load_concentration": 0.0, "field": 0.0}}
{"chain": {"task_index": 3, "source": "policy1", "break_rate": 0.0732421875, "length": 3.0, "internal_edges": 2.0, "redundancy": 0.0, "cut_vertices": 1.0, "logical_degree": 2.0, "coupling_mass": 5.0, "contacts": 3.0, "mass_per_contact": 1.6666666666666667, "max_contact_load": 2.9, "load_concentration": 1.4683544303797467, "field": 0.0}}
{"chain": {"task_index": 3, "source": "policy1", "break_rate": 0.0009765625, "length": 2.0, "internal_edges": 1.0, "redundancy": 0.0, "cut_vertices": 0.0, "logical_degree": 4.0, "coupling_mass": 6.999999999999999, "contacts": 5.0, "mass_per_contact": 1.4, "max_contact_load": 1.95, "load_concentration": 1.5445544554455446, "field": 0.0}}
{"chain": {"task_index": 3, "source": "policy1", "break_rate": 0.02880859375, "length": 3.0, "internal_edges": 2.0, "redundancy": 0.0, "cut_vertices": 1.0, "logical_degree": 4.0, "coupling_mass": 9.8, "contacts": 9.0, "mass_per_contact": 1.088888888888889, "max_contact_load": 2.7, "load_concentration": 1.6047548291233287, "field": 0.0}}
{"chain": {"task_index": 3, "source": "policy1", "break_rate": 0.0625, "length": 4.0, "internal_edges": 3.0, "redundancy": 0.0, "cut_vertices": 2.0, "logical_degree": 2.0, "coupling_mass": 0.8, "contacts": 8.0, "mass_per_contact": 0.1, "max_contact_load": 0.13333333333333333, "load_concentration": 1.25, "field": 0.0}}
{"chain": {"task_index": 3, "source": "minorminer", "break_rate": 0.0, "length": 1.0, "internal_edges": 0.0, "redundancy": 0.0, "cut_vertices": 0.0, "logical_degree": 2.0, "coupling_mass": 0.8, "contacts": 2.0, "mass_per_contact": 0.4, "max_contact_load": 0.4, "load_concentration": 1.0, "field": 0.0}}
{"chain": {"task_index": 3, "source": "minorminer", "break_rate": 0.0, "length": 1.0, "internal_edges": 0.0, "redundancy": 0.0, "cut_vertices": 0.0, "logical_degree": 4.0, "coupling_mass": 9.0, "contacts": 5.0, "mass_per_contact": 1.8, "max_contact_load": 3.5, "load_concentration": 1.686746987951807, "field": 0.0}}
{"chain": {"task_index": 3, "source": "minorminer", "break_rate": 0.0, "length": 1.0, "internal_edges": 0.0, "redundancy": 0.0, "cut_vertices": 0.0, "logical_degree": 2.0, "coupling_mass": 4.0, "contacts": 2.0, "mass_per_contact": 2.0, "max_contact_load": 2.0, "load_concentration": 1.0, "field": 0.0}}
{"chain": {"task_index": 3, "source": "minorminer", "break_rate": 0.0, "length": 1.0, "internal_edges": 0.0, "redundancy": 0.0, "cut_vertices": 0.0, "logical_degree": 2.0, "coupling_mass": 5.8, "contacts": 2.0, "mass_per_contact": 2.9, "max_contact_load": 2.9, "load_concentration": 1.0, "field": 0.0}}
{"chain": {"task_index": 3, "source": "minorminer", "break_rate": 0.0, "length": 1.0, "internal_edges": 0.0, "redundancy": 0.0, "cut_vertices": 0.0, "logical_degree": 5.0, "coupling_mass": 11.2, "contacts": 5.0, "mass_per_contact": 2.2399999999999998, "max_contact_load": 3.3, "load_concentration": 1.4732142857142858, "field": 0.0}}
{"chain": {"task_index": 3, "source": "minorminer", "break_rate": 0.0, "length": 1.0, "internal_edges": 0.0, "redundancy": 0.0, "cut_vertices": 0.0, "logical_degree": 2.0, "coupling_mass": 3.5999999999999996, "contacts": 2.0, "mass_per_contact": 1.7999999999999998, "max_contact_load": 1.7999999999999998, "load_concentration": 1.0, "field": 0.0}}
{"chain": {"task_index": 3, "source": "minorminer", "break_rate": 0.0, "length": 1.0, "internal_edges": 0.0, "redundancy": 0.0, "cut_vertices": 0.0, "logical_degree": 0.0, "coupling_mass": 0.0, "contacts": 0.0, "mass_per_contact": 0.0, "max_contact_load": 0.0, "load_concentration": 0.0, "field": 0.0}}
{"chain": {"task_index": 3, "source": "minorminer", "break_rate": 0.0, "length": 1.0, "internal_edges": 0.0, "redundancy": 0.0, "cut_vertices": 0.0, "logical_degree": 3.0, "coupling_mass": 2.4000000000000004, "contacts": 3.0, "mass_per_contact": 0.8000000000000002, "max_contact_load": 1.2000000000000002, "load_concentration": 1.5, "field": 0.0}}
{"chain": {"task_index": 3, "source": "minorminer", "break_rate": 0.0, "length": 1.0, "internal_edges": 0.0, "redundancy": 0.0, "cut_vertices": 0.0, "logical_degree": 0.0, "coupling_mass": 0.0, "contacts": 0.0, "mass_per_contact": 0.0, "max_contact_load": 0.0, "load_concentration": 0.0, "field": 0.0}}
{"chain": {"task_index": 3, "source": "minorminer", "break_rate": 0.0, "length": 1.0, "internal_edges": 0.0, "redundancy": 0.0, "cut_vertices": 0.0, "logical_degree": 2.0, "coupling_mass": 2.0, "contacts": 2.0, "mass_per_contact": 1.0, "max_contact_load": 1.0, "load_concentration": 1.0, "field": 0.0}}
{"chain": {"task_index": 3, "source": "minorminer", "break_rate": 0.0, "length": 1.0, "internal_edges": 0.0, "redundancy": 0.0, "cut_vertices": 0.0, "logical_degree": 3.0, "coupling_mass": 5.0, "contacts": 3.0, "mass_per_contact": 1.6666666666666667, "max_contact_load": 2.9, "load_concentration": 1.7399999999999998, "field": 0.0}}
{"chain": {"task_index": 3, "source": "minorminer", "break_rate": 0.0, "length": 1.0, "internal_edges": 0.0, "redundancy": 0.0, "cut_vertices": 0.0, "logical_degree": 2.0, "coupling_mass": 1.9999999999999998, "contacts": 2.0, "mass_per_contact": 0.9999999999999999, "max_contact_load": 1.7999999999999998, "load_concentration": 1.8, "field": 0.0}}
{"chain": {"task_index": 3, "source": "minorminer", "break_rate": 0.0, "length": 1.0, "internal_edges": 0.0, "redundancy": 0.0, "cut_vertices": 0.0, "logical_degree": 0.0, "coupling_mass": 0.0, "contacts": 0.0, "mass_per_contact": 0.0, "max_contact_load": 0.0, "load_concentration": 0.0, "field": 0.0}}
{"chain": {"task_index": 3, "source": "minorminer", "break_rate": 0.0, "length": 1.0, "internal_edges": 0.0, "redundancy": 0.0, "cut_vertices": 0.0, "logical_degree": 2.0, "coupling_mass": 0.8, "contacts": 2.0, "mass_per_contact": 0.4, "max_contact_load": 0.4, "load_concentration": 1.0, "field": 0.0}}
{"chain": {"task_index": 3, "source": "minorminer", "break_rate": 0.0, "length": 1.0, "internal_edges": 0.0, "redundancy": 0.0, "cut_vertices": 0.0, "logical_degree": 4.0, "coupling_mass": 8.2, "contacts": 4.0, "mass_per_contact": 2.05, "max_contact_load": 3.0999999999999996, "load_concentration": 1.5121951219512195, "field": 0.0}}
{"chain": {"task_index": 3, "source": "minorminer", "break_rate": 0.1298828125, "length": 2.0, "internal_edges": 1.0, "redundancy": 0.0, "cut_vertices": 0.0, "logical_degree": 3.0, "coupling_mass": 4.0, "contacts": 3.0, "mass_per_contact": 1.3333333333333333, "max_contact_load": 2.0, "load_concentration": 1.5, "field": 0.0}}
{"chain": {"task_index": 3, "source": "minorminer", "break_rate": 0.0, "length": 1.0, "internal_edges": 0.0, "redundancy": 0.0, "cut_vertices": 0.0, "logical_degree": 2.0, "coupling_mass": 0.8, "contacts": 2.0, "mass_per_contact": 0.4, "max_contact_load": 0.4, "load_concentration": 1.0, "field": 0.0}}
{"chain": {"task_index": 3, "source": "minorminer", "break_rate": 0.0, "length": 1.0, "internal_edges": 0.0, "redundancy": 0.0, "cut_vertices": 0.0, "logical_degree": 6.0, "coupling_mass": 17.8, "contacts": 6.0, "mass_per_contact": 2.966666666666667, "max_contact_load": 3.9, "load_concentration": 1.3146067415730336, "field": 0.0}}
{"chain": {"task_index": 3, "source": "minorminer", "break_rate": 0.0, "length": 1.0, "internal_edges": 0.0, "redundancy": 0.0, "cut_vertices": 0.0, "logical_degree": 3.0, "coupling_mass": 3.5999999999999996, "contacts": 3.0, "mass_per_contact": 1.2, "max_contact_load": 1.7999999999999998, "load_concentration": 1.5, "field": 0.0}}
{"chain": {"task_index": 3, "source": "minorminer", "break_rate": 0.0, "length": 1.0, "internal_edges": 0.0, "redundancy": 0.0, "cut_vertices": 0.0, "logical_degree": 0.0, "coupling_mass": 0.0, "contacts": 0.0, "mass_per_contact": 0.0, "max_contact_load": 0.0, "load_concentration": 0.0, "field": 0.0}}
{"chain": {"task_index": 3, "source": "minorminer", "break_rate": 0.0, "length": 1.0, "internal_edges": 0.0, "redundancy": 0.0, "cut_vertices": 0.0, "logical_degree": 0.0, "coupling_mass": 0.0, "contacts": 0.0, "mass_per_contact": 0.0, "max_contact_load": 0.0, "load_concentration": 0.0, "field": 0.0}}
{"chain": {"task_index": 3, "source": "minorminer", "break_rate": 0.01953125, "length": 2.0, "internal_edges": 1.0, "redundancy": 0.0, "cut_vertices": 0.0, "logical_degree": 4.0, "coupling_mass": 6.2, "contacts": 4.0, "mass_per_contact": 1.55, "max_contact_load": 2.1, "load_concentration": 1.3548387096774195, "field": 0.0}}
{"chain": {"task_index": 3, "source": "minorminer", "break_rate": 0.0, "length": 1.0, "internal_edges": 0.0, "redundancy": 0.0, "cut_vertices": 0.0, "logical_degree": 3.0, "coupling_mass": 7.0, "contacts": 3.0, "mass_per_contact": 2.3333333333333335, "max_contact_load": 3.9, "load_concentration": 1.6714285714285713, "field": 0.0}}
{"chain": {"task_index": 3, "source": "minorminer", "break_rate": 0.0, "length": 1.0, "internal_edges": 0.0, "redundancy": 0.0, "cut_vertices": 0.0, "logical_degree": 0.0, "coupling_mass": 0.0, "contacts": 0.0, "mass_per_contact": 0.0, "max_contact_load": 0.0, "load_concentration": 0.0, "field": 0.0}}
{"chain": {"task_index": 3, "source": "minorminer", "break_rate": 0.0, "length": 1.0, "internal_edges": 0.0, "redundancy": 0.0, "cut_vertices": 0.0, "logical_degree": 2.0, "coupling_mass": 5.0, "contacts": 2.0, "mass_per_contact": 2.5, "max_contact_load": 2.9, "load_concentration": 1.16, "field": 0.0}}
{"chain": {"task_index": 3, "source": "minorminer", "break_rate": 0.0, "length": 1.0, "internal_edges": 0.0, "redundancy": 0.0, "cut_vertices": 0.0, "logical_degree": 4.0, "coupling_mass": 6.999999999999999, "contacts": 4.0, "mass_per_contact": 1.7499999999999998, "max_contact_load": 3.9, "load_concentration": 2.2285714285714286, "field": 0.0}}
{"chain": {"task_index": 3, "source": "minorminer", "break_rate": 0.1181640625, "length": 2.0, "internal_edges": 1.0, "redundancy": 0.0, "cut_vertices": 0.0, "logical_degree": 4.0, "coupling_mass": 9.8, "contacts": 5.0, "mass_per_contact": 1.9600000000000002, "max_contact_load": 3.9, "load_concentration": 1.7142857142857144, "field": 0.0}}
{"chain": {"task_index": 3, "source": "minorminer", "break_rate": 0.0, "length": 1.0, "internal_edges": 0.0, "redundancy": 0.0, "cut_vertices": 0.0, "logical_degree": 2.0, "coupling_mass": 0.8, "contacts": 2.0, "mass_per_contact": 0.4, "max_contact_load": 0.4, "load_concentration": 1.0, "field": 0.0}}
{"chain": {"task_index": 4, "source": "policy0", "break_rate": 0.017578125, "length": 2.0, "internal_edges": 1.0, "redundancy": 0.0, "cut_vertices": 0.0, "logical_degree": 2.0, "coupling_mass": 5.0, "contacts": 4.0, "mass_per_contact": 1.25, "max_contact_load": 2.5, "load_concentration": 1.5, "field": 0.0}}
{"chain": {"task_index": 4, "source": "policy0", "break_rate": 0.0, "length": 1.0, "internal_edges": 0.0, "redundancy": 0.0, "cut_vertices": 0.0, "logical_degree": 0.0, "coupling_mass": 0.0, "contacts": 0.0, "mass_per_contact": 0.0, "max_contact_load": 0.0, "load_concentration": 0.0, "field": 0.0}}
{"chain": {"task_index": 4, "source": "policy0", "break_rate": 0.005859375, "length": 2.0, "internal_edges": 1.0, "redundancy": 0.0, "cut_vertices": 0.0, "logical_degree": 3.0, "coupling_mass": 7.0, "contacts": 6.0, "mass_per_contact": 1.1666666666666667, "max_contact_load": 1.75, "load_concentration": 1.4651162790697674, "field": 0.0}}
{"chain": {"task_index": 4, "source": "policy0", "break_rate": 0.005859375, "length": 4.0, "internal_edges": 4.0, "redundancy": 1.0, "cut_vertices": 0.0, "logical_degree": 2.0, "coupling_mass": 0.8, "contacts": 8.0, "mass_per_contact": 0.1, "max_contact_load": 0.4, "load_concentration": 1.75, "field": 0.0}}
{"chain": {"task_index": 4, "source": "policy0", "break_rate": 0.0, "length": 1.0, "internal_edges": 0.0, "redundancy": 0.0, "cut_vertices": 0.0, "logical_degree": 5.0, "coupling_mass": 9.8, "contacts": 7.0, "mass_per_contact": 1.4000000000000001, "max_contact_load": 3.9, "load_concentration": 2.199248120300752, "field": 0.0}}
{"chain": {"task_index": 4, "source": "policy0", "break_rate": 0.0, "length": 1.0, "internal_edges": 0.0, "redundancy": 0.0, "cut_vertices": 0.0, "logical_degree": 0.0, "coupling_mass": 0.0, "contacts": 0.0, "mass_per_contact": 0.0, "max_contact_load": 0.0, "load_concentration": 0.0, "field": 0.0}}
{"chain": {"task_index": 4, "source": "policy0", "break_rate": 0.17529296875, "length": 3.0, "internal_edges": 2.0, "redundancy": 0.0, "cut_vertices": 1.0, "logical_degree": 4.0, "coupling_mass": 10.0, "contacts": 5.0, "mass_per_contact": 2.0, "max_contact_load": 3.5, "load_concentration": 1.696969696969697, "field": 0.0}}
{"chain": {"task_index": 4, "source": "policy0", "break_rate": 0.025390625, "length": 3.0, "internal_edges": 2.0, "redundancy": 0.0, "cut_vertices": 1.0, "logical_degree": 4.0, "coupling_mass": 7.6, "contacts": 7.0, "mass_per_contact": 1.0857142857142856, "max_contact_load": 1.5999999999999999, "load_concentration": 1.5483870967741935, "field": 0.0}}
{"chain": {"task_index": 4, "source": "policy0", "break_rate": 0.0, "length": 1.0, "internal_edges": 0.0, "redundancy": 0.0, "cut_vertices": 0.0, "logical_degree": 2.0, "coupling_mass": 2.0, "contacts": 2.0, "mass_per_contact": 1.0, "max_contact_load": 1.0, "load_concentration": 1.0, "field": 0.0}}
{"chain": {"task_index": 4, "source": "policy0", "break_rate": 0.0322265625, "length": 4.0, "internal_edges": 3.0, "redundancy": 0.0, "cut_vertices": 2.0, "logical_degree": 5.0, "coupling_mass": 7.8, "contacts": 12.0, "mass_per_contact": 0.65, "max_contact_load": 3.5, "load_concentration": 3.2110091743119265, "field": 0.0}}
{"chain": {"task_index": 4, "source": "policy0", "break_rate": 0.052734375, "length": 3.0, "internal_edges": 2.0, "redundancy": 0.0, "cut_vertices": 1.0, "logical_degree": 2.0, "coupling_mass": 2.0, "contacts": 3.0, "mass_per_contact": 0.6666666666666666, "max_contact_load": 1.0, "load_concentration": 1.3333333333333333, "field": 0.0}}
{"chain": {"task_index": 4, "source": "policy0", "break_rate": 0.0, "length": 1.0, "internal_edges": 0.0, "redundancy": 0.0, "cut_vertices": 0.0, "logical_degree": 0.0, "coupling_mass": 0.0, "contacts": 0.0, "mass_per_contact": 0.0, "max_contact_load": 0.0, "load_concentration": 0.0, "field": 0.0}}
{"chain": {"task_index": 4, "source": "policy0", "break_rate": 0.06884765625, "length": 6.0, "internal_edges": 5.0, "redundancy": 0.0, "cut_vertices": 3.0, "logical_degree": 4.0, "coupling_mass": 7.800000000000001, "contacts": 8.0, "mass_per_contact": 0.9750000000000001, "max_contact_load": 3.5, "load_concentration": 2.8, "field": 0.0}}
{"chain": {"task_index": 4, "source": "policy0", "break_rate": 0.146484375, "length": 4.0, "internal_edges": 3.0, "redundancy": 0.0, "cut_vertices": 2.0, "logical_degree": 2.0, "coupling_mass": 7.0, "contacts": 2.0, "mass_per_contact": 3.5, "max_contact_load": 3.5, "load_concentration": 1.0, "field": 0.0}}
{"chain": {"task_index": 4, "source": "policy0", "break_rate": 0.02001953125, "length": 3.0, "internal_edges": 2.0, "redundancy": 0.0, "cut_vertices": 1.0, "logical_degree": 2.0, "coupling_mass": 3.5999999999999996, "contacts": 4.0, "mass_per_contact": 0.8999999999999999, "max_contact_load": 0.9333333333333332, "load_concentration": 1.0769230769230769, "field": 0.0}}
{"chain": {"task_index": 4, "source": "policy0", "break_rate": 0.08154296875, "length": 4.0, "internal_edges": 3.0, "redundancy": 0.0, "cut_vertices": 2.0, "logical_degree": 4.0, "coupling_mass": 9.8, "contacts": 9.0, "mass_per_contact": 1.088888888888889, "max_contact_load": 3.5, "load_concentration": 1.8142548596112311, "field": 0.0}}
{"chain": {"task_index": 4, "source": "policy0", "break_rate": 0.0, "length": 1.0, "internal_edges": 0.0, "redundancy": 0.0, "cut_vertices": 0.0, "logical_degree": 5.0, "coupling_mass": 7.3999999999999995, "contacts": 5.0, "mass_per_contact": 1.48, "max_contact_load": 2.1999999999999997, "load_concentration": 1.4864864864864864, "field": 0.0}}
{"chain": {"task_index": 4, "source": "policy0", "break_rate": 0.09765625, "length": 5.0, "internal_edges": 4.0, "redundancy": 0.0, "cut_vertices": 2.0, "logical_degree": 3.0, "coupling_mass": 5.6, "contacts": 3.0, "mass_per_contact": 1.8666666666666665, "max_contact_load": 3.1999999999999997, "load_concentration": 1.7142857142857144, "field": 0.0}}
{"chain": {"task_index": 4, "source": "policy0", "break_rate": 0.0, "length": 1.0, "internal_edges": 0.0, "redundancy": 0.0, "cut_vertices": 0.0, "logical_degree": 3.0, "coupling_mass": 7.0, "contacts": 3.0, "mass_per_contact": 2.3333333333333335, "max_contact_load": 3.5, "load_concentration": 1.5, "field": 0.0}}
{"chain": {"task_index": 4, "source": "policy0", "break_rate": 0.09326171875, "length": 2.0, "internal_edges": 1.0, "redundancy": 0.0, "cut_vertices": 0.0, "logical_degree": 2.0, "coupling_mass": 2.8, "contacts": 2.0, "mass_per_contact": 1.4, "max_contact_load": 1.4, "load_concentration": 1.0, "field": 0.0}}
{"chain": {"task_index": 4, "source": "policy0", "break_rate": 0.43115234375, "length": 9.0, "internal_edges": 8.0, "redundancy": 0.0, "cut_vertices": 5.0, "logical_degree": 2.0, "coupling_mass": 5.0, "contacts": 3.0, "mass_per_contact": 1.6666666666666667, "max_contact_load": 3.5, "load_concentration": 1.6470588235294117, "field": 0.0}}
{"chain": {"task_index": 4, "source": "policy0", "break_rate": 0.0, "length": 1.0, "internal_edges": 0.0, "redundancy": 0.0, "cut_vertices": 0.0, "logical_degree": 0.0, "coupling_mass": 0.0, "contacts": 0.0, "mass_per_contact": 0.0, "max_contact_load": 0.0, "load_concentration": 0.0, "field": 0.0}}
{"chain": {"task_index": 4, "source": "policy0", "break_rate": 0.11962890625, "length": 4.0, "internal_edges": 3.0, "redundancy": 0.0, "cut_vertices": 1.0, "logical_degree": 5.0, "coupling_mass": 7.800000000000001, "contacts": 5.0, "mass_per_contact": 1.56, "max_contact_load": 3.5, "load_concentration": 2.2435897435897436, "field": 0.0}}
{"chain": {"task_index": 4, "source": "policy0", "break_rate": 0.0185546875, "length": 2.0, "internal_edges": 1.0, "redundancy": 0.0, "cut_vertices": 0.0, "logical_degree": 3.0, "coupling_mass": 2.0, "contacts": 6.0, "mass_per_contact": 0.3333333333333333, "max_contact_load": 0.5, "load_concentration": 1.3636363636363635, "field": 0.0}}
{"chain": {"task_index": 4, "source": "policy0", "break_rate": 0.341796875, "length": 6.0, "internal_edges": 5.0, "redundancy": 0.0, "cut_vertices": 3.0, "logical_degree": 4.0, "coupling_mass": 9.8, "contacts": 5.0, "mass_per_contact": 1.9600000000000002, "max_contact_load": 3.9, "load_concentration": 1.9378881987577639, "field": 0.0}}
{"chain": {"task_index": 4, "source": "policy0", "break_rate": 0.0, "length": 1.0, "internal_edges": 0.0, "redundancy": 0.0, "cut_vertices": 0.0, "logical_degree": 0.0, "coupling_mass": 0.0, "contacts": 0.0, "mass_per_contact": 0.0, "max_contact_load": 0.0, "load_concentration": 0.0, "field": 0.0}}
{"chain": {"task_index": 4, "source": "policy0", "break_rate": 0.0, "length": 1.0, "internal_edges": 0.0, "redundancy": 0.0, "cut_vertices": 0.0, "logical_degree": 4.0, "coupling_mass": 5.6, "contacts": 4.0, "mass_per_contact": 1.4, "max_contact_load": 2.0, "load_concentration": 1.4285714285714286, "field": 0.0}}
{"chain": {"task_index": 4, "source": "policy0", "break_rate": 0.05029296875, "length": 6.0, "internal_edges": 5.0, "redundancy": 0.0, "cut_vertices": 3.0, "logical_degree": 3.0, "coupling_mass": 8.399999999999999, "contacts": 4.0, "mass_per_contact": 2.0999999999999996, "max_contact_load": 3.1999999999999997, "load_concentration": 1.4117647058823528, "field": 0.0}}
{"chain": {"task_index": 4, "source": "policy0", "break_rate": 0.9404296875, "length": 4.0, "internal_edges": 3.0, "redundancy": 0.0, "cut_vertices": 2.0, "logical_degree": 3.0, "coupling_mass": 7.800000000000001, "contacts": 5.0, "mass_per_contact": 1.56, "max_contact_load": 3.9, "load_concentration": 1.5530973451327434, "field": 0.0}}
{"chain": {"task_index": 4, "source": "policy0", "break_rate": 0.07177734375, "length": 3.0, "internal_edges": 2.0, "redundancy": 0.0, "cut_vertices": 1.0, "logical_degree": 6.0, "coupling_mass": 12.6, "contacts": 8.0, "mass_per_contact": 1.575, "max_contact_load": 3.9, "load_concentration": 2.005714285714286, "field": 0.0}}
{"chain": {"task_index": 4, "source": "policy0", "break_rate": 0.3447265625, "length": 2.0, "internal_edges": 1.0, "redundancy": 0.0, "cut_vertices": 0.0, "logical_degree": 5.0, "coupling_mass": 12.0, "contacts": 5.0, "mass_per_contact": 2.4, "max_contact_load": 3.5, "load_concentration": 1.4583333333333335, "field": 0.0}}
{"chain": {"task_index": 4, "source": "policy0", "break_rate": 0.13037109375, "length": 6.0, "internal_edges": 5.0, "redundancy": 0.0, "cut_vertices": 3.0, "logical_degree": 2.0, "coupling_mass": 5.0, "contacts": 4.0, "mass_per_contact": 1.25, "max_contact_load": 1.75, "load_concentration": 1.4, "field": 0.0}}
{"chain": {"task_index": 4, "source": "policy0", "break_rate": 0.2412109375, "length": 11.0, "internal_edges": 10.0, "redundancy": 0.0, "cut_vertices": 7.0, "logical_degree": 5.0, "coupling_mass": 10.6, "contacts": 17.0, "mass_per_contact": 0.6235294117647059, "max_contact_load": 2.5, "load_concentration": 2.041213063763608, "field": 0.0}}
{"chain": {"task_index": 4, "source": "policy0", "break_rate": 0.005859375, "length": 3.0, "internal_edges": 3.0, "redundancy": 1.0, "cut_vertices": 0.0, "logical_degree": 4.0, "coupling_mass": 7.0, "contacts": 8.0, "mass_per_contact": 0.875, "max_contact_load": 3.5, "load_concentration": 2.6582278481012658, "field": 0.0}}
{"chain": {"task_index": 4, "source": "policy1", "break_rate": 0.0673828125, "length": 3.0, "internal_edges": 2.0, "redundancy": 0.0, "cut_vertices": 1.0, "logical_degree": 2.0, "coupling_mass": 5.0, "contacts": 3.0, "mass_per_contact": 1.6666666666666667, "max_contact_load": 2.5, "load_concentration": 1.3333333333333333, "field": 0.0}}
{"chain": {"task_index": 4, "source": "policy1", "break_rate": 0.0, "length": 1.0, "internal_edges": 0.0, "redundancy": 0.0, "cut_vertices": 0.0, "logical_degree": 0.0, "coupling_mass": 0.0, "contacts": 0.0, "mass_per_contact": 0.0, "max_contact_load": 0.0, "load_concentration": 0.0, "field": 0.0}}
{"chain": {"task_index": 4, "source": "policy1", "break_rate": 0.10498046875, "length": 5.0, "internal_edges": 4.0, "redundancy": 0.0, "cut_vertices": 2.0, "logical_degree": 3.0, "coupling_mass": 7.0, "contacts": 5.0, "mass_per_contact": 1.4, "max_contact_load": 1.75, "load_concentration": 1.3125, "field": 0.0}}
{"chain": {"task_index": 4, "source": "policy1", "break_rate": 0.10205078125, "length": 5.0, "internal_edges": 4.0, "redundancy": 0.0, "cut_vertices": 2.0, "logical_degree": 2.0, "coupling_mass": 0.8, "contacts": 8.0, "mass_per_contact": 0.1, "max_contact_load": 0.13333333333333333, "load_concentration": 1.25, "field": 0.0}}
{"chain": {"task_index": 4, "source": "policy1", "break_rate": 0.23974609375, "length": 3.0, "internal_edges": 2.0, "redundancy": 0.0, "cut_vertices": 1.0, "logical_degree": 5.0, "coupling_mass": 9.8, "contacts": 8.0, "mass_per_contact": 1.225, "max_contact_load": 3.9, "load_concentration": 2.6530612244897958, "field": 0.0}}
{"chain": {"task_index": 4, "source": "policy1", "break_rate": 0.02734375, "length": 2.0, "internal_edges": 1.0, "redundancy": 0.0, "cut_vertices": 0.0, "logical_degree": 0.0, "coupling_mass": 0.0, "contacts": 0.0, "mass_per_contact": 0.0, "max_contact_load": 0.0, "load_concentration": 0.0, "field": 0.0}}
{"chain": {"task_index": 4, "source": "policy1", "break_rate": 0.01123046875, "length": 4.0, "internal_edges": 3.0, "redundancy": 0.0, "cut_vertices": 2.0, "logical_degree": 4.0, "coupling_mass": 10.0, "contacts": 8.0, "mass_per_contact": 1.25, "max_contact_load": 3.5, "load_concentration": 2.1, "field": 0.0}}
{"chain": {"task_index": 4, "source": "policy1", "break_rate": 0.0, "length": 1.0, "internal_edges": 0.0, "redundancy": 0.0, "cut_vertices": 0.0, "logical_degree": 4.0, "coupling_mass": 7.6, "contacts": 4.0, "mass_per_contact": 1.9, "max_contact_load": 3.1999999999999997, "load_concentration": 1.6842105263157894, "field": 0.0}}
{"chain": {"task_index": 4, "source": "policy1", "break_rate": 0.0390625, "length": 3.0, "internal_edges": 2.0, "redundancy": 0.0, "cut_vertices": 1.0, "logical_degree": 2.0, "coupling_mass": 2.0, "contacts": 2.0, "mass_per_contact": 1.0, "max_contact_load": 1.0, "load_concentration": 1.0, "field": 0.0}}
{"chain": {"task_index": 4, "source": "policy1", "break_rate": 0.04736328125, "length": 4.0, "internal_edges": 3.0, "redundancy": 0.0, "cut_vertices": 2.0, "logical_degree": 5.0, "coupling_mass": 7.8, "contacts": 12.0, "mass_per_contact": 0.65, "max_contact_load": 3.5, "load_concentration": 3.017241379310345, "field": 0.0}}
{"chain": {"task_index": 4, "source": "policy1", "break_rate": 0.025390625, "length": 2.0, "internal_edges": 1.0, "redundancy": 0.0, "cut_vertices": 0.0, "logical_degree": 2.0, "coupling_mass": 2.0, "contacts": 4.0, "mass_per_contact": 0.5, "max_contact_load": 1.0, "load_concentration": 1.5, "field": 0.0}}
{"chain": {"task_index": 4, "source": "policy1", "break_rate": 0.02685546875, "length": 2.0, "internal_edges": 1.0, "redundancy": 0.0, "cut_vertices": 0.0, "logical_degree": 0.0, "coupling_mass": 0.0, "contacts": 0.0, "mass_per_contact": 0.0, "max_contact_load": 0.0, "load_concentration": 0.0, "field": 0.0}}
{"chain": {"task_index": 4, "source": "policy1", "break_rate": 0.0048828125, "length": 4.0, "internal_edges": 3.0, "redundancy": 0.0, "cut_vertices": 2.0, "logical_degree": 4.0, "coupling_mass": 7.800000000000001, "contacts": 14.0, "mass_per_contact": 0.5571428571428572, "max_contact_load": 1.1666666666666667, "load_concentration": 1.794871794871795, "field": 0.0}}
{"chain": {"task_index": 4, "source": "policy1", "break_rate": 0.05712890625, "length": 3.0, "internal_edges": 2.0, "redundancy": 0.0, "cut_vertices": 1.0, "logical_degree": 2.0, "coupling_mass": 7.0, "contacts": 2.0, "mass_per_contact": 3.5, "max_contact_load": 3.5, "load_concentration": 1.0, "field": 0.0}}
{"chain": {"task_index": 4, "source": "policy1", "break_rate": 0.0, "length": 1.0, "internal_edges": 0.0, "redundancy": 0.0, "cut_vertices": 0.0, "logical_degree": 2.0, "coupling_mass": 3.5999999999999996, "contacts": 2.0, "mass_per_contact": 1.7999999999999998, "max_contact_load": 2.8, "load_concentration": 1.5555555555555556, "field": 0.0}}
{"chain": {"task_index": 4, "source": "policy1", "break_rate": 0.00244140625, "length": 2.0, "internal_edges": 1.0, "redundancy": 0.0, "cut_vertices": 0.0, "logical_degree": 4.0, "coupling_mass": 9.8, "contacts": 10.0, "mass_per_contact": 0.9800000000000001, "max_contact_load": 1.1666666666666667, "load_concentration": 1.1965811965811965, "field": 0.0}}
{"chain": {"task_index": 4, "source": "policy1", "break_rate": 0.00537109375, "length": 5.0, "internal_edges": 5.0, "redundancy": 1.0, "cut_vertices": 0.0, "logical_degree": 5.0, "coupling_mass": 7.3999999999999995, "contacts": 8.0, "mass_per_contact": 0.9249999999999999, "max_contact_load": 2.1, "load_concentration": 2.019230769230769, "field": 0.0}}
{"chain": {"task_index": 4, "source": "policy1", "break_rate": 0.02685546875, "length": 3.0, "internal_edges": 2.0, "redundancy": 0.0, "cut_vertices": 1.0, "logical_degree": 3.0, "coupling_mass": 5.6, "contacts": 4.0, "mass_per_contact": 1.4, "max_contact_load": 3.1999999999999997, "load_concentration": 2.042553191489362, "field": 0.0}}
{"chain": {"task_index": 4, "source": "policy1", "break_rate": 0.0, "length": 1.0, "internal_edges": 0.0, "redundancy": 0.0, "cut_vertices": 0.0, "logical_degree": 3.0, "coupling_mass": 7.0, "contacts": 4.0, "mass_per_contact": 1.75, "max_contact_load": 3.5, "load_concentration": 1.826086956521739, "field": 0.0}}
{"chain": {"task_index": 4, "source": "policy1", "break_rate": 0.13232421875, "length": 5.0, "internal_edges": 4.0, "redundancy": 0.0, "cut_vertices": 2.0, "logical_degree": 2.0, "coupling_mass": 2.8, "contacts": 4.0, "mass_per_contact": 0.7, "max_contact_load": 1.4, "load_concentration": 1.5, "field": 0.0}}
{"chain": {"task_index": 4, "source": "policy1", "break_rate": 0.0, "length": 1.0, "internal_edges": 0.0, "redundancy": 0.0, "cut_vertices": 0.0, "logical_degree": 2.0, "coupling_mass": 5.0, "contacts": 2.0, "mass_per_contact": 2.5, "max_contact_load": 3.5, "load_concentration": 1.4, "field": 0.0}}
{"chain": {"task_index": 4, "source": "policy1", "break_rate": 0.0, "length": 1.0, "internal_edges": 0.0, "redundancy": 0.0, "cut_vertices": 0.0, "logical_degree": 0.0, "coupling_mass": 0.0, "contacts": 0.0, "mass_per_contact": 0.0, "max_contact_load": 0.0, "load_concentration": 0.0, "field": 0.0}}
{"chain": {"task_index": 4, "source": "policy1", "break_rate": 0.109375, "length": 3.0, "internal_edges": 2.0, "redundancy": 0.0, "cut_vertices": 1.0, "logical_degree": 5.0, "coupling_mass": 7.800000000000001, "contacts": 13.0, "mass_per_contact": 0.6000000000000001, "max_contact_load": 1.1666666666666667, "load_concentration": 1.7857142857142858, "field": 0.0}}
{"chain": {"task_index": 4, "source": "policy1", "break_rate": 0.03076171875, "length": 3.0, "internal_edges": 2.0, "redundancy": 0.0, "cut_vertices": 1.0, "logical_degree": 3.0, "coupling_mass": 2.0, "contacts": 13.0, "mass_per_contact": 0.15384615384615385, "max_contact_load": 0.3333333333333333, "load_concentration": 1.8749999999999998, "field": 0.0}}
{"chain": {"task_index": 4, "source": "policy1", "break_rate": 0.0, "length": 1.0, "internal_edges": 0.0, "redundancy": 0.0, "cut_vertices": 0.0, "logical_degree": 4.0, "coupling_mass": 9.8, "contacts": 5.0, "mass_per_contact": 1.9600000000000002, "max_contact_load": 3.9, "load_concentration": 1.9378881987577639, "field": 0.0}}
{"chain": {"task_index": 4, "source": "policy1", "break_rate": 0.0, "length": 1.0, "internal_edges": 0.0, "redundancy": 0.0, "cut_vertices": 0.0, "logical_degree": 0.0, "coupling_mass": 0.0, "contacts": 0.0, "mass_per_contact": 0.0, "max_contact_load": 0.0, "load_concentration": 0.0, "field": 0.0}}
{"chain": {"task_index": 4, "source": "policy1", "break_rate": 0.00732421875, "length": 2.0, "internal_edges": 1.0, "redundancy": 0.0, "cut_vertices": 0.0, "logical_degree": 4.0, "coupling_mass": 5.6, "contacts": 6.0, "mass_per_contact": 0.9333333333333332, "max_contact_load": 2.0, "load_concentration": 1.9047619047619047, "field": 0.0}}
{"chain": {"task_index": 4, "source": "policy1", "break_rate": 0.05078125, "length": 3.0, "internal_edges": 2.0, "redundancy": 0.0, "cut_vertices": 1.0, "logical_degree": 3.0, "coupling_mass": 8.399999999999999, "contacts": 3.0, "mass_per_contact": 2.7999999999999994, "max_contact_load": 3.1999999999999997, "load_concentration": 1.142857142857143, "field": 0.0}}
{"chain": {"task_index": 4, "source": "policy1", "break_rate": 0.0537109375, "length": 3.0, "internal_edges": 2.0, "redundancy": 0.0, "cut_vertices": 1.0, "logical_degree": 3.0, "coupling_mass": 7.800000000000001, "contacts": 3.0, "mass_per_contact": 2.6, "max_contact_load": 3.9, "load_concentration": 1.5, "field": 0.0}}
{"chain": {"task_index": 4, "source": "policy1", "break_rate": 0.06103515625, "length": 5.0, "internal_edges": 4.0, "redundancy": 0.0, "cut_vertices": 3.0, "logical_degree": 6.0, "coupling_mass": 12.6, "contacts": 17.0, "mass_per_contact": 0.7411764705882353, "max_contact_load": 3.9, "load_concentration": 3.205479452054795, "field": 0.0}}
{"chain": {"task_index": 4, "source": "policy1", "break_rate": 0.359375, "length": 2.0, "internal_edges": 1.0, "redundancy": 0.0, "cut_vertices": 0.0, "logical_degree": 5.0, "coupling_mass": 12.0, "contacts": 10.0, "mass_per_contact": 1.2, "max_contact_load": 3.5, "load_concentration": 1.5000000000000002, "field": 0.0}}
{"chain": {"task_index": 4, "source": "policy1", "break_rate": 0.302734375, "length": 4.0, "internal_edges": 3.0, "redundancy": 0.0, "cut_vertices": 1.0, "logical_degree": 2.0, "coupling_mass": 5.0, "contacts": 3.0, "mass_per_contact": 1.6666666666666667, "max_contact_load": 1.75, "load_concentration": 1.0769230769230769, "field": 0.0}}
{"chain": {"task_index": 4, "source": "policy1", "break_rate": 0.0234375, "length": 5.0, "internal_edges": 4.0, "redundancy": 0.0, "cut_vertices": 3.0, "logical_degree": 5.0, "coupling_mass": 10.6, "contacts": 14.0, "mass_per_contact": 0.7571428571428571, "max_contact_load": 1.25, "load_concentration": 1.506024096385542, "field": 0.0}}
{"chain": {"task_index": 4, "source": "policy1", "break_rate": 0.30908203125, "length": 8.0, "internal_edges": 8.0, "redundancy": 1.0, "cut_vertices": 4.0, "logical_degree": 4.0, "coupling_mass": 7.0, "contacts": 11.0, "mass_per_contact": 0.6363636363636364, "max_contact_load": 3.5, "load_concentration": 2.7888446215139444, "field": 0.0}}
{"chain": {"task_index": 4, "source": "minorminer", "break_rate": 0.0, "length": 1.0, "internal_edges": 0.0, "redundancy": 0.0, "cut_vertices": 0.0, "logical_degree": 2.0, "coupling_mass": 5.0, "contacts": 2.0, "mass_per_contact": 2.5, "max_contact_load": 2.5, "load_concentration": 1.0, "field": 0.0}}
{"chain": {"task_index": 4, "source": "minorminer", "break_rate": 0.0, "length": 1.0, "internal_edges": 0.0, "redundancy": 0.0, "cut_vertices": 0.0, "logical_degree": 0.0, "coupling_mass": 0.0, "contacts": 0.0, "mass_per_contact": 0.0, "max_contact_load": 0.0, "load_concentration": 0.0, "field": 0.0}}
{"chain": {"task_index": 4, "source": "minorminer", "break_rate": 0.0, "length": 1.0, "internal_edges": 0.0, "redundancy": 0.0, "cut_vertices": 0.0, "logical_degree": 3.0, "coupling_mass": 7.0, "contacts": 3.0, "mass_per_contact": 2.3333333333333335, "max_contact_load": 3.5, "load_concentration": 1.5, "field": 0.0}}
{"chain": {"task_index": 4, "source": "minorminer", "break_rate": 0.02783203125, "length": 2.0, "internal_edges": 1.0, "redundancy": 0.0, "cut_vertices": 0.0, "logical_degree": 2.0, "coupling_mass": 0.8, "contacts": 2.0, "mass_per_contact": 0.4, "max_contact_load": 0.4, "load_concentration": 1.0, "field": 0.0}}
{"chain": {"task_index": 4, "source": "minorminer", "break_rate": 0.0, "length": 1.0, "internal_edges": 0.0, "redundancy": 0.0, "cut_vertices": 0.0, "logical_degree": 5.0, "coupling_mass": 9.8, "contacts": 5.0, "mass_per_contact": 1.9600000000000002, "max_contact_load": 3.9, "load_concentration": 1.9897959183673466, "field": 0.0}}
{"chain": {"task_index": 4, "source": "minorminer", "break_rate": 0.0, "length": 1.0, "internal_edges": 0.0, "redundancy": 0.0, "cut_vertices": 0.0, "logical_degree": 0.0, "coupling_mass": 0.0, "contacts": 0.0, "mass_per_contact": 0.0, "max_contact_load": 0.0, "load_concentration": 0.0, "field": 0.0}}
{"chain": {"task_index": 4, "source": "minorminer", "break_rate": 0.00537109375, "length": 2.0, "internal_edges": 1.0, "redundancy": 0.0, "cut_vertices": 0.0, "logical_degree": 4.0, "coupling_mass": 10.0, "contacts": 4.0, "mass_per_contact": 2.5, "max_contact_load": 3.5, "load_concentration": 1.4, "field": 0.0}}
{"chain": {"task_index": 4, "source": "minorminer", "break_rate": 0.0, "length": 1.0, "internal_edges": 0.0, "redundancy": 0.0, "cut_vertices": 0.0, "logical_degree": 4.0, "coupling_mass": 7.6, "contacts": 4.0, "mass_per_contact": 1.9, "max_contact_load": 3.1999999999999997, "load_concentration": 1.6842105263157894, "field": 0.0}}
{"chain": {"task_index": 4, "source": "minorminer", "break_rate": 0.0, "length": 1.0, "internal_edges": 0.0, "redundancy": 0.0, "cut_vertices": 0.0, "logical_degree": 2.0, "coupling_mass": 2.0, "contacts": 2.0, "mass_per_contact": 1.0, "max_contact_load": 1.0, "load_concentration": 1.0, "field": 0.0}}
{"chain": {"task_index": 4, "source": "minorminer", "break_rate": 0.0, "length": 1.0, "internal_edges": 0.0, "redundancy": 0.0, "cut_vertices": 0.0, "logical_degree": 5.0, "coupling_mass": 7.8, "contacts": 6.0, "mass_per_contact": 1.3, "max_contact_load": 3.5, "load_concentration": 2.6717557251908395, "field": 0.0}}
{"chain": {"task_index": 4, "source": "minorminer", "break_rate": 0.0, "length": 1.0, "internal_edges": 0.0, "redundancy": 0.0, "cut_vertices": 0.0, "logical_degree": 2.0, "coupling_mass": 2.0, "contacts": 2.0, "mass_per_contact": 1.0, "max_contact_load": 1.0, "load_concentration": 1.0, "field": 0.0}}
{"chain": {"task_index": 4, "source": "minorminer", "break_rate": 0.0, "length": 1.0, "internal_edges": 0.0, "redundancy": 0.0, "cut_vertices": 0.0, "logical_degree": 0.0, "coupling_mass": 0.0, "contacts": 0.0, "mass_per_contact": 0.0, "max_contact_load": 0.0, "load_concentration": 0.0, "field": 0.0}}
{"chain": {"task_index": 4, "source": "minorminer", "break_rate": 0.01025390625, "length": 2.0, "internal_edges": 1.0, "redundancy": 0.0, "cut_vertices": 0.0, "logical_degree": 4.0, "coupling_mass": 7.800000000000001, "contacts": 6.0, "mass_per_contact": 1.3, "max_contact_load": 3.5, "load_concentration": 1.8584070796460177, "field": 0.0}}
{"chain": {"task_index": 4, "source": "minorminer", "break_rate": 0.0, "length": 1.0, "internal_edges": 0.0, "redundancy": 0.0, "cut_vertices": 0.0, "logical_degree": 2.0, "coupling_mass": 7.0, "contacts": 2.0, "mass_per_contact": 3.5, "max_contact_load": 3.5, "load_concentration": 1.0, "field": 0.0}}
{"chain": {"task_index": 4, "source": "minorminer", "break_rate": 0.0, "length": 1.0, "internal_edges": 0.0, "redundancy": 0.0, "cut_vertices": 0.0, "logical_degree": 2.0, "coupling_mass": 3.5999999999999996, "contacts": 2.0, "mass_per_contact": 1.7999999999999998, "max_contact_load": 2.8, "load_concentration": 1.5555555555555556, "field": 0.0}}
{"chain": {"task_index": 4, "source": "minorminer", "break_rate": 0.0, "length": 2.0, "internal_edges": 1.0, "redundancy": 0.0, "cut_vertices": 0.0, "logical_degree": 4.0, "coupling_mass": 9.8, "contacts": 5.0, "mass_per_contact": 1.9600000000000002, "max_contact_load": 3.5, "load_concentration": 1.6374269005847952, "field": 0.0}}
{"chain": {"task_index": 4, "source": "minorminer", "break_rate": 0.00537109375, "length": 2.0, "internal_edges": 1.0, "redundancy": 0.0, "cut_vertices": 0.0, "logical_degree": 5.0, "coupling_mass": 7.3999999999999995, "contacts": 9.0, "mass_per_contact": 0.8222222222222222, "max_contact_load": 2.1999999999999997, "load_concentration": 1.952662721893491, "field": 0.0}}
{"chain": {"task_index": 4, "source": "minorminer", "break_rate": 0.0, "length": 1.0, "internal_edges": 0.0, "redundancy": 0.0, "cut_vertices": 0.0, "logical_degree": 3.0, "coupling_mass": 5.6, "contacts": 3.0, "mass_per_contact": 1.8666666666666665, "max_contact_load": 3.1999999999999997, "load_concentration": 1.7142857142857144, "field": 0.0}}
{"chain": {"task_index": 4, "source": "minorminer", "break_rate": 0.0, "length": 1.0, "internal_edges": 0.0, "redundancy": 0.0, "cut_vertices": 0.0, "logical_degree": 3.0, "coupling_mass": 7.0, "contacts": 3.0, "mass_per_contact": 2.3333333333333335, "max_contact_load": 3.5, "load_concentration": 1.5, "field": 0.0}}
{"chain": {"task_index": 4, "source": "minorminer", "break_rate": 0.0, "length": 1.0, "internal_edges": 0.0, "redundancy": 0.0, "cut_vertices": 0.0, "logical_degree": 2.0, "coupling_mass": 2.8, "contacts": 2.0, "mass_per_contact": 1.4, "max_contact_load": 1.4, "load_concentration": 1.0, "field": 0.0}}
{"chain": {"task_index": 4, "source": "minorminer", "break_rate": 0.0, "length": 1.0, "internal_edges": 0.0, "redundancy": 0.0, "cut_vertices": 0.0, "logical_degree": 2.0, "coupling_mass": 5.0, "contacts": 2.0, "mass_per_contact": 2.5, "max_contact_load": 3.5, "load_concentration": 1.4, "field": 0.0}}
{"chain": {"task_index": 4, "source": "minorminer", "break_rate": 0.0, "length": 1.0, "internal_edges": 0.0, "redundancy": 0.0, "cut_vertices": 0.0, "logical_degree": 0.0, "coupling_mass": 0.0, "contacts": 0.0, "mass_per_contact": 0.0, "max_contact_load": 0.0, "load_concentration": 0.0, "field": 0.0}}
{"chain": {"task_index": 4, "source": "minorminer", "break_rate": 0.14453125, "length": 2.0, "internal_edges": 1.0, "redundancy": 0.0, "cut_vertices": 0.0, "logical_degree": 5.0, "coupling_mass": 7.800000000000001, "contacts": 6.0, "mass_per_contact": 1.3, "max_contact_load": 3.5, "load_concentration": 2.4647887323943665, "field": 0.0}}
{"chain": {"task_index": 4, "source": "minorminer", "break_rate": 0.0, "length": 1.0, "internal_edges": 0.0, "redundancy": 0.0, "cut_vertices": 0.0, "logical_degree": 3.0, "coupling_mass": 2.0, "contacts": 3.0, "mass_per_contact": 0.6666666666666666, "max_contact_load": 1.0, "load_concentration": 1.5, "field": 0.0}}
{"chain": {"task_index": 4, "source": "minorminer", "break_rate": 0.0, "length": 1.0, "internal_edges": 0.0, "redundancy": 0.0, "cut_vertices": 0.0, "logical_degree": 4.0, "coupling_mass": 9.8, "contacts": 4.0, "mass_per_contact": 2.45, "max_contact_load": 3.9, "load_concentration": 1.5918367346938773, "field": 0.0}}
{"chain": {"task_index": 4, "source": "minorminer", "break_rate": 0.0, "length": 1.0, "internal_edges": 0.0, "redundancy": 0.0, "cut_vertices": 0.0, "logical_degree": 0.0, "coupling_mass": 0.0, "contacts": 0.0, "mass_per_contact": 0.0, "max_contact_load": 0.0, "load_concentration": 0.0, "field": 0.0}}
{"chain": {"task_index": 4, "source": "minorminer", "break_rate": 0.0, "length": 1.0, "internal_edges": 0.0, "redundancy": 0.0, "cut_vertices": 0.0, "logical_degree": 4.0, "coupling_mass": 5.6, "contacts": 4.0, "mass_per_contact": 1.4, "max_contact_load": 2.0, "load_concentration": 1.4285714285714286, "field": 0.0}}
{"chain": {"task_index": 4, "source": "minorminer", "break_rate": 0.0, "length": 1.0, "internal_edges": 0.0, "redundancy": 0.0, "cut_vertices": 0.0, "logical_degree": 3.0, "coupling_mass": 8.399999999999999, "contacts": 3.0, "mass_per_contact": 2.7999999999999994, "max_contact_load": 3.1999999999999997, "load_concentration": 1.142857142857143, "field": 0.0}}
{"chain": {"task_index": 4, "source": "minorminer", "break_rate": 0.0, "length": 1.0, "internal_edges": 0.0, "redundancy": 0.0, "cut_vertices": 0.0, "logical_degree": 3.0, "coupling_mass": 7.800000000000001, "contacts": 3.0, "mass_per_contact": 2.6, "max_contact_load": 3.9, "load_concentration": 1.5, "field": 0.0}}
{"chain": {"task_index": 4, "source": "minorminer", "break_rate": 0.0, "length": 1.0, "internal_edges": 0.0, "redundancy": 0.0, "cut_vertices": 0.0, "logical_degree": 6.0, "coupling_mass": 12.6, "contacts": 7.0, "mass_per_contact": 1.8, "max_contact_load": 3.9, "load_concentration": 1.9663865546218486, "field": 0.0}}
{"chain": {"task_index": 4, "source": "minorminer", "break_rate": 0.07470703125, "length": 2.0, "internal_edges": 1.0, "redundancy": 0.0, "cut_vertices": 0.0, "logical_degree": 5.0, "coupling_mass": 12.0, "contacts": 6.0, "mass_per_contact": 2.0, "max_contact_load": 3.5, "load_concentration": 1.5981735159817352, "field": 0.0}}
{"chain": {"task_index": 4, "source": "minorminer", "break_rate": 0.0, "length": 1.0, "internal_edges": 0.0, "redundancy": 0.0, "cut_vertices": 0.0, "logical_degree": 2.0, "coupling_mass": 5.0, "contacts": 2.0, "mass_per_contact": 2.5, "max_contact_load": 3.5, "load_concentration": 1.4, "field": 0.0}}
{"chain": {"task_index": 4, "source": "minorminer", "break_rate": 0.00048828125, "length": 2.0, "internal_edges": 1.0, "redundancy": 0.0, "cut_vertices": 0.0, "logical_degree": 5.0, "coupling_mass": 10.6, "contacts": 7.0, "mass_per_contact": 1.5142857142857142, "max_contact_load": 3.5, "load_concentration": 1.8884892086330938, "field": 0.0}}
{"chain": {"task_index": 4, "source": "minorminer", "break_rate": 0.06201171875, "length": 2.0, "internal_edges": 1.0, "redundancy": 0.0, "cut_vertices": 0.0, "logical_degree": 4.0, "coupling_mass": 7.0, "contacts": 7.0, "mass_per_contact": 1.0, "max_contact_load": 3.5, "load_concentration": 2.6837060702875397, "field": 0.0}}
{"chain": {"task_index": 5, "source": "policy0", "break_rate": 0.1298828125, "length": 4.0, "internal_edges": 3.0, "redundancy": 0.0, "cut_vertices": 2.0, "logical_degree": 5.0, "coupling_mass": 8.6, "contacts": 15.0, "mass_per_contact": 0.5733333333333334, "max_contact_load": 2.5, "load_concentration": 2.438457965629355, "field": 0.0}}
{"chain": {"task_index": 5, "source": "policy0", "break_rate": 0.1611328125, "length": 3.0, "internal_edges": 2.0, "redundancy": 0.0, "cut_vertices": 1.0, "logical_degree": 4.0, "coupling_mass": 7.800000000000001, "contacts": 6.0, "mass_per_contact": 1.3, "max_contact_load": 3.4, "load_concentration": 1.8888888888888888, "field": 0.0}}
{"chain": {"task_index": 5, "source": "policy0", "break_rate": 0.1044921875, "length": 4.0, "internal_edges": 3.0, "redundancy": 0.0, "cut_vertices": 2.0, "logical_degree": 2.0, "coupling_mass": 2.8, "contacts": 3.0, "mass_per_contact": 0.9333333333333332, "max_contact_load": 1.4, "load_concentration": 1.3333333333333335, "field": 0.0}}
{"chain": {"task_index": 5, "source": "policy0", "break_rate": 0.0, "length": 1.0, "internal_edges": 0.0, "redundancy": 0.0, "cut_vertices": 0.0, "logical_degree": 2.0, "coupling_mass": 4.0, "contacts": 2.0, "mass_per_contact": 2.0, "max_contact_load": 2.0, "load_concentration": 1.0, "field": 0.0}}
{"chain": {"task_index": 5, "source": "policy0", "break_rate": 0.23193359375, "length": 5.0, "internal_edges": 4.0, "redundancy": 0.0, "cut_vertices": 2.0, "logical_degree": 4.0, "coupling_mass": 7.800000000000001, "contacts": 8.0, "mass_per_contact": 0.9750000000000001, "max_contact_load": 1.45, "load_concentration": 1.5196506550218338, "field": 0.0}}
{"chain": {"task_index": 5, "source": "policy0", "break_rate": 0.0, "length": 1.0, "internal_edges": 0.0, "redundancy": 0.0, "cut_vertices": 0.0, "logical_degree": 1.0, "coupling_mass": 2.0, "contacts": 1.0, "mass_per_contact": 2.0, "max_contact_load": 2.0, "load_concentration": 1.0, "field": 0.0}}
{"chain": {"task_index": 5, "source": "policy0", "break_rate": 0.0, "length": 1.0, "internal_edges": 0.0, "redundancy": 0.0, "cut_vertices": 0.0, "logical_degree": 2.0, "coupling_mass": 7.0, "contacts": 4.0, "mass_per_contact": 1.75, "max_contact_load": 3.5, "load_concentration": 1.5, "field": 0.0}}
{"chain": {"task_index": 5, "source": "policy0", "break_rate": 0.00439453125, "length": 3.0, "internal_edges": 2.0, "redundancy": 0.0, "cut_vertices": 1.0, "logical_degree": 7.0, "coupling_mass": 8.600000000000001, "contacts": 14.0, "mass_per_contact": 0.6142857142857144, "max_contact_load": 1.6, "load_concentration": 2.317241379310345, "field": 0.0}}
{"chain": {"task_index": 5, "source": "policy0", "break_rate": 0.0, "length": 1.0, "internal_edges": 0.0, "redundancy": 0.0, "cut_vertices": 0.0, "logical_degree": 2.0, "coupling_mass": 5.0, "contacts": 3.0, "mass_per_contact": 1.6666666666666667, "max_contact_load": 2.5, "load_concentration": 1.3333333333333333, "field": 0.0}}
{"chain": {"task_index": 5, "source": "policy0", "break_rate": 0.1884765625, "length": 11.0, "internal_edges": 12.0, "redundancy": 2.0, "cut_vertices": 3.0, "logical_degree": 5.0, "coupling_mass": 9.0, "contacts": 15.0, "mass_per_contact": 0.6, "max_contact_load": 2.0, "load_concentration": 2.2099447513812156, "field": 0.0}}
{"chain": {"task_index": 5, "source": "policy0", "break_rate": 0.0068359375, "length": 4.0, "internal_edges": 4.0, "redundancy": 1.0, "cut_vertices": 1.0, "logical_degree": 4.0, "coupling_mass": 8.399999999999999, "contacts": 7.0, "mass_per_contact": 1.1999999999999997, "max_contact_load": 3.8, "load_concentration": 2.666666666666667, "field": 0.0}}
{"chain": {"task_index": 5, "source": "policy0", "break_rate": 0.0, "length": 1.0, "internal_edges": 0.0, "redundancy": 0.0, "cut_vertices": 0.0, "logical_degree": 3.0, "coupling_mass": 7.6, "contacts": 5.0, "mass_per_contact": 1.52, "max_contact_load": 3.8, "load_concentration": 1.5545454545454547, "field": 0.0}}
{"chain": {"task_index": 5, "source": "policy0", "break_rate": 0.08935546875, "length": 4.0, "internal_edges": 3.0, "redundancy": 0.0, "cut_vertices": 2.0, "logical_degree": 6.0, "coupling_mass": 7.0, "contacts": 20.0, "mass_per_contact": 0.35, "max_contact_load": 0.5, "load_concentration": 1.2115384615384615, "field": 0.0}}
{"chain": {"task_index": 5, "source": "policy0", "break_rate": 0.09765625, "length": 4.0, "internal_edges": 3.0, "redundancy": 0.0, "cut_vertices": 2.0, "logical_degree": 2.0, "coupling_mass": 1.2, "contacts": 6.0, "mass_per_contact": 0.19999999999999998, "max_contact_load": 0.3, "load_concentration": 1.3333333333333335, "field": 0.0}}
{"chain": {"task_index": 5, "source": "policy0", "break_rate": 0.2822265625, "length": 5.0, "internal_edges": 4.0, "redundancy": 0.0, "cut_vertices": 2.0, "logical_degree": 5.0, "coupling_mass": 11.6, "contacts": 10.0, "mass_per_contact": 1.16, "max_contact_load": 1.65, "load_concentration": 1.3199999999999998, "field": 0.0}}
{"chain": {"task_index": 5, "source": "policy0", "break_rate": 0.0, "length": 1.0, "internal_edges": 0.0, "redundancy": 0.0, "cut_vertices": 0.0, "logical_degree": 2.0, "coupling_mass": 2.0, "contacts": 2.0, "mass_per_contact": 1.0, "max_contact_load": 1.6, "load_concentration": 1.6, "field": 0.0}}
{"chain": {"task_index": 5, "source": "policy0", "break_rate": 0.212890625, "length": 3.0, "internal_edges": 2.0, "redundancy": 0.0, "cut_vertices": 1.0, "logical_degree": 3.0, "coupling_mass": 4.2, "contacts": 5.0, "mass_per_contact": 0.8400000000000001, "max_contact_load": 3.1, "load_concentration": 2.364406779661017, "field": 0.0}}
{"chain": {"task_index": 5, "source": "policy0", "break_rate": 0.06982421875, "length": 3.0, "internal_edges": 2.0, "redundancy": 0.0, "cut_vertices": 1.0, "logical_degree": 0.0, "coupling_mass": 0.0, "contacts": 0.0, "mass_per_contact": 0.0, "max_contact_load": 0.0, "load_concentration": 0.0, "field": 0.0}}
{"chain": {"task_index": 5, "source": "policy0", "break_rate": 0.0068359375, "length": 3.0, "internal_edges": 3.0, "redundancy": 1.0, "cut_vertices": 0.0, "logical_degree": 2.0, "coupling_mass": 5.0, "contacts": 5.0, "mass_per_contact": 1.0, "max_contact_load": 3.5, "load_concentration": 1.8064516129032258, "field": 0.0}}
{"chain": {"task_index": 5, "source": "policy0", "break_rate": 0.072265625, "length": 3.0, "internal_edges": 2.0, "redundancy": 0.0, "cut_vertices": 1.0, "logical_degree": 5.0, "coupling_mass": 7.800000000000001, "contacts": 10.0, "mass_per_contact": 0.78, "max_contact_load": 1.55, "load_concentration": 1.9214876033057853, "field": 0.0}}
{"chain": {"task_index": 5, "source": "policy0", "break_rate": 0.05078125, "length": 3.0, "internal_edges": 2.0, "redundancy": 0.0, "cut_vertices": 1.0, "logical_degree": 3.0, "coupling_mass": 2.0, "contacts": 8.0, "mass_per_contact": 0.25, "max_contact_load": 0.3999999999999999, "load_concentration": 1.3584905660377358, "field": 0.0}}
{"chain": {"task_index": 5, "source": "policy0", "break_rate": 0.03515625, "length": 2.0, "internal_edges": 1.0, "redundancy": 0.0, "cut_vertices": 0.0, "logical_degree": 2.0, "coupling_mass": 0.8, "contacts": 4.0, "mass_per_contact": 0.2, "max_contact_load": 0.4, "load_concentration": 1.5, "field": 0.0}}
{"chain": {"task_index": 5, "source": "policy0", "break_rate": 0.13134765625, "length": 5.0, "internal_edges": 4.0, "redundancy": 0.0, "cut_vertices": 2.0, "logical_degree": 2.0, "coupling_mass": 0.8, "contacts": 6.0, "mass_per_contact": 0.13333333333333333, "max_contact_load": 0.2, "load_concentration": 1.3333333333333333, "field": 0.0}}
{"chain": {"task_index": 5, "source": "policy0", "break_rate": 0.01708984375, "length": 3.0, "internal_edges": 2.0, "redundancy": 0.0, "cut_vertices": 1.0, "logical_degree": 5.0, "coupling_mass": 7.800000000000001, "contacts": 11.0, "mass_per_contact": 0.7090909090909091, "max_contact_load": 1.45, "load_concentration": 1.883116883116883, "field": 0.0}}
{"chain": {"task_index": 5, "source": "policy1", "break_rate": 0.13916015625, "length": 6.0, "internal_edges": 5.0, "redundancy": 0.0, "cut_vertices": 2.0, "logical_degree": 5.0, "coupling_mass": 8.6, "contacts": 6.0, "mass_per_contact": 1.4333333333333333, "max_contact_load": 3.3, "load_concentration": 2.037037037037037, "field": 0.0}}
{"chain": {"task_index": 5, "source": "policy1", "break_rate": 0.03076171875, "length": 2.0, "internal_edges": 1.0, "redundancy": 0.0, "cut_vertices": 0.0, "logical_degree": 4.0, "coupling_mass": 7.800000000000001, "contacts": 6.0, "mass_per_contact": 1.3, "max_contact_load": 3.4, "load_concentration": 1.8053097345132743, "field": 0.0}}
{"chain": {"task_index": 5, "source": "policy1", "break_rate": 0.11865234375, "length": 3.0, "internal_edges": 2.0, "redundancy": 0.0, "cut_vertices": 1.0, "logical_degree": 2.0, "coupling_mass": 2.8, "contacts": 3.0, "mass_per_contact": 0.9333333333333332, "max_contact_load": 1.4, "load_concentration": 1.3333333333333335, "field": 0.0}}
{"chain": {"task_index": 5, "source": "policy1", "break_rate": 0.02685546875, "length": 2.0, "internal_edges": 1.0, "redundancy": 0.0, "cut_vertices": 0.0, "logical_degree": 2.0, "coupling_mass": 4.0, "contacts": 3.0, "mass_per_contact": 1.3333333333333333, "max_contact_load": 2.0, "load_concentration": 1.3333333333333333, "field": 0.0}}
{"chain": {"task_index": 5, "source": "policy1", "break_rate": 0.021484375, "length": 2.0, "internal_edges": 1.0, "redundancy": 0.0, "cut_vertices": 0.0, "logical_degree": 4.0, "coupling_mass": 7.800000000000001, "contacts": 6.0, "mass_per_contact": 1.3, "max_contact_load": 2.9, "load_concentration": 1.982905982905983, "field": 0.0}}
{"chain": {"task_index": 5, "source": "policy1", "break_rate": 0.0, "length": 1.0, "internal_edges": 0.0, "redundancy": 0.0, "cut_vertices": 0.0, "logical_degree": 1.0, "coupling_mass": 2.0, "contacts": 1.0, "mass_per_contact": 2.0, "max_contact_load": 2.0, "load_concentration": 1.0, "field": 0.0}}
{"chain": {"task_index": 5, "source": "policy1", "break_rate": 0.0087890625, "length": 2.0, "internal_edges": 1.0, "redundancy": 0.0, "cut_vertices": 0.0, "logical_degree": 2.0, "coupling_mass": 7.0, "contacts": 3.0, "mass_per_contact": 2.3333333333333335, "max_contact_load": 3.5, "load_concentration": 1.3333333333333333, "field": 0.0}}
{"chain": {"task_index": 5, "source": "policy1", "break_rate": 0.0, "length": 1.0, "internal_edges": 0.0, "redundancy": 0.0, "cut_vertices": 0.0, "logical_degree": 7.0, "coupling_mass": 8.600000000000001, "contacts": 7.0, "mass_per_contact": 1.2285714285714289, "max_contact_load": 3.5999999999999996, "load_concentration": 2.9302325581395348, "field": 0.0}}
{"chain": {"task_index": 5, "source": "policy1", "break_rate": 0.0, "length": 1.0, "internal_edges": 0.0, "redundancy": 0.0, "cut_vertices": 0.0, "logical_degree": 2.0, "coupling_mass": 5.0, "contacts": 2.0, "mass_per_contact": 2.5, "max_contact_load": 2.5, "load_concentration": 1.0, "field": 0.0}}
{"chain": {"task_index": 5, "source": "policy1", "break_rate": 0.05322265625, "length": 3.0, "internal_edges": 2.0, "redundancy": 0.0, "cut_vertices": 1.0, "logical_degree": 5.0, "coupling_mass": 9.0, "contacts": 10.0, "mass_per_contact": 0.9, "max_contact_load": 3.1, "load_concentration": 2.7113702623906706, "field": 0.0}}
{"chain": {"task_index": 5, "source": "policy1", "break_rate": 0.0341796875, "length": 2.0, "internal_edges": 1.0, "redundancy": 0.0, "cut_vertices": 0.0, "logical_degree": 4.0, "coupling_mass": 8.399999999999999, "contacts": 4.0, "mass_per_contact": 2.0999999999999996, "max_contact_load": 3.8, "load_concentration": 1.8095238095238098, "field": 0.0}}
{"chain": {"task_index": 5, "source": "policy1", "break_rate": 0.32861328125, "length": 6.0, "internal_edges": 5.0, "redundancy": 0.0, "cut_vertices": 3.0, "logical_degree": 3.0, "coupling_mass": 7.6, "contacts": 3.0, "mass_per_contact": 2.533333333333333, "max_contact_load": 3.8, "load_concentration": 1.5, "field": 0.0}}
{"chain": {"task_index": 5, "source": "policy1", "break_rate": 0.16796875, "length": 2.0, "internal_edges": 1.0, "redundancy": 0.0, "cut_vertices": 0.0, "logical_degree": 6.0, "coupling_mass": 7.0, "contacts": 7.0, "mass_per_contact": 1.0, "max_contact_load": 1.5, "load_concentration": 1.3846153846153848, "field": 0.0}}
{"chain": {"task_index": 5, "source": "policy1", "break_rate": 0.1474609375, "length": 5.0, "internal_edges": 4.0, "redundancy": 0.0, "cut_vertices": 2.0, "logical_degree": 2.0, "coupling_mass": 1.2, "contacts": 4.0, "mass_per_contact": 0.3, "max_contact_load": 0.6, "load_concentration": 1.5, "field": 0.0}}
{"chain": {"task_index": 5, "source": "policy1", "break_rate": 0.0, "length": 1.0, "internal_edges": 0.0, "redundancy": 0.0, "cut_vertices": 0.0, "logical_degree": 5.0, "coupling_mass": 11.6, "contacts": 6.0, "mass_per_contact": 1.9333333333333333, "max_contact_load": 3.3, "load_concentration": 1.513761467889908, "field": 0.0}}
{"chain": {"task_index": 5, "source": "policy1", "break_rate": 0.01513671875, "length": 2.0, "internal_edges": 1.0, "redundancy": 0.0, "cut_vertices": 0.0, "logical_degree": 2.0, "coupling_mass": 2.0, "contacts": 2.0, "mass_per_contact": 1.0, "max_contact_load": 1.6, "load_concentration": 1.6, "field": 0.0}}
{"chain": {"task_index": 5, "source": "policy1", "break_rate": 0.31884765625, "length": 4.0, "internal_edges": 3.0, "redundancy": 0.0, "cut_vertices": 2.0, "logical_degree": 3.0, "coupling_mass": 4.2, "contacts": 5.0, "mass_per_contact": 0.8400000000000001, "max_contact_load": 3.1, "load_concentration": 2.364406779661017, "field": 0.0}}
{"chain": {"task_index": 5, "source": "policy1", "break_rate": 0.0, "length": 1.0, "internal_edges": 0.0, "redundancy": 0.0, "cut_vertices": 0.0, "logical_degree": 0.0, "coupling_mass": 0.0, "contacts": 0.0, "mass_per_contact": 0.0, "max_contact_load": 0.0, "load_concentration": 0.0, "field": 0.0}}
{"chain": {"task_index": 5, "source": "policy1", "break_rate": 0.0, "length": 1.0, "internal_edges": 0.0, "redundancy": 0.0, "cut_vertices": 0.0, "logical_degree": 2.0, "coupling_mass": 5.0, "contacts": 3.0, "mass_per_contact": 1.6666666666666667, "max_contact_load": 3.5, "load_concentration": 1.6470588235294117, "field": 0.0}}
{"chain": {"task_index": 5, "source": "policy1", "break_rate": 0.59716796875, "length": 6.0, "internal_edges": 5.0, "redundancy": 0.0, "cut_vertices": 4.0, "logical_degree": 5.0, "coupling_mass": 7.800000000000001, "contacts": 5.0, "mass_per_contact": 1.56, "max_contact_load": 3.1, "load_concentration": 1.9871794871794872, "field": 0.0}}
{"chain": {"task_index": 5, "source": "policy1", "break_rate": 0.02734375, "length": 2.0, "internal_edges": 1.0, "redundancy": 0.0, "cut_vertices": 0.0, "logical_degree": 3.0, "coupling_mass": 2.0, "contacts": 7.0, "mass_per_contact": 0.2857142857142857, "max_contact_load": 1.0, "load_concentration": 2.25, "field": 0.0}}
{"chain": {"task_index": 5, "source": "policy1", "break_rate": 0.0341796875, "length": 2.0, "internal_edges": 1.0, "redundancy": 0.0, "cut_vertices": 0.0, "logical_degree": 2.0, "coupling_mass": 0.8, "contacts": 4.0, "mass_per_contact": 0.2, "max_contact_load": 0.4, "load_concentration": 1.5, "field": 0.0}}
{"chain": {"task_index": 5, "source": "policy1", "break_rate": 0.01953125, "length": 3.0, "internal_edges": 3.0, "redundancy": 1.0, "cut_vertices": 0.0, "logical_degree": 2.0, "coupling_mass": 0.8, "contacts": 4.0, "mass_per_contact": 0.2, "max_contact_load": 0.2, "load_concentration": 1.0, "field": 0.0}}
{"chain": {"task_index": 5, "source": "policy1", "break_rate": 0.0, "length": 1.0, "internal_edges": 0.0, "redundancy": 0.0, "cut_vertices": 0.0, "logical_degree": 5.0, "coupling_mass": 7.800000000000001, "contacts": 7.0, "mass_per_contact": 1.1142857142857143, "max_contact_load": 2.9, "load_concentration": 2.242268041237113, "field": 0.0}}
{"chain": {"task_index": 5, "source": "minorminer", "break_rate": 0.54833984375, "length": 2.0, "internal_edges": 1.0, "redundancy": 0.0, "cut_vertices": 0.0, "logical_degree": 5.0, "coupling_mass": 8.6, "contacts": 6.0, "mass_per_contact": 1.4333333333333333, "max_contact_load": 3.3, "load_concentration": 2.2448979591836733, "field": 0.0}}
{"chain": {"task_index": 5, "source": "minorminer", "break_rate": 0.0, "length": 1.0, "internal_edges": 0.0, "redundancy": 0.0, "cut_vertices": 0.0, "logical_degree": 4.0, "coupling_mass": 7.800000000000001, "contacts": 4.0, "mass_per_contact": 1.9500000000000002, "max_contact_load": 3.4, "load_concentration": 1.7435897435897436, "field": 0.0}}
{"chain": {"task_index": 5, "source": "minorminer", "break_rate": 0.0, "length": 1.0, "internal_edges": 0.0, "redundancy": 0.0, "cut_vertices": 0.0, "logical_degree": 2.0, "coupling_mass": 2.8, "contacts": 2.0, "mass_per_contact": 1.4, "max_contact_load": 1.4, "load_concentration": 1.0, "field": 0.0}}
{"chain": {"task_index": 5, "source": "minorminer", "break_rate": 0.0, "length": 1.0, "internal_edges": 0.0, "redundancy": 0.0, "cut_vertices": 0.0, "logical_degree": 2.0, "coupling_mass": 4.0, "contacts": 2.0, "mass_per_contact": 2.0, "max_contact_load": 2.0, "load_concentration": 1.0, "field": 0.0}}
{"chain": {"task_index": 5, "source": "minorminer", "break_rate": 0.0, "length": 1.0, "internal_edges": 0.0, "redundancy": 0.0, "cut_vertices": 0.0, "logical_degree": 4.0, "coupling_mass": 7.800000000000001, "contacts": 4.0, "mass_per_contact": 1.9500000000000002, "max_contact_load": 3.5, "load_concentration": 1.794871794871795, "field": 0.0}}
{"chain": {"task_index": 5, "source": "minorminer", "break_rate": 0.0, "length": 1.0, "internal_edges": 0.0, "redundancy": 0.0, "cut_vertices": 0.0, "logical_degree": 1.0, "coupling_mass": 2.0, "contacts": 1.0, "mass_per_contact": 2.0, "max_contact_load": 2.0, "load_concentration": 1.0, "field": 0.0}}
{"chain": {"task_index": 5, "source": "minorminer", "break_rate": 0.0, "length": 1.0, "internal_edges": 0.0, "redundancy": 0.0, "cut_vertices": 0.0, "logical_degree": 2.0, "coupling_mass": 7.0, "contacts": 2.0, "mass_per_contact": 3.5, "max_contact_load": 3.5, "load_concentration": 1.0, "field": 0.0}}
{"chain": {"task_index": 5, "source": "minorminer", "break_rate": 0.0, "length": 1.0, "internal_edges": 0.0, "redundancy": 0.0, "cut_vertices": 0.0, "logical_degree": 7.0, "coupling_mass": 8.600000000000001, "contacts": 7.0, "mass_per_contact": 1.2285714285714289, "max_contact_load": 3.5999999999999996, "load_concentration": 2.9302325581395348, "field": 0.0}}
{"chain": {"task_index": 5, "source": "minorminer", "break_rate": 0.0, "length": 1.0, "internal_edges": 0.0, "redundancy": 0.0, "cut_vertices": 0.0, "logical_degree": 2.0, "coupling_mass": 5.0, "contacts": 3.0, "mass_per_contact": 1.6666666666666667, "max_contact_load": 2.5, "load_concentration": 1.3333333333333333, "field": 0.0}}
{"chain": {"task_index": 5, "source": "minorminer", "break_rate": 0.0, "length": 1.0, "internal_edges": 0.0, "redundancy": 0.0, "cut_vertices": 0.0, "logical_degree": 5.0, "coupling_mass": 9.0, "contacts": 5.0, "mass_per_contact": 1.8, "max_contact_load": 3.1, "load_concentration": 1.7222222222222223, "field": 0.0}}
{"chain": {"task_index": 5, "source": "minorminer", "break_rate": 0.00048828125, "length": 2.0, "internal_edges": 1.0, "redundancy": 0.0, "cut_vertices": 0.0, "logical_degree": 4.0, "coupling_mass": 8.399999999999999, "contacts": 5.0, "mass_per_contact": 1.6799999999999997, "max_contact_load": 3.5999999999999996, "load_concentration": 2.2153846153846155, "field": 0.0}}
{"chain": {"task_index": 5, "source": "minorminer", "break_rate": 0.0, "length": 1.0, "internal_edges": 0.0, "redundancy": 0.0, "cut_vertices": 0.0, "logical_degree": 3.0, "coupling_mass": 7.6, "contacts": 4.0, "mass_per_contact": 1.9, "max_contact_load": 3.4, "load_concentration": 1.789473684210526, "field": 0.0}}
{"chain": {"task_index": 5, "source": "minorminer", "break_rate": 0.0517578125, "length": 2.0, "internal_edges": 1.0, "redundancy": 0.0, "cut_vertices": 0.0, "logical_degree": 6.0, "coupling_mass": 7.0, "contacts": 6.0, "mass_per_contact": 1.1666666666666667, "max_contact_load": 1.5, "load_concentration": 1.2857142857142856, "field": 0.0}}
{"chain": {"task_index": 5, "source": "minorminer", "break_rate": 0.0, "length": 1.0, "internal_edges": 0.0, "redundancy": 0.0, "cut_vertices": 0.0, "logical_degree": 2.0, "coupling_mass": 1.2, "contacts": 2.0, "mass_per_contact": 0.6, "max_contact_load": 0.6, "load_concentration": 1.0, "field": 0.0}}
{"chain": {"task_index": 5, "source": "minorminer", "break_rate": 0.0, "length": 1.0, "internal_edges": 0.0, "redundancy": 0.0, "cut_vertices": 0.0, "logical_degree": 5.0, "coupling_mass": 11.6, "contacts": 5.0, "mass_per_contact": 2.32, "max_contact_load": 3.3, "load_concentration": 1.4224137931034484, "field": 0.0}}
{"chain": {"task_index": 5, "source": "minorminer", "break_rate": 0.0, "length": 1.0, "internal_edges": 0.0, "redundancy": 0.0, "cut_vertices": 0.0, "logical_degree": 2.0, "coupling_mass": 2.0, "contacts": 2.0, "mass_per_contact": 1.0, "max_contact_load": 1.6, "load_concentration": 1.6, "field": 0.0}}
{"chain": {"task_index": 5, "source": "minorminer", "break_rate": 0.0, "length": 1.0, "internal_edges": 0.0, "redundancy": 0.0, "cut_vertices": 0.0, "logical_degree": 3.0, "coupling_mass": 4.2, "contacts": 3.0, "mass_per_contact": 1.4000000000000001, "max_contact_load": 3.1, "load_concentration": 2.214285714285714, "field": 0.0}}
{"chain": {"task_index": 5, "source": "minorminer", "break_rate": 0.0, "length": 1.0, "internal_edges": 0.0, "redundancy": 0.0, "cut_vertices": 0.0, "logical_degree": 0.0, "coupling_mass": 0.0, "contacts": 0.0, "mass_per_contact": 0.0, "max_contact_load": 0.0, "load_concentration": 0.0, "field": 0.0}}
{"chain": {"task_index": 5, "source": "minorminer", "break_rate": 0.0, "length": 1.0, "internal_edges": 0.0, "redundancy": 0.0, "cut_vertices": 0.0, "logical_degree": 2.0, "coupling_mass": 5.0, "contacts": 2.0, "mass_per_contact": 2.5, "max_contact_load": 3.5, "load_concentration": 1.4, "field": 0.0}}
{"chain": {"task_index": 5, "source": "minorminer", "break_rate": 0.01904296875, "length": 2.0, "internal_edges": 1.0, "redundancy": 0.0, "cut_vertices": 0.0, "logical_degree": 5.0, "coupling_mass": 7.800000000000001, "contacts": 6.0, "mass_per_contact": 1.3, "max_contact_load": 3.1, "load_concentration": 2.0394736842105265, "field": 0.0}}
{"chain": {"task_index": 5, "source": "minorminer", "break_rate": 0.0, "length": 1.0, "internal_edges": 0.0, "redundancy": 0.0, "cut_vertices": 0.0, "logical_degree": 3.0, "coupling_mass": 2.0, "contacts": 3.0, "mass_per_contact": 0.6666666666666666, "max_contact_load": 1.0, "load_concentration": 1.5, "field": 0.0}}
{"chain": {"task_index": 5, "source": "minorminer", "break_rate": 0.0, "length": 1.0, "internal_edges": 0.0, "redundancy": 0.0, "cut_vertices": 0.0, "logical_degree": 2.0, "coupling_mass": 0.8, "contacts": 2.0, "mass_per_contact": 0.4, "max_contact_load": 0.4, "load_concentration": 1.0, "field": 0.0}}
{"chain": {"task_index": 5, "source": "minorminer", "break_rate": 0.0, "length": 1.0, "internal_edges": 0.0, "redundancy": 0.0, "cut_vertices": 0.0, "logical_degree": 2.0, "coupling_mass": 0.8, "contacts": 2.0, "mass_per_contact": 0.4, "max_contact_load": 0.4, "load_concentration": 1.0, "field": 0.0}}
{"chain": {"task_index": 5, "source": "minorminer", "break_rate": 0.0, "length": 1.0, "internal_edges": 0.0, "redundancy": 0.0, "cut_vertices": 0.0, "logical_degree": 5.0, "coupling_mass": 7.800000000000001, "contacts": 6.0, "mass_per_contact": 1.3, "max_contact_load": 2.9, "load_concentration": 1.907894736842105, "field": 0.0}}
{"chain": {"task_index": 6, "source": "policy0", "break_rate": 0.17529296875, "length": 7.0, "internal_edges": 7.0, "redundancy": 1.0, "cut_vertices": 2.0, "logical_degree": 6.0, "coupling_mass": 12.0, "contacts": 18.0, "mass_per_contact": 0.6666666666666666, "max_contact_load": 3.5, "load_concentration": 2.578947368421053, "field": 0.0}}
{"chain": {"task_index": 6, "source": "policy0", "break_rate": 0.0, "length": 1.0, "internal_edges": 0.0, "redundancy": 0.0, "cut_vertices": 0.0, "logical_degree": 3.0, "coupling_mass": 6.6, "contacts": 5.0, "mass_per_contact": 1.3199999999999998, "max_contact_load": 2.9, "load_concentration": 1.831578947368421, "field": 0.0}}
{"chain": {"task_index": 6, "source": "policy0", "break_rate": 0.0, "length": 1.0, "internal_edges": 0.0, "redundancy": 0.0, "cut_vertices": 0.0, "logical_degree": 4.0, "coupling_mass": 7.800000000000001, "contacts": 6.0, "mass_per_contact": 1.3, "max_contact_load": 3.9, "load_concentration": 2.1971830985915495, "field": 0.0}}
{"chain": {"task_index": 6, "source": "policy0", "break_rate": 0.00634765625, "length": 4.0, "internal_edges": 3.0, "redundancy": 0.0, "cut_vertices": 2.0, "logical_degree": 9.0, "coupling_mass": 19.399999999999995, "contacts": 34.0, "mass_per_contact": 0.5705882352941175, "max_contact_load": 2.5, "load_concentration": 2.771586109807602, "field": 0.0}}
{"chain": {"task_index": 6, "source": "policy0", "break_rate": 0.2314453125, "length": 3.0, "internal_edges": 2.0, "redundancy": 0.0, "cut_vertices": 1.0, "logical_degree": 8.0, "coupling_mass": 15.8, "contacts": 19.0, "mass_per_contact": 0.8315789473684211, "max_contact_load": 3.9, "load_concentration": 2.92271662763466, "field": 0.0}}
{"chain": {"task_index": 6, "source": "policy0", "break_rate": 0.16552734375, "length": 4.0, "internal_edges": 3.0, "redundancy": 0.0, "cut_vertices": 2.0, "logical_degree": 2.0, "coupling_mass": 5.8, "contacts": 5.0, "mass_per_contact": 1.16, "max_contact_load": 1.65, "load_concentration": 1.3288590604026844, "field": 0.0}}
{"chain": {"task_index": 6, "source": "policy0", "break_rate": 0.0107421875, "length": 2.0, "internal_edges": 1.0, "redundancy": 0.0, "cut_vertices": 0.0, "logical_degree": 3.0, "coupling_mass": 2.0, "contacts": 12.0, "mass_per_contact": 0.16666666666666666, "max_contact_load": 0.2, "load_concentration": 1.188679245283019, "field": 0.0}}
{"chain": {"task_index": 6, "source": "policy0", "break_rate": 0.0, "length": 1.0, "internal_edges": 0.0, "redundancy": 0.0, "cut_vertices": 0.0, "logical_degree": 2.0, "coupling_mass": 2.8, "contacts": 2.0, "mass_per_contact": 1.4, "max_contact_load": 1.4, "load_concentration": 1.0, "field": 0.0}}
{"chain": {"task_index": 6, "source": "policy0", "break_rate": 0.02197265625, "length": 4.0, "internal_edges": 3.0, "redundancy": 0.0, "cut_vertices": 2.0, "logical_degree": 3.0, "coupling_mass": 4.8, "contacts": 8.0, "mass_per_contact": 0.6, "max_contact_load": 0.78, "load_concentration": 1.5810810810810811, "field": 0.0}}
{"chain": {"task_index": 6, "source": "policy0", "break_rate": 0.0, "length": 1.0, "internal_edges": 0.0, "redundancy": 0.0, "cut_vertices": 0.0, "logical_degree": 4.0, "coupling_mass": 4.8, "contacts": 5.0, "mass_per_contact": 0.96, "max_contact_load": 1.9, "load_concentration": 1.7674418604651163, "field": 0.0}}
{"chain": {"task_index": 6, "source": "policy0", "break_rate": 0.05810546875, "length": 2.0, "internal_edges": 1.0, "redundancy": 0.0, "cut_vertices": 0.0, "logical_degree": 2.0, "coupling_mass": 5.0, "contacts": 4.0, "mass_per_contact": 1.25, "max_contact_load": 2.5, "load_concentration": 1.5, "field": 0.0}}
{"chain": {"task_index": 6, "source": "policy0", "break_rate": 0.11767578125, "length": 6.0, "internal_edges": 5.0, "redundancy": 0.0, "cut_vertices": 3.0, "logical_degree": 3.0, "coupling_mass": 5.8, "contacts": 9.0, "mass_per_contact": 0.6444444444444444, "max_contact_load": 2.9, "load_concentration": 2.4739336492890995, "field": 0.0}}
{"chain": {"task_index": 6, "source": "policy0", "break_rate": 0.26025390625, "length": 4.0, "internal_edges": 3.0, "redundancy": 0.0, "cut_vertices": 2.0, "logical_degree": 4.0, "coupling_mass": 7.800000000000001, "contacts": 9.0, "mass_per_contact": 0.8666666666666667, "max_contact_load": 3.9, "load_concentration": 2.906832298136646, "field": 0.0}}
{"chain": {"task_index": 6, "source": "policy0", "break_rate": 0.1533203125, "length": 7.0, "internal_edges": 6.0, "redundancy": 0.0, "cut_vertices": 4.0, "logical_degree": 4.0, "coupling_mass": 3.5999999999999996, "contacts": 14.0, "mass_per_contact": 0.2571428571428571, "max_contact_load": 1.4, "load_concentration": 3.0, "field": 0.0}}
{"chain": {"task_index": 6, "source": "policy0", "break_rate": 0.234375, "length": 3.0, "internal_edges": 2.0, "redundancy": 0.0, "cut_vertices": 1.0, "logical_degree": 3.0, "coupling_mass": 5.0, "contacts": 6.0, "mass_per_contact": 0.8333333333333334, "max_contact_load": 1.0, "load_concentration": 1.161290322580645, "field": 0.0}}
{"chain": {"task_index": 6, "source": "policy0", "break_rate": 0.06884765625, "length": 4.0, "internal_edges": 4.0, "redundancy": 1.0, "cut_vertices": 1.0, "logical_degree": 5.0, "coupling_mass": 12.0, "contacts": 16.0, "mass_per_contact": 0.75, "max_contact_load": 3.5, "load_concentration": 2.7450980392156863, "field": 0.0}}
{"chain": {"task_index": 6, "source": "policy0", "break_rate": 0.01611328125, "length": 2.0, "internal_edges": 1.0, "redundancy": 0.0, "cut_vertices": 0.0, "logical_degree": 2.0, "coupling_mass": 5.0, "contacts": 5.0, "mass_per_contact": 1.0, "max_contact_load": 1.25, "load_concentration": 1.2, "field": 0.0}}
{"chain": {"task_index": 6, "source": "policy0", "break_rate": 0.15576171875, "length": 4.0, "internal_edges": 3.0, "redundancy": 0.0, "cut_vertices": 1.0, "logical_degree": 5.0, "coupling_mass": 7.800000000000001, "contacts": 15.0, "mass_per_contact": 0.52, "max_contact_load": 1.4, "load_concentration": 2.1538461538461537, "field": 0.0}}
{"chain": {"task_index": 6, "source": "policy0", "break_rate": 0.0, "length": 1.0, "internal_edges": 0.0, "redundancy": 0.0, "cut_vertices": 0.0, "logical_degree": 2.0, "coupling_mass": 0.8, "contacts": 3.0, "mass_per_contact": 0.26666666666666666, "max_contact_load": 0.4, "load_concentration": 1.3333333333333333, "field": 0.0}}
{"chain": {"task_index": 6, "source": "policy0", "break_rate": 0.03271484375, "length": 2.0, "internal_edges": 1.0, "redundancy": 0.0, "cut_vertices": 0.0, "logical_degree": 0.0, "coupling_mass": 0.0, "contacts": 0.0, "mass_per_contact": 0.0, "max_contact_load": 0.0, "load_concentration": 0.0, "field": 0.0}}
{"chain": {"task_index": 6, "source": "policy0", "break_rate": 0.02685546875, "length": 2.0, "internal_edges": 1.0, "redundancy": 0.0, "cut_vertices": 0.0, "logical_degree": 2.0, "coupling_mass": 7.0, "contacts": 3.0, "mass_per_contact": 2.3333333333333335, "max_contact_load": 3.9, "load_concentration": 1.4311926605504586, "field": 0.0}}
{"chain": {"task_index": 6, "source": "policy0", "break_rate": 0.04296875, "length": 3.0, "internal_edges": 2.0, "redundancy": 0.0, "cut_vertices": 1.0, "logical_degree": 3.0, "coupling_mass": 7.8, "contacts": 5.0, "mass_per_contact": 1.56, "max_contact_load": 3.9, "load_concentration": 1.907608695652174, "field": 0.0}}
{"chain": {"task_index": 6, "source": "policy0", "break_rate": 0.33056640625, "length": 3.0, "internal_edges": 2.0, "redundancy": 0.0, "cut_vertices": 1.0, "logical_degree": 3.0, "coupling_mass": 5.8, "contacts": 3.0, "mass_per_contact": 1.9333333333333333, "max_contact_load": 3.9, "load_concentration": 2.0172413793103448, "field": 0.0}}
{"chain": {"task_index": 6, "source": "policy0", "break_rate": 0.052734375, "length": 3.0, "internal_edges": 2.0, "redundancy": 0.0, "cut_vertices": 1.0, "logical_degree": 2.0, "coupling_mass": 0.8, "contacts": 3.0, "mass_per_contact": 0.26666666666666666, "max_contact_load": 0.4, "load_concentration": 1.3333333333333333, "field": 0.0}}
{"chain": {"task_index": 6, "source": "policy0", "break_rate": 0.04931640625, "length": 3.0, "internal_edges": 2.0, "redundancy": 0.0, "cut_vertices": 1.0, "logical_degree": 2.0, "coupling_mass": 0.8, "contacts": 5.0, "mass_per_contact": 0.16, "max_contact_load": 0.2, "load_concentration": 1.2, "field": 0.0}}
{"chain": {"task_index": 6, "source": "policy1", "break_rate": 0.0, "length": 1.0, "internal_edges": 0.0, "redundancy": 0.0, "cut_vertices": 0.0, "logical_degree": 6.0, "coupling_mass": 12.0, "contacts": 9.0, "mass_per_contact": 1.3333333333333333, "max_contact_load": 3.5, "load_concentration": 2.1686746987951806, "field": 0.0}}
{"chain": {"task_index": 6, "source": "policy1", "break_rate": 0.0537109375, "length": 3.0, "internal_edges": 2.0, "redundancy": 0.0, "cut_vertices": 1.0, "logical_degree": 3.0, "coupling_mass": 6.6, "contacts": 4.0, "mass_per_contact": 1.65, "max_contact_load": 3.3, "load_concentration": 1.9223300970873787, "field": 0.0}}
{"chain": {"task_index": 6, "source": "policy1", "break_rate": 0.0244140625, "length": 2.0, "internal_edges": 1.0, "redundancy": 0.0, "cut_vertices": 0.0, "logical_degree": 4.0, "coupling_mass": 7.800000000000001, "contacts": 6.0, "mass_per_contact": 1.3, "max_contact_load": 3.9, "load_concentration": 2.1971830985915495, "field": 0.0}}
{"chain": {"task_index": 6, "source": "policy1", "break_rate": 0.0390625, "length": 11.0, "internal_edges": 13.0, "redundancy": 3.0, "cut_vertices": 2.0, "logical_degree": 9.0, "coupling_mass": 19.399999999999995, "contacts": 35.0, "mass_per_contact": 0.5542857142857142, "max_contact_load": 3.1, "load_concentration": 2.5111569473092072, "field": 0.0}}
{"chain": {"task_index": 6, "source": "policy1", "break_rate": 0.072265625, "length": 2.0, "internal_edges": 1.0, "redundancy": 0.0, "cut_vertices": 0.0, "logical_degree": 8.0, "coupling_mass": 15.8, "contacts": 10.0, "mass_per_contact": 1.58, "max_contact_load": 3.9, "load_concentration": 2.2206405693950177, "field": 0.0}}
{"chain": {"task_index": 6, "source": "policy1", "break_rate": 0.24951171875, "length": 3.0, "internal_edges": 2.0, "redundancy": 0.0, "cut_vertices": 1.0, "logical_degree": 2.0, "coupling_mass": 5.8, "contacts": 2.0, "mass_per_contact": 2.9, "max_contact_load": 3.3, "load_concentration": 1.1379310344827587, "field": 0.0}}
{"chain": {"task_index": 6, "source": "policy1", "break_rate": 0.03271484375, "length": 3.0, "internal_edges": 2.0, "redundancy": 0.0, "cut_vertices": 1.0, "logical_degree": 3.0, "coupling_mass": 2.0, "contacts": 6.0, "mass_per_contact": 0.3333333333333333, "max_contact_load": 1.2, "load_concentration": 2.347826086956522, "field": 0.0}}
{"chain": {"task_index": 6, "source": "policy1", "break_rate": 0.0068359375, "length": 2.0, "internal_edges": 1.0, "redundancy": 0.0, "cut_vertices": 0.0, "logical_degree": 2.0, "coupling_mass": 2.8, "contacts": 6.0, "mass_per_contact": 0.4666666666666666, "max_contact_load": 0.7, "load_concentration": 1.3333333333333335, "field": 0.0}}
{"chain": {"task_index": 6, "source": "policy1", "break_rate": 0.02783203125, "length": 6.0, "internal_edges": 5.0, "redundancy": 0.0, "cut_vertices": 2.0, "logical_degree": 3.0, "coupling_mass": 4.8, "contacts": 25.0, "mass_per_contact": 0.192, "max_contact_load": 0.24375, "load_concentration": 1.4194107452339686, "field": 0.0}}
{"chain": {"task_index": 6, "source": "policy1", "break_rate": 0.01611328125, "length": 5.0, "internal_edges": 4.0, "redundancy": 0.0, "cut_vertices": 2.0, "logical_degree": 4.0, "coupling_mass": 4.8, "contacts": 17.0, "mass_per_contact": 0.2823529411764706, "max_contact_load": 1.0, "load_concentration": 2.1566110397946088, "field": 0.0}}
{"chain": {"task_index": 6, "source": "policy1", "break_rate": 0.0, "length": 1.0, "internal_edges": 0.0, "redundancy": 0.0, "cut_vertices": 0.0, "logical_degree": 2.0, "coupling_mass": 5.0, "contacts": 2.0, "mass_per_contact": 2.5, "max_contact_load": 2.5, "load_concentration": 1.0, "field": 0.0}}
{"chain": {"task_index": 6, "source": "policy1", "break_rate": 0.02294921875, "length": 2.0, "internal_edges": 1.0, "redundancy": 0.0, "cut_vertices": 0.0, "logical_degree": 3.0, "coupling_mass": 5.8, "contacts": 5.0, "mass_per_contact": 1.16, "max_contact_load": 2.5, "load_concentration": 1.8072289156626504, "field": 0.0}}
{"chain": {"task_index": 6, "source": "policy1", "break_rate": 0.0, "length": 1.0, "internal_edges": 0.0, "redundancy": 0.0, "cut_vertices": 0.0, "logical_degree": 4.0, "coupling_mass": 7.800000000000001, "contacts": 4.0, "mass_per_contact": 1.9500000000000002, "max_contact_load": 3.9, "load_concentration": 2.0, "field": 0.0}}
{"chain": {"task_index": 6, "source": "policy1", "break_rate": 0.01123046875, "length": 3.0, "internal_edges": 2.0, "redundancy": 0.0, "cut_vertices": 1.0, "logical_degree": 4.0, "coupling_mass": 3.5999999999999996, "contacts": 9.0, "mass_per_contact": 0.39999999999999997, "max_contact_load": 0.4666666666666666, "load_concentration": 1.2173913043478262, "field": 0.0}}
{"chain": {"task_index": 6, "source": "policy1", "break_rate": 0.107421875, "length": 3.0, "internal_edges": 2.0, "redundancy": 0.0, "cut_vertices": 1.0, "logical_degree": 3.0, "coupling_mass": 5.0, "contacts": 7.0, "mass_per_contact": 0.7142857142857143, "max_contact_load": 1.5, "load_concentration": 1.6875, "field": 0.0}}
{"chain": {"task_index": 6, "source": "policy1", "break_rate": 0.5546875, "length": 5.0, "internal_edges": 4.0, "redundancy": 0.0, "cut_vertices": 3.0, "logical_degree": 5.0, "coupling_mass": 12.0, "contacts": 10.0, "mass_per_contact": 1.2, "max_contact_load": 3.5, "load_concentration": 2.142857142857143, "field": 0.0}}
{"chain": {"task_index": 6, "source": "policy1", "break_rate": 0.0, "length": 1.0, "internal_edges": 0.0, "redundancy": 0.0, "cut_vertices": 0.0, "logical_degree": 2.0, "coupling_mass": 5.0, "contacts": 2.0, "mass_per_contact": 2.5, "max_contact_load": 2.5, "load_concentration": 1.0, "field": 0.0}}
{"chain": {"task_index": 6, "source": "policy1", "break_rate": 0.07177734375, "length": 4.0, "internal_edges": 3.0, "redundancy": 0.0, "cut_vertices": 1.0, "logical_degree": 5.0, "coupling_mass": 7.800000000000001, "contacts": 11.0, "mass_per_contact": 0.7090909090909091, "max_contact_load": 1.25, "load_concentration": 1.7942583732057416, "field": 0.0}}
{"chain": {"task_index": 6, "source": "policy1", "break_rate": 0.0, "length": 1.0, "internal_edges": 0.0, "redundancy": 0.0, "cut_vertices": 0.0, "logical_degree": 2.0, "coupling_mass": 0.8, "contacts": 2.0, "mass_per_contact": 0.4, "max_contact_load": 0.4, "load_concentration": 1.0, "field": 0.0}}
{"chain": {"task_index": 6, "source": "policy1", "break_rate": 0.033203125, "length": 2.0, "internal_edges": 1.0, "redundancy": 0.0, "cut_vertices": 0.0, "logical_degree": 0.0, "coupling_mass": 0.0, "contacts": 0.0, "mass_per_contact": 0.0, "max_contact_load": 0.0, "load_concentration": 0.0, "field": 0.0}}
{"chain": {"task_index": 6, "source": "policy1", "break_rate": 0.0, "length": 1.0, "internal_edges": 0.0, "redundancy": 0.0, "cut_vertices": 0.0, "logical_degree": 2.0, "coupling_mass": 7.0, "contacts": 2.0, "mass_per_contact": 3.5, "max_contact_load": 3.9, "load_concentration": 1.1142857142857143, "field": 0.0}}
{"chain": {"task_index": 6, "source": "policy1", "break_rate": 0.02001953125, "length": 2.0, "internal_edges": 1.0, "redundancy": 0.0, "cut_vertices": 0.0, "logical_degree": 3.0, "coupling_mass": 7.8, "contacts": 6.0, "mass_per_contact": 1.3, "max_contact_load": 3.9, "load_concentration": 1.7333333333333334, "field": 0.0}}
{"chain": {"task_index": 6, "source": "policy1", "break_rate": 0.255859375, "length": 2.0, "internal_edges": 1.0, "redundancy": 0.0, "cut_vertices": 0.0, "logical_degree": 3.0, "coupling_mass": 5.8, "contacts": 3.0, "mass_per_contact": 1.9333333333333333, "max_contact_load": 3.9, "load_concentration": 2.0172413793103448, "field": 0.0}}
{"chain": {"task_index": 6, "source": "policy1", "break_rate": 0.0, "length": 1.0, "internal_edges": 0.0, "redundancy": 0.0, "cut_vertices": 0.0, "logical_degree": 2.0, "coupling_mass": 0.8, "contacts": 2.0, "mass_per_contact": 0.4, "max_contact_load": 0.4, "load_concentration": 1.0, "field": 0.0}}
{"chain": {"task_index": 6, "source": "policy1", "break_rate": 0.0, "length": 1.0, "internal_edges": 0.0, "redundancy": 0.0, "cut_vertices": 0.0, "logical_degree": 2.0, "coupling_mass": 0.8, "contacts": 3.0, "mass_per_contact": 0.26666666666666666, "max_contact_load": 0.4, "load_concentration": 1.3333333333333333, "field": 0.0}}
{"chain": {"task_index": 6, "source": "minorminer", "break_rate": 0.5283203125, "length": 2.0, "internal_edges": 1.0, "redundancy": 0.0, "cut_vertices": 0.0, "logical_degree": 6.0, "coupling_mass": 12.0, "contacts": 7.0, "mass_per_contact": 1.7142857142857142, "max_contact_load": 3.5, "load_concentration": 1.8421052631578947, "field": 0.0}}
{"chain": {"task_index": 6, "source": "minorminer", "break_rate": 0.0, "length": 1.0, "internal_edges": 0.0, "redundancy": 0.0, "cut_vertices": 0.0, "logical_degree": 3.0, "coupling_mass": 6.6, "contacts": 3.0, "mass_per_contact": 2.1999999999999997, "max_contact_load": 3.3, "load_concentration": 1.5, "field": 0.0}}
{"chain": {"task_index": 6, "source": "minorminer", "break_rate": 0.1279296875, "length": 2.0, "internal_edges": 1.0, "redundancy": 0.0, "cut_vertices": 0.0, "logical_degree": 4.0, "coupling_mass": 7.800000000000001, "contacts": 5.0, "mass_per_contact": 1.56, "max_contact_load": 3.9, "load_concentration": 2.136986301369863, "field": 0.0}}
{"chain": {"task_index": 6, "source": "minorminer", "break_rate": 0.0, "length": 1.0, "internal_edges": 0.0, "redundancy": 0.0, "cut_vertices": 0.0, "logical_degree": 9.0, "coupling_mass": 19.399999999999995, "contacts": 9.0, "mass_per_contact": 2.155555555555555, "max_contact_load": 3.9, "load_concentration": 1.809278350515464, "field": 0.0}}
{"chain": {"task_index": 6, "source": "minorminer", "break_rate": 0.0, "length": 1.0, "internal_edges": 0.0, "redundancy": 0.0, "cut_vertices": 0.0, "logical_degree": 8.0, "coupling_mass": 15.8, "contacts": 8.0, "mass_per_contact": 1.975, "max_contact_load": 3.9, "load_concentration": 1.9746835443037973, "field": 0.0}}
{"chain": {"task_index": 6, "source": "minorminer", "break_rate": 0.0, "length": 1.0, "internal_edges": 0.0, "redundancy": 0.0, "cut_vertices": 0.0, "logical_degree": 2.0, "coupling_mass": 5.8, "contacts": 2.0, "mass_per_contact": 2.9, "max_contact_load": 3.3, "load_concentration": 1.1379310344827587, "field": 0.0}}
{"chain": {"task_index": 6, "source": "minorminer", "break_rate": 0.0, "length": 1.0, "internal_edges": 0.0, "redundancy": 0.0, "cut_vertices": 0.0, "logical_degree": 3.0, "coupling_mass": 2.0, "contacts": 4.0, "mass_per_contact": 0.5, "max_contact_load": 0.6, "load_concentration": 1.2857142857142858, "field": 0.0}}
{"chain": {"task_index": 6, "source": "minorminer", "break_rate": 0.0, "length": 1.0, "internal_edges": 0.0, "redundancy": 0.0, "cut_vertices": 0.0, "logical_degree": 2.0, "coupling_mass": 2.8, "contacts": 2.0, "mass_per_contact": 1.4, "max_contact_load": 1.4, "load_concentration": 1.0, "field": 0.0}}
{"chain": {"task_index": 6, "source": "minorminer", "break_rate": 0.0, "length": 1.0, "internal_edges": 0.0, "redundancy": 0.0, "cut_vertices": 0.0, "logical_degree": 3.0, "coupling_mass": 4.8, "contacts": 3.0, "mass_per_contact": 1.5999999999999999, "max_contact_load": 3.9, "load_concentration": 2.4375, "field": 0.0}}
{"chain": {"task_index": 6, "source": "minorminer", "break_rate": 0.0, "length": 1.0, "internal_edges": 0.0, "redundancy": 0.0, "cut_vertices": 0.0, "logical_degree": 4.0, "coupling_mass": 4.8, "contacts": 4.0, "mass_per_contact": 1.2, "max_contact_load": 1.9, "load_concentration": 1.5833333333333333, "field": 0.0}}
{"chain": {"task_index": 6, "source": "minorminer", "break_rate": 0.0, "length": 1.0, "internal_edges": 0.0, "redundancy": 0.0, "cut_vertices": 0.0, "logical_degree": 2.0, "coupling_mass": 5.0, "contacts": 2.0, "mass_per_contact": 2.5, "max_contact_load": 2.5, "load_concentration": 1.0, "field": 0.0}}
{"chain": {"task_index": 6, "source": "minorminer", "break_rate": 0.0, "length": 1.0, "internal_edges": 0.0, "redundancy": 0.0, "cut_vertices": 0.0, "logical_degree": 3.0, "coupling_mass": 5.8, "contacts": 3.0, "mass_per_contact": 1.9333333333333333, "max_contact_load": 2.9, "load_concentration": 1.5, "field": 0.0}}
{"chain": {"task_index": 6, "source": "minorminer", "break_rate": 0.0, "length": 1.0, "internal_edges": 0.0, "redundancy": 0.0, "cut_vertices": 0.0, "logical_degree": 4.0, "coupling_mass": 7.800000000000001, "contacts": 4.0, "mass_per_contact": 1.9500000000000002, "max_contact_load": 3.9, "load_concentration": 2.0, "field": 0.0}}
{"chain": {"task_index": 6, "source": "minorminer", "break_rate": 0.0, "length": 1.0, "internal_edges": 0.0, "redundancy": 0.0, "cut_vertices": 0.0, "logical_degree": 4.0, "coupling_mass": 3.5999999999999996, "contacts": 4.0, "mass_per_contact": 0.8999999999999999, "max_contact_load": 1.4, "load_concentration": 1.5555555555555556, "field": 0.0}}
{"chain": {"task_index": 6, "source": "minorminer", "break_rate": 0.0, "length": 1.0, "internal_edges": 0.0, "redundancy": 0.0, "cut_vertices": 0.0, "logical_degree": 3.0, "coupling_mass": 5.0, "contacts": 3.0, "mass_per_contact": 1.6666666666666667, "max_contact_load": 2.5, "load_concentration": 1.5, "field": 0.0}}
{"chain": {"task_index": 6, "source": "minorminer", "break_rate": 0.0, "length": 1.0, "internal_edges": 0.0, "redundancy": 0.0, "cut_vertices": 0.0, "logical_degree": 5.0, "coupling_mass": 12.0, "contacts": 5.0, "mass_per_contact": 2.4, "max_contact_load": 3.5, "load_concentration": 1.4583333333333335, "field": 0.0}}
{"chain": {"task_index": 6, "source": "minorminer", "break_rate": 0.0, "length": 1.0, "internal_edges": 0.0, "redundancy": 0.0, "cut_vertices": 0.0, "logical_degree": 2.0, "coupling_mass": 5.0, "contacts": 2.0, "mass_per_contact": 2.5, "max_contact_load": 2.5, "load_concentration": 1.0, "field": 0.0}}
{"chain": {"task_index": 6, "source": "minorminer", "break_rate": 0.0, "length": 1.0, "internal_edges": 0.0, "redundancy": 0.0, "cut_vertices": 0.0, "logical_degree": 5.0, "coupling_mass": 7.800000000000001, "contacts": 6.0, "mass_per_contact": 1.3, "max_contact_load": 2.5, "load_concentration": 1.7123287671232876, "field": 0.0}}
{"chain": {"task_index": 6, "source": "minorminer", "break_rate": 0.0, "length": 1.0, "internal_edges": 0.0, "redundancy": 0.0, "cut_vertices": 0.0, "logical_degree": 2.0, "coupling_mass": 0.8, "contacts": 2.0, "mass_per_contact": 0.4, "max_contact_load": 0.4, "load_concentration": 1.0, "field": 0.0}}
{"chain": {"task_index": 6, "source": "minorminer", "break_rate": 0.0, "length": 1.0, "internal_edges": 0.0, "redundancy": 0.0, "cut_vertices": 0.0, "logical_degree": 0.0, "coupling_mass": 0.0, "contacts": 0.0, "mass_per_contact": 0.0, "max_contact_load": 0.0, "load_concentration": 0.0, "field": 0.0}}
{"chain": {"task_index": 6, "source": "minorminer", "break_rate": 0.0, "length": 1.0, "internal_edges": 0.0, "redundancy": 0.0, "cut_vertices": 0.0, "logical_degree": 2.0, "coupling_mass": 7.0, "contacts": 2.0, "mass_per_contact": 3.5, "max_contact_load": 3.9, "load_concentration": 1.1142857142857143, "field": 0.0}}
{"chain": {"task_index": 6, "source": "minorminer", "break_rate": 0.0, "length": 1.0, "internal_edges": 0.0, "redundancy": 0.0, "cut_vertices": 0.0, "logical_degree": 3.0, "coupling_mass": 7.8, "contacts": 3.0, "mass_per_contact": 2.6, "max_contact_load": 3.9, "load_concentration": 1.5, "field": 0.0}}
{"chain": {"task_index": 6, "source": "minorminer", "break_rate": 0.0, "length": 1.0, "internal_edges": 0.0, "redundancy": 0.0, "cut_vertices": 0.0, "logical_degree": 3.0, "coupling_mass": 5.8, "contacts": 3.0, "mass_per_contact": 1.9333333333333333, "max_contact_load": 3.9, "load_concentration": 2.0172413793103448, "field": 0.0}}
{"chain": {"task_index": 6, "source": "minorminer", "break_rate": 0.0, "length": 1.0, "internal_edges": 0.0, "redundancy": 0.0, "cut_vertices": 0.0, "logical_degree": 2.0, "coupling_mass": 0.8, "contacts": 2.0, "mass_per_contact": 0.4, "max_contact_load": 0.4, "load_concentration": 1.0, "field": 0.0}}
{"chain": {"task_index": 6, "source": "minorminer", "break_rate": 0.0, "length": 1.0, "internal_edges": 0.0, "redundancy": 0.0, "cut_vertices": 0.0, "logical_degree": 2.0, "coupling_mass": 0.8, "contacts": 2.0, "mass_per_contact": 0.4, "max_contact_load": 0.4, "load_concentration": 1.0, "field": 0.0}}
{"chain": {"task_index": 7, "source": "policy0", "break_rate": 0.0, "length": 1.0, "internal_edges": 0.0, "redundancy": 0.0, "cut_vertices": 0.0, "logical_degree": 2.0, "coupling_mass": 0.8, "contacts": 2.0, "mass_per_contact": 0.4, "max_contact_load": 0.4, "load_concentration": 1.0, "field": 0.0}}
{"chain": {"task_index": 7, "source": "policy0", "break_rate": 0.0751953125, "length": 2.0, "internal_edges": 1.0, "redundancy": 0.0, "cut_vertices": 0.0, "logical_degree": 2.0, "coupling_mass": 7.0, "contacts": 4.0, "mass_per_contact": 1.75, "max_contact_load": 3.1, "load_concentration": 1.409090909090909, "field": 0.0}}
{"chain": {"task_index": 7, "source": "policy0", "break_rate": 0.0, "length": 1.0, "internal_edges": 0.0, "redundancy": 0.0, "cut_vertices": 0.0, "logical_degree": 2.0, "coupling_mass": 5.0, "contacts": 3.0, "mass_per_contact": 1.6666666666666667, "max_contact_load": 2.5, "load_concentration": 1.3333333333333333, "field": 0.0}}
{"chain": {"task_index": 7, "source": "policy0", "break_rate": 0.0, "length": 1.0, "internal_edges": 0.0, "redundancy": 0.0, "cut_vertices": 0.0, "logical_degree": 3.0, "coupling_mass": 7.800000000000001, "contacts": 4.0, "mass_per_contact": 1.9500000000000002, "max_contact_load": 2.5, "load_concentration": 1.2820512820512822, "field": 0.0}}
{"chain": {"task_index": 7, "source": "policy0", "break_rate": 0.005859375, "length": 4.0, "internal_edges": 5.0, "redundancy": 2.0, "cut_vertices": 0.0, "logical_degree": 2.0, "coupling_mass": 3.0, "contacts": 6.0, "mass_per_contact": 0.5, "max_contact_load": 0.95, "load_concentration": 1.551020408163265, "field": 0.0}}
{"chain": {"task_index": 7, "source": "policy0", "break_rate": 0.0205078125, "length": 4.0, "internal_edges": 4.0, "redundancy": 1.0, "cut_vertices": 1.0, "logical_degree": 6.0, "coupling_mass": 5.200000000000001, "contacts": 17.0, "mass_per_contact": 0.30588235294117655, "max_contact_load": 1.4, "load_concentration": 3.0958230958230954, "field": 0.0}}
{"chain": {"task_index": 7, "source": "policy0", "break_rate": 0.21240234375, "length": 6.0, "internal_edges": 5.0, "redundancy": 0.0, "cut_vertices": 4.0, "logical_degree": 4.0, "coupling_mass": 6.6000000000000005, "contacts": 7.0, "mass_per_contact": 0.942857142857143, "max_contact_load": 1.95, "load_concentration": 2.2285714285714286, "field": 0.0}}
{"chain": {"task_index": 7, "source": "policy0", "break_rate": 0.029296875, "length": 3.0, "internal_edges": 2.0, "redundancy": 0.0, "cut_vertices": 1.0, "logical_degree": 3.0, "coupling_mass": 5.800000000000001, "contacts": 11.0, "mass_per_contact": 0.5272727272727273, "max_contact_load": 3.7, "load_concentration": 2.6941747572815538, "field": 0.0}}
{"chain": {"task_index": 7, "source": "policy0", "break_rate": 0.0, "length": 1.0, "internal_edges": 0.0, "redundancy": 0.0, "cut_vertices": 0.0, "logical_degree": 0.0, "coupling_mass": 0.0, "contacts": 0.0, "mass_per_contact": 0.0, "max_contact_load": 0.0, "load_concentration": 0.0, "field": 0.0}}
{"chain": {"task_index": 7, "source": "policy0", "break_rate": 0.0, "length": 1.0, "internal_edges": 0.0, "redundancy": 0.0, "cut_vertices": 0.0, "logical_degree": 2.0, "coupling_mass": 5.0, "contacts": 3.0, "mass_per_contact": 1.6666666666666667, "max_contact_load": 2.5, "load_concentration": 1.3333333333333333, "field": 0.0}}
{"chain": {"task_index": 7, "source": "policy0", "break_rate": 0.06103515625, "length": 3.0, "internal_edges": 2.0, "redundancy": 0.0, "cut_vertices": 1.0, "logical_degree": 5.0, "coupling_mass": 6.2, "contacts": 9.0, "mass_per_contact": 0.6888888888888889, "max_contact_load": 1.25, "load_concentration": 1.8939393939393943, "field": 0.0}}
{"chain": {"task_index": 7, "source": "policy0", "break_rate": 0.03125, "length": 2.0, "internal_edges": 1.0, "redundancy": 0.0, "cut_vertices": 0.0, "logical_degree": 2.0, "coupling_mass": 0.8, "contacts": 5.0, "mass_per_contact": 0.16, "max_contact_load": 0.2, "load_concentration": 1.2, "field": 0.0}}
{"chain": {"task_index": 7, "source": "policy0", "break_rate": 0.0, "length": 1.0, "internal_edges": 0.0, "redundancy": 0.0, "cut_vertices": 0.0, "logical_degree": 0.0, "coupling_mass": 0.0, "contacts": 0.0, "mass_per_contact": 0.0, "max_contact_load": 0.0, "load_concentration": 0.0, "field": 0.0}}
{"chain": {"task_index": 7, "source": "policy0", "break_rate": 0.00390625, "length": 2.0, "internal_edges": 1.0, "redundancy": 0.0, "cut_vertices": 0.0, "logical_degree": 2.0, "coupling_mass": 5.0, "contacts": 6.0, "mass_per_contact": 0.8333333333333334, "max_contact_load": 1.95, "load_concentration": 1.7528089887640448, "field": 0.0}}
{"chain": {"task_index": 7, "source": "policy0", "break_rate": 0.0, "length": 1.0, "internal_edges": 0.0, "redundancy": 0.0, "cut_vertices": 0.0, "logical_degree": 0.0, "coupling_mass": 0.0, "contacts": 0.0, "mass_per_contact": 0.0, "max_contact_load": 0.0, "load_concentration": 0.0, "field": 0.0}}
{"chain": {"task_index": 7, "source": "policy0", "break_rate": 0.02490234375, "length": 2.0, "internal_edges": 1.0, "redundancy": 0.0, "cut_vertices": 0.0, "logical_degree": 3.0, "coupling_mass": 2.0, "contacts": 7.0, "mass_per_contact": 0.2857142857142857, "max_contact_load": 0.4666666666666666, "load_concentration": 1.826086956521739, "field": 0.0}}
{"chain": {"task_index": 7, "source": "policy0", "break_rate": 0.3857421875, "length": 2.0, "internal_edges": 1.0, "redundancy": 0.0, "cut_vertices": 0.0, "logical_degree": 3.0, "coupling_mass": 7.800000000000001, "contacts": 4.0, "mass_per_contact": 1.9500000000000002, "max_contact_load": 3.9, "load_concentration": 1.647887323943662, "field": 0.0}}
{"chain": {"task_index": 7, "source": "policy0", "break_rate": 0.85107421875, "length": 6.0, "internal_edges": 5.0, "redundancy": 0.0, "cut_vertices": 4.0, "logical_degree": 3.0, "coupling_mass": 7.800000000000001, "contacts": 4.0, "mass_per_contact": 1.9500000000000002, "max_contact_load": 3.9, "load_concentration": 1.786259541984733, "field": 0.0}}
{"chain": {"task_index": 7, "source": "policy0", "break_rate": 0.3486328125, "length": 4.0, "internal_edges": 3.0, "redundancy": 0.0, "cut_vertices": 1.0, "logical_degree": 4.0, "coupling_mass": 8.2, "contacts": 4.0, "mass_per_contact": 2.05, "max_contact_load": 3.7, "load_concentration": 1.804878048780488, "field": 0.0}}
{"chain": {"task_index": 7, "source": "policy0", "break_rate": 0.23486328125, "length": 3.0, "internal_edges": 2.0, "redundancy": 0.0, "cut_vertices": 1.0, "logical_degree": 4.0, "coupling_mass": 6.6, "contacts": 9.0, "mass_per_contact": 0.7333333333333333, "max_contact_load": 1.5, "load_concentration": 1.7061611374407584, "field": 0.0}}
{"chain": {"task_index": 7, "source": "policy0", "break_rate": 0.06494140625, "length": 6.0, "internal_edges": 5.0, "redundancy": 0.0, "cut_vertices": 4.0, "logical_degree": 5.0, "coupling_mass": 6.6, "contacts": 13.0, "mass_per_contact": 0.5076923076923077, "max_contact_load": 1.2000000000000002, "load_concentration": 1.9007391763463573, "field": 0.0}}
{"chain": {"task_index": 7, "source": "policy0", "break_rate": 0.00244140625, "length": 2.0, "internal_edges": 1.0, "redundancy": 0.0, "cut_vertices": 0.0, "logical_degree": 5.0, "coupling_mass": 8.600000000000001, "contacts": 12.0, "mass_per_contact": 0.7166666666666668, "max_contact_load": 1.95, "load_concentration": 2.321428571428571, "field": 0.0}}
{"chain": {"task_index": 7, "source": "policy0", "break_rate": 0.0, "length": 1.0, "internal_edges": 0.0, "redundancy": 0.0, "cut_vertices": 0.0, "logical_degree": 0.0, "coupling_mass": 0.0, "contacts": 0.0, "mass_per_contact": 0.0, "max_contact_load": 0.0, "load_concentration": 0.0, "field": 0.0}}
{"chain": {"task_index": 7, "source": "policy0", "break_rate": 0.0107421875, "length": 2.0, "internal_edges": 1.0, "redundancy": 0.0, "cut_vertices": 0.0, "logical_degree": 3.0, "coupling_mass": 3.5999999999999996, "contacts": 6.0, "mass_per_contact": 0.6, "max_contact_load": 1.7999999999999998, "load_concentration": 2.1891891891891895, "field": 0.0}}
{"chain": {"task_index": 7, "source": "policy0", "break_rate": 0.0849609375, "length": 2.0, "internal_edges": 1.0, "redundancy": 0.0, "cut_vertices": 0.0, "logical_degree": 2.0, "coupling_mass": 7.0, "contacts": 4.0, "mass_per_contact": 1.75, "max_contact_load": 3.1, "load_concentration": 1.409090909090909, "field": 0.0}}
{"chain": {"task_index": 7, "source": "policy0", "break_rate": 0.12158203125, "length": 4.0, "internal_edges": 3.0, "redundancy": 0.0, "cut_vertices": 2.0, "logical_degree": 4.0, "coupling_mass": 7.0, "contacts": 6.0, "mass_per_contact": 1.1666666666666667, "max_contact_load": 3.1, "load_concentration": 1.8415841584158417, "field": 0.0}}
{"chain": {"task_index": 7, "source": "policy0", "break_rate": 0.04150390625, "length": 2.0, "internal_edges": 1.0, "redundancy": 0.0, "cut_vertices": 0.0, "logical_degree": 0.0, "coupling_mass": 0.0, "contacts": 0.0, "mass_per_contact": 0.0, "max_contact_load": 0.0, "load_concentration": 0.0, "field": 0.0}}
{"chain": {"task_index": 7, "source": "policy0", "break_rate": 0.0, "length": 1.0, "internal_edges": 0.0, "redundancy": 0.0, "cut_vertices": 0.0, "logical_degree": 0.0, "coupling_mass": 0.0, "contacts": 0.0, "mass_per_contact": 0.0, "max_contact_load": 0.0, "load_concentration": 0.0, "field": 0.0}}
{"chain": {"task_index": 7, "source": "policy0", "break_rate": 0.0, "length": 1.0, "internal_edges": 0.0, "redundancy": 0.0, "cut_vertices": 0.0, "logical_degree": 0.0, "coupling_mass": 0.0, "contacts": 0.0, "mass_per_contact": 0.0, "max_contact_load": 0.0, "load_concentration": 0.0, "field": 0.0}}
{"chain": {"task_index": 7, "source": "policy0", "break_rate": 0.11669921875, "length": 4.0, "internal_edges": 3.0, "redundancy": 0.0, "cut_vertices": 1.0, "logical_degree": 2.0, "coupling_mass": 5.0, "contacts": 2.0, "mass_per_contact": 2.5, "max_contact_load": 2.5, "load_concentration": 1.0, "field": 0.0}}
{"chain": {"task_index": 7, "source": "policy0", "break_rate": 0.0244140625, "length": 2.0, "internal_edges": 1.0, "redundancy": 0.0, "cut_vertices": 0.0, "logical_degree": 2.0, "coupling_mass": 2.0, "contacts": 5.0, "mass_per_contact": 0.4, "max_contact_load": 0.4666666666666666, "load_concentration": 1.2173913043478262, "field": 0.0}}
{"chain": {"task_index": 7, "source": "policy0", "break_rate": 0.27001953125, "length": 4.0, "internal_edges": 3.0, "redundancy": 0.0, "cut_vertices": 2.0, "logical_degree": 3.0, "coupling_mass": 2.8, "contacts": 5.0, "mass_per_contact": 0.5599999999999999, "max_contact_load": 1.4, "load_concentration": 1.9687499999999998, "field": 0.0}}
{"chain": {"task_index": 7, "source": "policy1", "break_rate": 0.03125, "length": 2.0, "internal_edges": 1.0, "redundancy": 0.0, "cut_vertices": 0.0, "logical_degree": 2.0, "coupling_mass": 0.8, "contacts": 4.0, "mass_per_contact": 0.2, "max_contact_load": 0.4, "load_concentration": 1.5, "field": 0.0}}
{"chain": {"task_index": 7, "source": "policy1", "break_rate": 0.02880859375, "length": 2.0, "internal_edges": 1.0, "redundancy": 0.0, "cut_vertices": 0.0, "logical_degree": 2.0, "coupling_mass": 7.0, "contacts": 5.0, "mass_per_contact": 1.4, "max_contact_load": 1.95, "load_concentration": 1.307262569832402, "field": 0.0}}
{"chain": {"task_index": 7, "source": "policy1", "break_rate": 0.0, "length": 1.0, "internal_edges": 0.0, "redundancy": 0.0, "cut_vertices": 0.0, "logical_degree": 2.0, "coupling_mass": 5.0, "contacts": 2.0, "mass_per_contact": 2.5, "max_contact_load": 2.5, "load_concentration": 1.0, "field": 0.0}}
{"chain": {"task_index": 7, "source": "policy1", "break_rate": 0.0, "length": 1.0, "internal_edges": 0.0, "redundancy": 0.0, "cut_vertices": 0.0, "logical_degree": 3.0, "coupling_mass": 7.800000000000001, "contacts": 4.0, "mass_per_contact": 1.9500000000000002, "max_contact_load": 3.9, "load_concentration": 1.786259541984733, "field": 0.0}}
{"chain": {"task_index": 7, "source": "policy1", "break_rate": 0.08935546875, "length": 4.0, "internal_edges": 3.0, "redundancy": 0.0, "cut_vertices": 1.0, "logical_degree": 2.0, "coupling_mass": 3.0, "contacts": 4.0, "mass_per_contact": 0.75, "max_contact_load": 1.1, "load_concentration": 1.2692307692307694, "field": 0.0}}
{"chain": {"task_index": 7, "source": "policy1", "break_rate": 0.15771484375, "length": 6.0, "internal_edges": 6.0, "redundancy": 1.0, "cut_vertices": 3.0, "logical_degree": 6.0, "coupling_mass": 5.200000000000001, "contacts": 21.0, "mass_per_contact": 0.24761904761904768, "max_contact_load": 2.2, "load_concentration": 4.375690607734806, "field": 0.0}}
{"chain": {"task_index": 7, "source": "policy1", "break_rate": 0.3173828125, "length": 4.0, "internal_edges": 3.0, "redundancy": 0.0, "cut_vertices": 2.0, "logical_degree": 4.0, "coupling_mass": 6.6000000000000005, "contacts": 10.0, "mass_per_contact": 0.66, "max_contact_load": 3.9, "load_concentration": 3.227586206896552, "field": 0.0}}
{"chain": {"task_index": 7, "source": "policy1", "break_rate": 0.03173828125, "length": 4.0, "internal_edges": 3.0, "redundancy": 0.0, "cut_vertices": 2.0, "logical_degree": 3.0, "coupling_mass": 5.800000000000001, "contacts": 12.0, "mass_per_contact": 0.4833333333333334, "max_contact_load": 1.2333333333333334, "load_concentration": 2.2111553784860556, "field": 0.0}}
{"chain": {"task_index": 7, "source": "policy1", "break_rate": 0.0810546875, "length": 6.0, "internal_edges": 7.0, "redundancy": 2.0, "cut_vertices": 1.0, "logical_degree": 0.0, "coupling_mass": 0.0, "contacts": 0.0, "mass_per_contact": 0.0, "max_contact_load": 0.0, "load_concentration": 0.0, "field": 0.0}}
{"chain": {"task_index": 7, "source": "policy1", "break_rate": 0.0234375, "length": 2.0, "internal_edges": 1.0, "redundancy": 0.0, "cut_vertices": 0.0, "logical_degree": 2.0, "coupling_mass": 5.0, "contacts": 4.0, "mass_per_contact": 1.25, "max_contact_load": 1.25, "load_concentration": 1.0, "field": 0.0}}
{"chain": {"task_index": 7, "source": "policy1", "break_rate": 0.03466796875, "length": 2.0, "internal_edges": 1.0, "redundancy": 0.0, "cut_vertices": 0.0, "logical_degree": 5.0, "coupling_mass": 6.2, "contacts": 9.0, "mass_per_contact": 0.6888888888888889, "max_contact_load": 2.5, "load_concentration": 2.8517110266159698, "field": 0.0}}
{"chain": {"task_index": 7, "source": "policy1", "break_rate": 0.189453125, "length": 6.0, "internal_edges": 5.0, "redundancy": 0.0, "cut_vertices": 3.0, "logical_degree": 2.0, "coupling_mass": 0.8, "contacts": 4.0, "mass_per_contact": 0.2, "max_contact_load": 0.2, "load_concentration": 1.0, "field": 0.0}}
{"chain": {"task_index": 7, "source": "policy1", "break_rate": 0.08154296875, "length": 3.0, "internal_edges": 2.0, "redundancy": 0.0, "cut_vertices": 1.0, "logical_degree": 0.0, "coupling_mass": 0.0, "contacts": 0.0, "mass_per_contact": 0.0, "max_contact_load": 0.0, "load_concentration": 0.0, "field": 0.0}}
{"chain": {"task_index": 7, "source": "policy1", "break_rate": 0.1611328125, "length": 2.0, "internal_edges": 1.0, "redundancy": 0.0, "cut_vertices": 0.0, "logical_degree": 2.0, "coupling_mass": 5.0, "contacts": 2.0, "mass_per_contact": 2.5, "max_contact_load": 3.9, "load_concentration": 1.56, "field": 0.0}}
{"chain": {"task_index": 7, "source": "policy1", "break_rate": 0.0, "length": 1.0, "internal_edges": 0.0, "redundancy": 0.0, "cut_vertices": 0.0, "logical_degree": 0.0, "coupling_mass": 0.0, "contacts": 0.0, "mass_per_contact": 0.0, "max_contact_load": 0.0, "load_concentration": 0.0, "field": 0.0}}
{"chain": {"task_index": 7, "source": "policy1", "break_rate": 0.0, "length": 1.0, "internal_edges": 0.0, "redundancy": 0.0, "cut_vertices": 0.0, "logical_degree": 3.0, "coupling_mass": 2.0, "contacts": 4.0, "mass_per_contact": 0.5, "max_contact_load": 1.4, "load_concentration": 2.3333333333333335, "field": 0.0}}
{"chain": {"task_index": 7, "source": "policy1", "break_rate": 0.02734375, "length": 2.0, "internal_edges": 1.0, "redundancy": 0.0, "cut_vertices": 0.0, "logical_degree": 3.0, "coupling_mass": 7.800000000000001, "contacts": 4.0, "mass_per_contact": 1.9500000000000002, "max_contact_load": 3.9, "load_concentration": 1.786259541984733, "field": 0.0}}
{"chain": {"task_index": 7, "source": "policy1", "break_rate": 0.0, "length": 1.0, "internal_edges": 0.0, "redundancy": 0.0, "cut_vertices": 0.0, "logical_degree": 3.0, "coupling_mass": 7.800000000000001, "contacts": 3.0, "mass_per_contact": 2.6, "max_contact_load": 3.9, "load_concentration": 1.5, "field": 0.0}}
{"chain": {"task_index": 7, "source": "policy1", "break_rate": 0.021484375, "length": 5.0, "internal_edges": 4.0, "redundancy": 0.0, "cut_vertices": 3.0, "logical_degree": 4.0, "coupling_mass": 8.2, "contacts": 9.0, "mass_per_contact": 0.911111111111111, "max_contact_load": 1.5, "load_concentration": 1.5254237288135593, "field": 0.0}}
{"chain": {"task_index": 7, "source": "policy1", "break_rate": 0.0, "length": 1.0, "internal_edges": 0.0, "redundancy": 0.0, "cut_vertices": 0.0, "logical_degree": 4.0, "coupling_mass": 6.6, "contacts": 4.0, "mass_per_contact": 1.65, "max_contact_load": 2.2, "load_concentration": 1.3333333333333335, "field": 0.0}}
{"chain": {"task_index": 7, "source": "policy1", "break_rate": 0.13232421875, "length": 3.0, "internal_edges": 2.0, "redundancy": 0.0, "cut_vertices": 1.0, "logical_degree": 5.0, "coupling_mass": 6.6, "contacts": 12.0, "mass_per_contact": 0.5499999999999999, "max_contact_load": 1.9, "load_concentration": 2.1722560975609757, "field": 0.0}}
{"chain": {"task_index": 7, "source": "policy1", "break_rate": 0.85498046875, "length": 4.0, "internal_edges": 3.0, "redundancy": 0.0, "cut_vertices": 2.0, "logical_degree": 5.0, "coupling_mass": 8.600000000000001, "contacts": 12.0, "mass_per_contact": 0.7166666666666668, "max_contact_load": 3.9, "load_concentration": 2.4375, "field": 0.0}}
{"chain": {"task_index": 7, "source": "policy1", "break_rate": 0.103515625, "length": 4.0, "internal_edges": 3.0, "redundancy": 0.0, "cut_vertices": 2.0, "logical_degree": 0.0, "coupling_mass": 0.0, "contacts": 0.0, "mass_per_contact": 0.0, "max_contact_load": 0.0, "load_concentration": 0.0, "field": 0.0}}
{"chain": {"task_index": 7, "source": "policy1", "break_rate": 0.00390625, "length": 4.0, "internal_edges": 5.0, "redundancy": 2.0, "cut_vertices": 0.0, "logical_degree": 3.0, "coupling_mass": 3.5999999999999996, "contacts": 6.0, "mass_per_contact": 0.6, "max_contact_load": 1.4, "load_concentration": 1.9090909090909092, "field": 0.0}}
{"chain": {"task_index": 7, "source": "policy1", "break_rate": 0.0, "length": 1.0, "internal_edges": 0.0, "redundancy": 0.0, "cut_vertices": 0.0, "logical_degree": 2.0, "coupling_mass": 7.0, "contacts": 3.0, "mass_per_contact": 2.3333333333333335, "max_contact_load": 3.1, "load_concentration": 1.2277227722772277, "field": 0.0}}
{"chain": {"task_index": 7, "source": "policy1", "break_rate": 0.123046875, "length": 2.0, "internal_edges": 1.0, "redundancy": 0.0, "cut_vertices": 0.0, "logical_degree": 4.0, "coupling_mass": 7.0, "contacts": 7.0, "mass_per_contact": 1.0, "max_contact_load": 3.1, "load_concentration": 2.619718309859155, "field": 0.0}}
{"chain": {"task_index": 7, "source": "policy1", "break_rate": 0.0, "length": 1.0, "internal_edges": 0.0, "redundancy": 0.0, "cut_vertices": 0.0, "logical_degree": 0.0, "coupling_mass": 0.0, "contacts": 0.0, "mass_per_contact": 0.0, "max_contact_load": 0.0, "load_concentration": 0.0, "field": 0.0}}
{"chain": {"task_index": 7, "source": "policy1", "break_rate": 0.0, "length": 1.0, "internal_edges": 0.0, "redundancy": 0.0, "cut_vertices": 0.0, "logical_degree": 0.0, "coupling_mass": 0.0, "contacts": 0.0, "mass_per_contact": 0.0, "max_contact_load": 0.0, "load_concentration": 0.0, "field": 0.0}}
{"chain": {"task_index": 7, "source": "policy1", "break_rate": 0.046875, "length": 2.0, "internal_edges": 1.0, "redundancy": 0.0, "cut_vertices": 0.0, "logical_degree": 0.0, "coupling_mass": 0.0, "contacts": 0.0, "mass_per_contact": 0.0, "max_contact_load": 0.0, "load_concentration": 0.0, "field": 0.0}}
{"chain": {"task_index": 7, "source": "policy1", "break_rate": 0.083984375, "length": 3.0, "internal_edges": 2.0, "redundancy": 0.0, "cut_vertices": 1.0, "logical_degree": 2.0, "coupling_mass": 5.0, "contacts": 3.0, "mass_per_contact": 1.6666666666666667, "max_contact_load": 2.5, "load_concentration": 1.3333333333333333, "field": 0.0}}
{"chain": {"task_index": 7, "source": "policy1", "break_rate": 0.0, "length": 1.0, "internal_edges": 0.0, "redundancy": 0.0, "cut_vertices": 0.0, "logical_degree": 2.0, "coupling_mass": 2.0, "contacts": 3.0, "mass_per_contact": 0.6666666666666666, "max_contact_load": 1.4, "load_concentration": 1.6470588235294117, "field": 0.0}}
{"chain": {"task_index": 7, "source": "policy1", "break_rate": 0.033203125, "length": 2.0, "internal_edges": 1.0, "redundancy": 0.0, "cut_vertices": 0.0, "logical_degree": 3.0, "coupling_mass": 2.8, "contacts": 7.0, "mass_per_contact": 0.39999999999999997, "max_contact_load": 1.0, "load_concentration": 1.9354838709677418, "field": 0.0}}
{"chain": {"task_index": 7, "source": "minorminer", "break_rate": 0.0, "length": 1.0, "internal_edges": 0.0, "redundancy": 0.0, "cut_vertices": 0.0, "logical_degree": 2.0, "coupling_mass": 0.8, "contacts": 2.0, "mass_per_contact": 0.4, "max_contact_load": 0.4, "load_concentration": 1.0, "field": 0.0}}
{"chain": {"task_index": 7, "source": "minorminer", "break_rate": 0.0, "length": 1.0, "internal_edges": 0.0, "redundancy": 0.0, "cut_vertices": 0.0, "logical_degree": 2.0, "coupling_mass": 7.0, "contacts": 2.0, "mass_per_contact": 3.5, "max_contact_load": 3.9, "load_concentration": 1.1142857142857143, "field": 0.0}}
{"chain": {"task_index": 7, "source": "minorminer", "break_rate": 0.0, "length": 1.0, "internal_edges": 0.0, "redundancy": 0.0, "cut_vertices": 0.0, "logical_degree": 2.0, "coupling_mass": 5.0, "contacts": 2.0, "mass_per_contact": 2.5, "max_contact_load": 2.5, "load_concentration": 1.0, "field": 0.0}}
{"chain": {"task_index": 7, "source": "minorminer", "break_rate": 0.0, "length": 1.0, "internal_edges": 0.0, "redundancy": 0.0, "cut_vertices": 0.0, "logical_degree": 3.0, "coupling_mass": 7.800000000000001, "contacts": 3.0, "mass_per_contact": 2.6, "max_contact_load": 3.9, "load_concentration": 1.5, "field": 0.0}}
{"chain": {"task_index": 7, "source": "minorminer", "break_rate": 0.0, "length": 1.0, "internal_edges": 0.0, "redundancy": 0.0, "cut_vertices": 0.0, "logical_degree": 2.0, "coupling_mass": 3.0, "contacts": 2.0, "mass_per_contact": 1.5, "max_contact_load": 1.9, "load_concentration": 1.2666666666666666, "field": 0.0}}
{"chain": {"task_index": 7, "source": "minorminer", "break_rate": 0.0, "length": 1.0, "internal_edges": 0.0, "redundancy": 0.0, "cut_vertices": 0.0, "logical_degree": 6.0, "coupling_mass": 5.200000000000001, "contacts": 6.0, "mass_per_contact": 0.8666666666666668, "max_contact_load": 2.2, "load_concentration": 2.5384615384615388, "field": 0.0}}
{"chain": {"task_index": 7, "source": "minorminer", "break_rate": 0.0, "length": 1.0, "internal_edges": 0.0, "redundancy": 0.0, "cut_vertices": 0.0, "logical_degree": 4.0, "coupling_mass": 6.6000000000000005, "contacts": 4.0, "mass_per_contact": 1.6500000000000001, "max_contact_load": 3.9, "load_concentration": 2.3636363636363638, "field": 0.0}}
{"chain": {"task_index": 7, "source": "minorminer", "break_rate": 0.0, "length": 1.0, "internal_edges": 0.0, "redundancy": 0.0, "cut_vertices": 0.0, "logical_degree": 3.0, "coupling_mass": 5.800000000000001, "contacts": 3.0, "mass_per_contact": 1.9333333333333336, "max_contact_load": 3.7, "load_concentration": 1.9137931034482758, "field": 0.0}}
{"chain": {"task_index": 7, "source": "minorminer", "break_rate": 0.0, "length": 1.0, "internal_edges": 0.0, "redundancy": 0.0, "cut_vertices": 0.0, "logical_degree": 0.0, "coupling_mass": 0.0, "contacts": 0.0, "mass_per_contact": 0.0, "max_contact_load": 0.0, "load_concentration": 0.0, "field": 0.0}}
{"chain": {"task_index": 7, "source": "minorminer", "break_rate": 0.0, "length": 1.0, "internal_edges": 0.0, "redundancy": 0.0, "cut_vertices": 0.0, "logical_degree": 2.0, "coupling_mass": 5.0, "contacts": 2.0, "mass_per_contact": 2.5, "max_contact_load": 2.5, "load_concentration": 1.0, "field": 0.0}}
{"chain": {"task_index": 7, "source": "minorminer", "break_rate": 0.6298828125, "length": 2.0, "internal_edges": 1.0, "redundancy": 0.0, "cut_vertices": 0.0, "logical_degree": 5.0, "coupling_mass": 6.2, "contacts": 6.0, "mass_per_contact": 1.0333333333333334, "max_contact_load": 2.5, "load_concentration": 2.11864406779661, "field": 0.0}}
{"chain": {"task_index": 7, "source": "minorminer", "break_rate": 0.0, "length": 1.0, "internal_edges": 0.0, "redundancy": 0.0, "cut_vertices": 0.0, "logical_degree": 2.0, "coupling_mass": 0.8, "contacts": 2.0, "mass_per_contact": 0.4, "max_contact_load": 0.4, "load_concentration": 1.0, "field": 0.0}}
{"chain": {"task_index": 7, "source": "minorminer", "break_rate": 0.0, "length": 1.0, "internal_edges": 0.0, "redundancy": 0.0, "cut_vertices": 0.0, "logical_degree": 0.0, "coupling_mass": 0.0, "contacts": 0.0, "mass_per_contact": 0.0, "max_contact_load": 0.0, "load_concentration": 0.0, "field": 0.0}}
{"chain": {"task_index": 7, "source": "minorminer", "break_rate": 0.0, "length": 1.0, "internal_edges": 0.0, "redundancy": 0.0, "cut_vertices": 0.0, "logical_degree": 2.0, "coupling_mass": 5.0, "contacts": 2.0, "mass_per_contact": 2.5, "max_contact_load": 3.9, "load_concentration": 1.56, "field": 0.0}}
{"chain": {"task_index": 7, "source": "minorminer", "break_rate": 0.0, "length": 1.0, "internal_edges": 0.0, "redundancy": 0.0, "cut_vertices": 0.0, "logical_degree": 0.0, "coupling_mass": 0.0, "contacts": 0.0, "mass_per_contact": 0.0, "max_contact_load": 0.0, "load_concentration": 0.0, "field": 0.0}}
{"chain": {"task_index": 7, "source": "minorminer", "break_rate": 0.0, "length": 1.0, "internal_edges": 0.0, "redundancy": 0.0, "cut_vertices": 0.0, "logical_degree": 3.0, "coupling_mass": 2.0, "contacts": 3.0, "mass_per_contact": 0.6666666666666666, "max_contact_load": 1.4, "load_concentration": 2.1, "field": 0.0}}
{"chain": {"task_index": 7, "source": "minorminer", "break_rate": 0.0, "length": 1.0, "internal_edges": 0.0, "redundancy": 0.0, "cut_vertices": 0.0, "logical_degree": 3.0, "coupling_mass": 7.800000000000001, "contacts": 3.0, "mass_per_contact": 2.6, "max_contact_load": 3.9, "load_concentration": 1.5, "field": 0.0}}
{"chain": {"task_index": 7, "source": "minorminer", "break_rate": 0.0, "length": 1.0, "internal_edges": 0.0, "redundancy": 0.0, "cut_vertices": 0.0, "logical_degree": 3.0, "coupling_mass": 7.800000000000001, "contacts": 3.0, "mass_per_contact": 2.6, "max_contact_load": 3.9, "load_concentration": 1.5, "field": 0.0}}
{"chain": {"task_index": 7, "source": "minorminer", "break_rate": 0.0, "length": 1.0, "internal_edges": 0.0, "redundancy": 0.0, "cut_vertices": 0.0, "logical_degree": 4.0, "coupling_mass": 8.2, "contacts": 4.0, "mass_per_contact": 2.05, "max_contact_load": 3.7, "load_concentration": 1.804878048780488, "field": 0.0}}
{"chain": {"task_index": 7, "source": "minorminer", "break_rate": 0.0, "length": 1.0, "internal_edges": 0.0, "redundancy": 0.0, "cut_vertices": 0.0, "logical_degree": 4.0, "coupling_mass": 6.6, "contacts": 4.0, "mass_per_contact": 1.65, "max_contact_load": 2.2, "load_concentration": 1.3333333333333335, "field": 0.0}}
{"chain": {"task_index": 7, "source": "minorminer", "break_rate": 0.0, "length": 1.0, "internal_edges": 0.0, "redundancy": 0.0, "cut_vertices": 0.0, "logical_degree": 5.0, "coupling_mass": 6.6, "contacts": 5.0, "mass_per_contact": 1.3199999999999998, "max_contact_load": 1.9, "load_concentration": 1.4393939393939392, "field": 0.0}}
{"chain": {"task_index": 7, "source": "minorminer", "break_rate": 0.0, "length": 1.0, "internal_edges": 0.0, "redundancy": 0.0, "cut_vertices": 0.0, "logical_degree": 5.0, "coupling_mass": 8.600000000000001, "contacts": 5.0, "mass_per_contact": 1.7200000000000002, "max_contact_load": 3.9, "load_concentration": 2.2674418604651163, "field": 0.0}}
{"chain": {"task_index": 7, "source": "minorminer", "break_rate": 0.0, "length": 1.0, "internal_edges": 0.0, "redundancy": 0.0, "cut_vertices": 0.0, "logical_degree": 0.0, "coupling_mass": 0.0, "contacts": 0.0, "mass_per_contact": 0.0, "max_contact_load": 0.0, "load_concentration": 0.0, "field": 0.0}}
{"chain": {"task_index": 7, "source": "minorminer", "break_rate": 0.0, "length": 1.0, "internal_edges": 0.0, "redundancy": 0.0, "cut_vertices": 0.0, "logical_degree": 3.0, "coupling_mass": 3.5999999999999996, "contacts": 3.0, "mass_per_contact": 1.2, "max_contact_load": 1.7999999999999998, "load_concentration": 1.5, "field": 0.0}}
{"chain": {"task_index": 7, "source": "minorminer", "break_rate": 0.0, "length": 1.0, "internal_edges": 0.0, "redundancy": 0.0, "cut_vertices": 0.0, "logical_degree": 2.0, "coupling_mass": 7.0, "contacts": 2.0, "mass_per_contact": 3.5, "max_contact_load": 3.9, "load_concentration": 1.1142857142857143, "field": 0.0}}
{"chain": {"task_index": 7, "source": "minorminer", "break_rate": 0.0, "length": 1.0, "internal_edges": 0.0, "redundancy": 0.0, "cut_vertices": 0.0, "logical_degree": 4.0, "coupling_mass": 7.0, "contacts": 4.0, "mass_per_contact": 1.75, "max_contact_load": 3.1, "load_concentration": 1.7714285714285716, "field": 0.0}}
{"chain": {"task_index": 7, "source": "minorminer", "break_rate": 0.0, "length": 1.0, "internal_edges": 0.0, "redundancy": 0.0, "cut_vertices": 0.0, "logical_degree": 0.0, "coupling_mass": 0.0, "contacts": 0.0, "mass_per_contact": 0.0, "max_contact_load": 0.0, "load_concentration": 0.0, "field": 0.0}}
{"chain": {"task_index": 7, "source": "minorminer", "break_rate": 0.0, "length": 1.0, "internal_edges": 0.0, "redundancy": 0.0, "cut_vertices": 0.0, "logical_degree": 0.0, "coupling_mass": 0.0, "contacts": 0.0, "mass_per_contact": 0.0, "max_contact_load": 0.0, "load_concentration": 0.0, "field": 0.0}}
{"chain": {"task_index": 7, "source": "minorminer", "break_rate": 0.0, "length": 1.0, "internal_edges": 0.0, "redundancy": 0.0, "cut_vertices": 0.0, "logical_degree": 0.0, "coupling_mass": 0.0, "contacts": 0.0, "mass_per_contact": 0.0, "max_contact_load": 0.0, "load_concentration": 0.0, "field": 0.0}}
{"chain": {"task_index": 7, "source": "minorminer", "break_rate": 0.0, "length": 1.0, "internal_edges": 0.0, "redundancy": 0.0, "cut_vertices": 0.0, "logical_degree": 2.0, "coupling_mass": 5.0, "contacts": 2.0, "mass_per_contact": 2.5, "max_contact_load": 2.5, "load_concentration": 1.0, "field": 0.0}}
{"chain": {"task_index": 7, "source": "minorminer", "break_rate": 0.0, "length": 1.0, "internal_edges": 0.0, "redundancy": 0.0, "cut_vertices": 0.0, "logical_degree": 2.0, "coupling_mass": 2.0, "contacts": 3.0, "mass_per_contact": 0.6666666666666666, "max_contact_load": 1.4, "load_concentration": 1.6470588235294117, "field": 0.0}}
{"chain": {"task_index": 7, "source": "minorminer", "break_rate": 0.0, "length": 1.0, "internal_edges": 0.0, "redundancy": 0.0, "cut_vertices": 0.0, "logical_degree": 3.0, "coupling_mass": 2.8, "contacts": 3.0, "mass_per_contact": 0.9333333333333332, "max_contact_load": 1.4, "load_concentration": 1.5, "field": 0.0}}
{"chain": {"task_index": 8, "source": "policy0", "break_rate": 0.0, "length": 1.0, "internal_edges": 0.0, "redundancy": 0.0, "cut_vertices": 0.0, "logical_degree": 0.0, "coupling_mass": 0.0, "contacts": 0.0, "mass_per_contact": 0.0, "max_contact_load": 0.0, "load_concentration": 0.0, "field": 0.0}}
{"chain": {"task_index": 8, "source": "policy0", "break_rate": 0.0, "length": 1.0, "internal_edges": 0.0, "redundancy": 0.0, "cut_vertices": 0.0, "logical_degree": 2.0, "coupling_mass": 4.0, "contacts": 2.0, "mass_per_contact": 2.0, "max_contact_load": 2.4, "load_concentration": 1.2, "field": 0.0}}
{"chain": {"task_index": 8, "source": "policy0", "break_rate": 0.0, "length": 1.0, "internal_edges": 0.0, "redundancy": 0.0, "cut_vertices": 0.0, "logical_degree": 2.0, "coupling_mass": 4.0, "contacts": 3.0, "mass_per_contact": 1.3333333333333333, "max_contact_load": 3.0, "load_concentration": 1.7142857142857142, "field": 0.0}}
{"chain": {"task_index": 8, "source": "policy0", "break_rate": 0.03173828125, "length": 4.0, "internal_edges": 3.0, "redundancy": 0.0, "cut_vertices": 1.0, "logical_degree": 3.0, "coupling_mass": 8.2, "contacts": 10.0, "mass_per_contact": 0.82, "max_contact_load": 2.2, "load_concentration": 1.8410041841004186, "field": 0.0}}
{"chain": {"task_index": 8, "source": "policy0", "break_rate": 0.54052734375, "length": 3.0, "internal_edges": 2.0, "redundancy": 0.0, "cut_vertices": 1.0, "logical_degree": 2.0, "coupling_mass": 5.0, "contacts": 2.0, "mass_per_contact": 2.5, "max_contact_load": 3.5, "load_concentration": 1.4, "field": 0.0}}
{"chain": {"task_index": 8, "source": "policy0", "break_rate": 0.06787109375, "length": 3.0, "internal_edges": 2.0, "redundancy": 0.0, "cut_vertices": 1.0, "logical_degree": 2.0, "coupling_mass": 2.2, "contacts": 5.0, "mass_per_contact": 0.44000000000000006, "max_contact_load": 2.1, "load_concentration": 1.9764705882352942, "field": 0.0}}
{"chain": {"task_index": 8, "source": "policy0", "break_rate": 0.25634765625, "length": 2.0, "internal_edges": 1.0, "redundancy": 0.0, "cut_vertices": 0.0, "logical_degree": 3.0, "coupling_mass": 5.0, "contacts": 3.0, "mass_per_contact": 1.6666666666666667, "max_contact_load": 2.5, "load_concentration": 1.5, "field": 0.0}}
{"chain": {"task_index": 8, "source": "policy0", "break_rate": 0.0, "length": 1.0, "internal_edges": 0.0, "redundancy": 0.0, "cut_vertices": 0.0, "logical_degree": 0.0, "coupling_mass": 0.0, "contacts": 0.0, "mass_per_contact": 0.0, "max_contact_load": 0.0, "load_concentration": 0.0, "field": 0.0}}
{"chain": {"task_index": 8, "source": "policy0", "break_rate": 0.08251953125, "length": 2.0, "internal_edges": 1.0, "redundancy": 0.0, "cut_vertices": 0.0, "logical_degree": 3.0, "coupling_mass": 7.4, "contacts": 7.0, "mass_per_contact": 1.0571428571428572, "max_contact_load": 2.6999999999999997, "load_concentration": 1.4568345323741005, "field": 0.0}}
{"chain": {"task_index": 8, "source": "policy0", "break_rate": 0.29443359375, "length": 6.0, "internal_edges": 5.0, "redundancy": 0.0, "cut_vertices": 4.0, "logical_degree": 3.0, "coupling_mass": 5.0, "contacts": 3.0, "mass_per_contact": 1.6666666666666667, "max_contact_load": 2.6999999999999997, "load_concentration": 1.6199999999999997, "field": 0.0}}
{"chain": {"task_index": 8, "source": "policy0", "break_rate": 0.0, "length": 1.0, "internal_edges": 0.0, "redundancy": 0.0, "cut_vertices": 0.0, "logical_degree": 5.0, "coupling_mass": 7.8, "contacts": 5.0, "mass_per_contact": 1.56, "max_contact_load": 3.0, "load_concentration": 1.923076923076923, "field": 0.0}}
{"chain": {"task_index": 8, "source": "policy0", "break_rate": 0.0, "length": 1.0, "internal_edges": 0.0, "redundancy": 0.0, "cut_vertices": 0.0, "logical_degree": 0.0, "coupling_mass": 0.0, "contacts": 0.0, "mass_per_contact": 0.0, "max_contact_load": 0.0, "load_concentration": 0.0, "field": 0.0}}
{"chain": {"task_index": 8, "source": "policy0", "break_rate": 0.0, "length": 1.0, "internal_edges": 0.0, "redundancy": 0.0, "cut_vertices": 0.0, "logical_degree": 2.0, "coupling_mass": 2.8, "contacts": 2.0, "mass_per_contact": 1.4, "max_contact_load": 2.0, "load_concentration": 1.4285714285714286, "field": 0.0}}
{"chain": {"task_index": 8, "source": "policy0", "break_rate": 0.03369140625, "length": 2.0, "internal_edges": 1.0, "redundancy": 0.0, "cut_vertices": 0.0, "logical_degree": 2.0, "coupling_mass": 5.0, "contacts": 2.0, "mass_per_contact": 2.5, "max_contact_load": 3.5, "load_concentration": 1.4, "field": 0.0}}
{"chain": {"task_index": 8, "source": "policy0", "break_rate": 0.056640625, "length": 2.0, "internal_edges": 1.0, "redundancy": 0.0, "cut_vertices": 0.0, "logical_degree": 2.0, "coupling_mass": 2.0, "contacts": 3.0, "mass_per_contact": 0.6666666666666666, "max_contact_load": 1.0, "load_concentration": 1.3333333333333333, "field": 0.0}}
{"chain": {"task_index": 8, "source": "policy0", "break_rate": 0.0, "length": 1.0, "internal_edges": 0.0, "redundancy": 0.0, "cut_vertices": 0.0, "logical_degree": 2.0, "coupling_mass": 5.0, "contacts": 2.0, "mass_per_contact": 2.5, "max_contact_load": 2.9, "load_concentration": 1.16, "field": 0.0}}
{"chain": {"task_index": 8, "source": "policy0", "break_rate": 0.0, "length": 1.0, "internal_edges": 0.0, "redundancy": 0.0, "cut_vertices": 0.0, "logical_degree": 2.0, "coupling_mass": 0.8, "contacts": 2.0, "mass_per_contact": 0.4, "max_contact_load": 0.4, "load_concentration": 1.0, "field": 0.0}}
{"chain": {"task_index": 8, "source": "policy0", "break_rate": 0.0, "length": 1.0, "internal_edges": 0.0, "redundancy": 0.0, "cut_vertices": 0.0, "logical_degree": 3.0, "coupling_mass": 3.5999999999999996, "contacts": 4.0, "mass_per_contact": 0.8999999999999999, "max_contact_load": 1.7999999999999998, "load_concentration": 1.7419354838709677, "field": 0.0}}
{"chain": {"task_index": 8, "source": "policy0", "break_rate": 0.0, "length": 1.0, "internal_edges": 0.0, "redundancy": 0.0, "cut_vertices": 0.0, "logical_degree": 2.0, "coupling_mass": 4.2, "contacts": 2.0, "mass_per_contact": 2.1, "max_contact_load": 2.1, "load_concentration": 1.0, "field": 0.0}}
{"chain": {"task_index": 8, "source": "policy0", "break_rate": 0.06787109375, "length": 3.0, "internal_edges": 2.0, "redundancy": 0.0, "cut_vertices": 1.0, "logical_degree": 2.0, "coupling_mass": 0.8, "contacts": 3.0, "mass_per_contact": 0.26666666666666666, "max_contact_load": 0.4, "load_concentration": 1.3333333333333333, "field": 0.0}}
{"chain": {"task_index": 8, "source": "policy0", "break_rate": 0.0, "length": 1.0, "internal_edges": 0.0, "redundancy": 0.0, "cut_vertices": 0.0, "logical_degree": 1.0, "coupling_mass": 0.8, "contacts": 1.0, "mass_per_contact": 0.8, "max_contact_load": 0.8, "load_concentration": 1.0, "field": 0.0}}
{"chain": {"task_index": 8, "source": "policy0", "break_rate": 0.0, "length": 1.0, "internal_edges": 0.0, "redundancy": 0.0, "cut_vertices": 0.0, "logical_degree": 2.0, "coupling_mass": 5.0, "contacts": 3.0, "mass_per_contact": 1.6666666666666667, "max_contact_load": 2.1, "load_concentration": 1.183098591549296, "field": 0.0}}
{"chain": {"task_index": 8, "source": "policy0", "break_rate": 0.03955078125, "length": 3.0, "internal_edges": 2.0, "redundancy": 0.0, "cut_vertices": 1.0, "logical_degree": 5.0, "coupling_mass": 7.8, "contacts": 9.0, "mass_per_contact": 0.8666666666666667, "max_contact_load": 1.45, "load_concentration": 1.6477272727272725, "field": 0.0}}
{"chain": {"task_index": 8, "source": "policy0", "break_rate": 0.0, "length": 1.0, "internal_edges": 0.0, "redundancy": 0.0, "cut_vertices": 0.0, "logical_degree": 3.0, "coupling_mass": 6.200000000000001, "contacts": 3.0, "mass_per_contact": 2.066666666666667, "max_contact_load": 3.3000000000000003, "load_concentration": 1.596774193548387, "field": 0.0}}
{"chain": {"task_index": 8, "source": "policy0", "break_rate": 0.572265625, "length": 4.0, "internal_edges": 3.0, "redundancy": 0.0, "cut_vertices": 2.0, "logical_degree": 6.0, "coupling_mass": 8.8, "contacts": 10.0, "mass_per_contact": 0.8800000000000001, "max_contact_load": 2.9, "load_concentration": 2.3277591973244145, "field": 0.0}}
{"chain": {"task_index": 8, "source": "policy0", "break_rate": 0.0, "length": 1.0, "internal_edges": 0.0, "redundancy": 0.0, "cut_vertices": 0.0, "logical_degree": 0.0, "coupling_mass": 0.0, "contacts": 0.0, "mass_per_contact": 0.0, "max_contact_load": 0.0, "load_concentration": 0.0, "field": 0.0}}
{"chain": {"task_index": 8, "source": "policy0", "break_rate": 0.0, "length": 1.0, "internal_edges": 0.0, "redundancy": 0.0, "cut_vertices": 0.0, "logical_degree": 0.0, "coupling_mass": 0.0, "contacts": 0.0, "mass_per_contact": 0.0, "max_contact_load": 0.0, "load_concentration": 0.0, "field": 0.0}}
{"chain": {"task_index": 8, "source": "policy0", "break_rate": 0.0, "length": 1.0, "internal_edges": 0.0, "redundancy": 0.0, "cut_vertices": 0.0, "logical_degree": 0.0, "coupling_mass": 0.0, "contacts": 0.0, "mass_per_contact": 0.0, "max_contact_load": 0.0, "load_concentration": 0.0, "field": 0.0}}
{"chain": {"task_index": 8, "source": "policy0", "break_rate": 0.0, "length": 1.0, "internal_edges": 0.0, "redundancy": 0.0, "cut_vertices": 0.0, "logical_degree": 1.0, "coupling_mass": 2.0, "contacts": 1.0, "mass_per_contact": 2.0, "max_contact_load": 2.0, "load_concentration": 1.0, "field": 0.0}}
{"chain": {"task_index": 8, "source": "policy0", "break_rate": 0.0, "length": 1.0, "internal_edges": 0.0, "redundancy": 0.0, "cut_vertices": 0.0, "logical_degree": 0.0, "coupling_mass": 0.0, "contacts": 0.0, "mass_per_contact": 0.0, "max_contact_load": 0.0, "load_concentration": 0.0, "field": 0.0}}
{"chain": {"task_index": 8, "source": "policy0", "break_rate": 0.0009765625, "length": 2.0, "internal_edges": 1.0, "redundancy": 0.0, "cut_vertices": 0.0, "logical_degree": 4.0, "coupling_mass": 9.799999999999999, "contacts": 7.0, "mass_per_contact": 1.4, "max_contact_load": 3.3000000000000003, "load_concentration": 1.8790035587188614, "field": 0.0}}
{"chain": {"task_index": 8, "source": "policy1", "break_rate": 0.03857421875, "length": 2.0, "internal_edges": 1.0, "redundancy": 0.0, "cut_vertices": 0.0, "logical_degree": 0.0, "coupling_mass": 0.0, "contacts": 0.0, "mass_per_contact": 0.0, "max_contact_load": 0.0, "load_concentration": 0.0, "field": 0.0}}
{"chain": {"task_index": 8, "source": "policy1", "break_rate": 0.0009765625, "length": 2.0, "internal_edges": 1.0, "redundancy": 0.0, "cut_vertices": 0.0, "logical_degree": 2.0, "coupling_mass": 4.0, "contacts": 6.0, "mass_per_contact": 0.6666666666666666, "max_contact_load": 0.8, "load_concentration": 1.142857142857143, "field": 0.0}}
{"chain": {"task_index": 8, "source": "policy1", "break_rate": 0.005859375, "length": 2.0, "internal_edges": 1.0, "redundancy": 0.0, "cut_vertices": 0.0, "logical_degree": 2.0, "coupling_mass": 4.0, "contacts": 4.0, "mass_per_contact": 1.0, "max_contact_load": 1.5, "load_concentration": 1.5, "field": 0.0}}
{"chain": {"task_index": 8, "source": "policy1", "break_rate": 0.017578125, "length": 2.0, "internal_edges": 1.0, "redundancy": 0.0, "cut_vertices": 0.0, "logical_degree": 3.0, "coupling_mass": 8.2, "contacts": 3.0, "mass_per_contact": 2.733333333333333, "max_contact_load": 3.6999999999999997, "load_concentration": 1.353658536585366, "field": 0.0}}
{"chain": {"task_index": 8, "source": "policy1", "break_rate": 0.0, "length": 1.0, "internal_edges": 0.0, "redundancy": 0.0, "cut_vertices": 0.0, "logical_degree": 2.0, "coupling_mass": 5.0, "contacts": 2.0, "mass_per_contact": 2.5, "max_contact_load": 3.5, "load_concentration": 1.4, "field": 0.0}}
{"chain": {"task_index": 8, "source": "policy1", "break_rate": 0.05517578125, "length": 2.0, "internal_edges": 1.0, "redundancy": 0.0, "cut_vertices": 0.0, "logical_degree": 2.0, "coupling_mass": 2.2, "contacts": 5.0, "mass_per_contact": 0.44000000000000006, "max_contact_load": 2.1, "load_concentration": 1.9764705882352942, "field": 0.0}}
{"chain": {"task_index": 8, "source": "policy1", "break_rate": 0.0234375, "length": 5.0, "internal_edges": 5.0, "redundancy": 1.0, "cut_vertices": 0.0, "logical_degree": 3.0, "coupling_mass": 5.0, "contacts": 8.0, "mass_per_contact": 0.625, "max_contact_load": 1.05, "load_concentration": 1.6153846153846154, "field": 0.0}}
{"chain": {"task_index": 8, "source": "policy1", "break_rate": 0.0, "length": 1.0, "internal_edges": 0.0, "redundancy": 0.0, "cut_vertices": 0.0, "logical_degree": 0.0, "coupling_mass": 0.0, "contacts": 0.0, "mass_per_contact": 0.0, "max_contact_load": 0.0, "load_concentration": 0.0, "field": 0.0}}
{"chain": {"task_index": 8, "source": "policy1", "break_rate": 0.26416015625, "length": 4.0, "internal_edges": 3.0, "redundancy": 0.0, "cut_vertices": 2.0, "logical_degree": 3.0, "coupling_mass": 7.4, "contacts": 6.0, "mass_per_contact": 1.2333333333333334, "max_contact_load": 2.6999999999999997, "load_concentration": 1.4464285714285714, "field": 0.0}}
{"chain": {"task_index": 8, "source": "policy1", "break_rate": 0.29931640625, "length": 5.0, "internal_edges": 4.0, "redundancy": 0.0, "cut_vertices": 3.0, "logical_degree": 3.0, "coupling_mass": 5.0, "contacts": 4.0, "mass_per_contact": 1.25, "max_contact_load": 2.6999999999999997, "load_concentration": 1.9285714285714282, "field": 0.0}}
{"chain": {"task_index": 8, "source": "policy1", "break_rate": 0.27392578125, "length": 5.0, "internal_edges": 4.0, "redundancy": 0.0, "cut_vertices": 3.0, "logical_degree": 5.0, "coupling_mass": 7.8, "contacts": 16.0, "mass_per_contact": 0.4875, "max_contact_load": 1.5, "load_concentration": 1.4763779527559056, "field": 0.0}}
{"chain": {"task_index": 8, "source": "policy1", "break_rate": 0.04443359375, "length": 2.0, "internal_edges": 1.0, "redundancy": 0.0, "cut_vertices": 0.0, "logical_degree": 0.0, "coupling_mass": 0.0, "contacts": 0.0, "mass_per_contact": 0.0, "max_contact_load": 0.0, "load_concentration": 0.0, "field": 0.0}}
{"chain": {"task_index": 8, "source": "policy1", "break_rate": 0.09716796875, "length": 5.0, "internal_edges": 4.0, "redundancy": 0.0, "cut_vertices": 3.0, "logical_degree": 2.0, "coupling_mass": 2.8, "contacts": 12.0, "mass_per_contact": 0.2333333333333333, "max_contact_load": 1.0, "load_concentration": 1.8518518518518516, "field": 0.0}}
{"chain": {"task_index": 8, "source": "policy1", "break_rate": 0.0, "length": 1.0, "internal_edges": 0.0, "redundancy": 0.0, "cut_vertices": 0.0, "logical_degree": 2.0, "coupling_mass": 5.0, "contacts": 2.0, "mass_per_contact": 2.5, "max_contact_load": 3.5, "load_concentration": 1.4, "field": 0.0}}
{"chain": {"task_index": 8, "source": "policy1", "break_rate": 0.0, "length": 1.0, "internal_edges": 0.0, "redundancy": 0.0, "cut_vertices": 0.0, "logical_degree": 2.0, "coupling_mass": 2.0, "contacts": 4.0, "mass_per_contact": 0.5, "max_contact_load": 0.5, "load_concentration": 1.0, "field": 0.0}}
{"chain": {"task_index": 8, "source": "policy1", "break_rate": 0.0, "length": 1.0, "internal_edges": 0.0, "redundancy": 0.0, "cut_vertices": 0.0, "logical_degree": 2.0, "coupling_mass": 5.0, "contacts": 3.0, "mass_per_contact": 1.6666666666666667, "max_contact_load": 2.1, "load_concentration": 1.183098591549296, "field": 0.0}}
{"chain": {"task_index": 8, "source": "policy1", "break_rate": 0.0380859375, "length": 2.0, "internal_edges": 1.0, "redundancy": 0.0, "cut_vertices": 0.0, "logical_degree": 2.0, "coupling_mass": 0.8, "contacts": 3.0, "mass_per_contact": 0.26666666666666666, "max_contact_load": 0.4, "load_concentration": 1.3333333333333333, "field": 0.0}}
{"chain": {"task_index": 8, "source": "policy1", "break_rate": 0.05712890625, "length": 3.0, "internal_edges": 2.0, "redundancy": 0.0, "cut_vertices": 1.0, "logical_degree": 3.0, "coupling_mass": 3.5999999999999996, "contacts": 5.0, "mass_per_contact": 0.72, "max_contact_load": 1.7999999999999998, "load_concentration": 2.0, "field": 0.0}}
{"chain": {"task_index": 8, "source": "policy1", "break_rate": 0.208984375, "length": 9.0, "internal_edges": 12.0, "redundancy": 4.0, "cut_vertices": 1.0, "logical_degree": 2.0, "coupling_mass": 4.2, "contacts": 3.0, "mass_per_contact": 1.4000000000000001, "max_contact_load": 2.1, "load_concentration": 1.3333333333333333, "field": 0.0}}
{"chain": {"task_index": 8, "source": "policy1", "break_rate": 0.0390625, "length": 2.0, "internal_edges": 1.0, "redundancy": 0.0, "cut_vertices": 0.0, "logical_degree": 2.0, "coupling_mass": 0.8, "contacts": 2.0, "mass_per_contact": 0.4, "max_contact_load": 0.4, "load_concentration": 1.0, "field": 0.0}}
{"chain": {"task_index": 8, "source": "policy1", "break_rate": 0.0, "length": 1.0, "internal_edges": 0.0, "redundancy": 0.0, "cut_vertices": 0.0, "logical_degree": 1.0, "coupling_mass": 0.8, "contacts": 2.0, "mass_per_contact": 0.4, "max_contact_load": 0.4, "load_concentration": 1.0, "field": 0.0}}
{"chain": {"task_index": 8, "source": "policy1", "break_rate": 0.0, "length": 1.0, "internal_edges": 0.0, "redundancy": 0.0, "cut_vertices": 0.0, "logical_degree": 2.0, "coupling_mass": 5.0, "contacts": 3.0, "mass_per_contact": 1.6666666666666667, "max_contact_load": 2.1, "load_concentration": 1.183098591549296, "field": 0.0}}
{"chain": {"task_index": 8, "source": "policy1", "break_rate": 0.05517578125, "length": 3.0, "internal_edges": 2.0, "redundancy": 0.0, "cut_vertices": 1.0, "logical_degree": 5.0, "coupling_mass": 7.8, "contacts": 8.0, "mass_per_contact": 0.975, "max_contact_load": 1.45, "load_concentration": 1.5760869565217392, "field": 0.0}}
{"chain": {"task_index": 8, "source": "policy1", "break_rate": 0.01904296875, "length": 3.0, "internal_edges": 2.0, "redundancy": 0.0, "cut_vertices": 1.0, "logical_degree": 3.0, "coupling_mass": 6.200000000000001, "contacts": 4.0, "mass_per_contact": 1.5500000000000003, "max_contact_load": 2.2, "load_concentration": 1.4505494505494505, "field": 0.0}}
{"chain": {"task_index": 8, "source": "policy1", "break_rate": 0.1552734375, "length": 6.0, "internal_edges": 5.0, "redundancy": 0.0, "cut_vertices": 3.0, "logical_degree": 6.0, "coupling_mass": 8.8, "contacts": 16.0, "mass_per_contact": 0.55, "max_contact_load": 1.45, "load_concentration": 2.2745098039215685, "field": 0.0}}
{"chain": {"task_index": 8, "source": "policy1", "break_rate": 0.0, "length": 1.0, "internal_edges": 0.0, "redundancy": 0.0, "cut_vertices": 0.0, "logical_degree": 0.0, "coupling_mass": 0.0, "contacts": 0.0, "mass_per_contact": 0.0, "max_contact_load": 0.0, "load_concentration": 0.0, "field": 0.0}}
{"chain": {"task_index": 8, "source": "policy1", "break_rate": 0.0, "length": 1.0, "internal_edges": 0.0, "redundancy": 0.0, "cut_vertices": 0.0, "logical_degree": 0.0, "coupling_mass": 0.0, "contacts": 0.0, "mass_per_contact": 0.0, "max_contact_load": 0.0, "load_concentration": 0.0, "field": 0.0}}
{"chain": {"task_index": 8, "source": "policy1", "break_rate": 0.0, "length": 1.0, "internal_edges": 0.0, "redundancy": 0.0, "cut_vertices": 0.0, "logical_degree": 0.0, "coupling_mass": 0.0, "contacts": 0.0, "mass_per_contact": 0.0, "max_contact_load": 0.0, "load_concentration": 0.0, "field": 0.0}}
{"chain": {"task_index": 8, "source": "policy1", "break_rate": 0.00732421875, "length": 3.0, "internal_edges": 3.0, "redundancy": 1.0, "cut_vertices": 0.0, "logical_degree": 1.0, "coupling_mass": 2.0, "contacts": 2.0, "mass_per_contact": 1.0, "max_contact_load": 1.0, "load_concentration": 1.0, "field": 0.0}}
{"chain": {"task_index": 8, "source": "policy1", "break_rate": 0.0, "length": 1.0, "internal_edges": 0.0, "redundancy": 0.0, "cut_vertices": 0.0, "logical_degree": 0.0, "coupling_mass": 0.0, "contacts": 0.0, "mass_per_contact": 0.0, "max_contact_load": 0.0, "load_concentration": 0.0, "field": 0.0}}
{"chain": {"task_index": 8, "source": "policy1", "break_rate": 0.0, "length": 1.0, "internal_edges": 0.0, "redundancy": 0.0, "cut_vertices": 0.0, "logical_degree": 4.0, "coupling_mass": 9.799999999999999, "contacts": 5.0, "mass_per_contact": 1.9599999999999997, "max_contact_load": 3.6999999999999997, "load_concentration": 1.8159509202453985, "field": 0.0}}
{"chain": {"task_index": 8, "source": "minorminer", "break_rate": 0.0, "length": 1.0, "internal_edges": 0.0, "redundancy": 0.0, "cut_vertices": 0.0, "logical_degree": 0.0, "coupling_mass": 0.0, "contacts": 0.0, "mass_per_contact": 0.0, "max_contact_load": 0.0, "load_concentration": 0.0, "field": 0.0}}
{"chain": {"task_index": 8, "source": "minorminer", "break_rate": 0.0, "length": 1.0, "internal_edges": 0.0, "redundancy": 0.0, "cut_vertices": 0.0, "logical_degree": 2.0, "coupling_mass": 4.0, "contacts": 2.0, "mass_per_contact": 2.0, "max_contact_load": 2.4, "load_concentration": 1.2, "field": 0.0}}
{"chain": {"task_index": 8, "source": "minorminer", "break_rate": 0.0, "length": 1.0, "internal_edges": 0.0, "redundancy": 0.0, "cut_vertices": 0.0, "logical_degree": 2.0, "coupling_mass": 4.0, "contacts": 2.0, "mass_per_contact": 2.0, "max_contact_load": 3.0, "load_concentration": 1.5, "field": 0.0}}
{"chain": {"task_index": 8, "source": "minorminer", "break_rate": 0.0, "length": 1.0, "internal_edges": 0.0, "redundancy": 0.0, "cut_vertices": 0.0, "logical_degree": 3.0, "coupling_mass": 8.2, "contacts": 3.0, "mass_per_contact": 2.733333333333333, "max_contact_load": 3.6999999999999997, "load_concentration": 1.353658536585366, "field": 0.0}}
{"chain": {"task_index": 8, "source": "minorminer", "break_rate": 0.0, "length": 1.0, "internal_edges": 0.0, "redundancy": 0.0, "cut_vertices": 0.0, "logical_degree": 2.0, "coupling_mass": 5.0, "contacts": 2.0, "mass_per_contact": 2.5, "max_contact_load": 3.5, "load_concentration": 1.4, "field": 0.0}}
{"chain": {"task_index": 8, "source": "minorminer", "break_rate": 0.0, "length": 1.0, "internal_edges": 0.0, "redundancy": 0.0, "cut_vertices": 0.0, "logical_degree": 2.0, "coupling_mass": 2.2, "contacts": 2.0, "mass_per_contact": 1.1, "max_contact_load": 2.1, "load_concentration": 1.909090909090909, "field": 0.0}}
{"chain": {"task_index": 8, "source": "minorminer", "break_rate": 0.0, "length": 1.0, "internal_edges": 0.0, "redundancy": 0.0, "cut_vertices": 0.0, "logical_degree": 3.0, "coupling_mass": 5.0, "contacts": 3.0, "mass_per_contact": 1.6666666666666667, "max_contact_load": 2.5, "load_concentration": 1.5, "field": 0.0}}
{"chain": {"task_index": 8, "source": "minorminer", "break_rate": 0.0, "length": 1.0, "internal_edges": 0.0, "redundancy": 0.0, "cut_vertices": 0.0, "logical_degree": 0.0, "coupling_mass": 0.0, "contacts": 0.0, "mass_per_contact": 0.0, "max_contact_load": 0.0, "load_concentration": 0.0, "field": 0.0}}
{"chain": {"task_index": 8, "source": "minorminer", "break_rate": 0.0, "length": 1.0, "internal_edges": 0.0, "redundancy": 0.0, "cut_vertices": 0.0, "logical_degree": 3.0, "coupling_mass": 7.4, "contacts": 3.0, "mass_per_contact": 2.466666666666667, "max_contact_load": 2.6999999999999997, "load_concentration": 1.0945945945945947, "field": 0.0}}
{"chain": {"task_index": 8, "source": "minorminer", "break_rate": 0.0, "length": 1.0, "internal_edges": 0.0, "redundancy": 0.0, "cut_vertices": 0.0, "logical_degree": 3.0, "coupling_mass": 5.0, "contacts": 3.0, "mass_per_contact": 1.6666666666666667, "max_contact_load": 2.6999999999999997, "load_concentration": 1.6199999999999997, "field": 0.0}}
{"chain": {"task_index": 8, "source": "minorminer", "break_rate": 0.0, "length": 1.0, "internal_edges": 0.0, "redundancy": 0.0, "cut_vertices": 0.0, "logical_degree": 5.0, "coupling_mass": 7.8, "contacts": 5.0, "mass_per_contact": 1.56, "max_contact_load": 3.0, "load_concentration": 1.923076923076923, "field": 0.0}}
{"chain": {"task_index": 8, "source": "minorminer", "break_rate": 0.0, "length": 1.0, "internal_edges": 0.0, "redundancy": 0.0, "cut_vertices": 0.0, "logical_degree": 0.0, "coupling_mass": 0.0, "contacts": 0.0, "mass_per_contact": 0.0, "max_contact_load": 0.0, "load_concentration": 0.0, "field": 0.0}}
{"chain": {"task_index": 8, "source": "minorminer", "break_rate": 0.0, "length": 1.0, "internal_edges": 0.0, "redundancy": 0.0, "cut_vertices": 0.0, "logical_degree": 2.0, "coupling_mass": 2.8, "contacts": 2.0, "mass_per_contact": 1.4, "max_contact_load": 2.0, "load_concentration": 1.4285714285714286, "field": 0.0}}
{"chain": {"task_index": 8, "source": "minorminer", "break_rate": 0.0, "length": 1.0, "internal_edges": 0.0, "redundancy": 0.0, "cut_vertices": 0.0, "logical_degree": 2.0, "coupling_mass": 5.0, "contacts": 2.0, "mass_per_contact": 2.5, "max_contact_load": 3.5, "load_concentration": 1.4, "field": 0.0}}
{"chain": {"task_index": 8, "source": "minorminer", "break_rate": 0.0, "length": 1.0, "internal_edges": 0.0, "redundancy": 0.0, "cut_vertices": 0.0, "logical_degree": 2.0, "coupling_mass": 2.0, "contacts": 2.0, "mass_per_contact": 1.0, "max_contact_load": 1.0, "load_concentration": 1.0, "field": 0.0}}
{"chain": {"task_index": 8, "source": "minorminer", "break_rate": 0.0, "length": 1.0, "internal_edges": 0.0, "redundancy": 0.0, "cut_vertices": 0.0, "logical_degree": 2.0, "coupling_mass": 5.0, "contacts": 2.0, "mass_per_contact": 2.5, "max_contact_load": 2.9, "load_concentration": 1.16, "field": 0.0}}
{"chain": {"task_index": 8, "source": "minorminer", "break_rate": 0.0, "length": 1.0, "internal_edges": 0.0, "redundancy": 0.0, "cut_vertices": 0.0, "logical_degree": 2.0, "coupling_mass": 0.8, "contacts": 2.0, "mass_per_contact": 0.4, "max_contact_load": 0.4, "load_concentration": 1.0, "field": 0.0}}
{"chain": {"task_index": 8, "source": "minorminer", "break_rate": 0.0, "length": 1.0, "internal_edges": 0.0, "redundancy": 0.0, "cut_vertices": 0.0, "logical_degree": 3.0, "coupling_mass": 3.5999999999999996, "contacts": 3.0, "mass_per_contact": 1.2, "max_contact_load": 1.7999999999999998, "load_concentration": 1.5, "field": 0.0}}
{"chain": {"task_index": 8, "source": "minorminer", "break_rate": 0.0, "length": 1.0, "internal_edges": 0.0, "redundancy": 0.0, "cut_vertices": 0.0, "logical_degree": 2.0, "coupling_mass": 4.2, "contacts": 2.0, "mass_per_contact": 2.1, "max_contact_load": 2.1, "load_concentration": 1.0, "field": 0.0}}
{"chain": {"task_index": 8, "source": "minorminer", "break_rate": 0.0, "length": 1.0, "internal_edges": 0.0, "redundancy": 0.0, "cut_vertices": 0.0, "logical_degree": 2.0, "coupling_mass": 0.8, "contacts": 2.0, "mass_per_contact": 0.4, "max_contact_load": 0.4, "load_concentration": 1.0, "field": 0.0}}
{"chain": {"task_index": 8, "source": "minorminer", "break_rate": 0.0, "length": 1.0, "internal_edges": 0.0, "redundancy": 0.0, "cut_vertices": 0.0, "logical_degree": 1.0, "coupling_mass": 0.8, "contacts": 1.0, "mass_per_contact": 0.8, "max_contact_load": 0.8, "load_concentration": 1.0, "field": 0.0}}
{"chain": {"task_index": 8, "source": "minorminer", "break_rate": 0.0, "length": 1.0, "internal_edges": 0.0, "redundancy": 0.0, "cut_vertices": 0.0, "logical_degree": 2.0, "coupling_mass": 5.0, "contacts": 2.0, "mass_per_contact": 2.5, "max_contact_load": 2.9, "load_concentration": 1.16, "field": 0.0}}
{"chain": {"task_index": 8, "source": "minorminer", "break_rate": 0.09521484375, "length": 2.0, "internal_edges": 1.0, "redundancy": 0.0, "cut_vertices": 0.0, "logical_degree": 5.0, "coupling_mass": 7.8, "contacts": 5.0, "mass_per_contact": 1.56, "max_contact_load": 2.9, "load_concentration": 1.8589743589743588, "field": 0.0}}
{"chain": {"task_index": 8, "source": "minorminer", "break_rate": 0.0, "length": 1.0, "internal_edges": 0.0, "redundancy": 0.0, "cut_vertices": 0.0, "logical_degree": 3.0, "coupling_mass": 6.200000000000001, "contacts": 3.0, "mass_per_contact": 2.066666666666667, "max_contact_load": 3.3000000000000003, "load_concentration": 1.596774193548387, "field": 0.0}}
{"chain": {"task_index": 8, "source": "minorminer", "break_rate": 0.0, "length": 1.0, "internal_edges": 0.0, "redundancy": 0.0, "cut_vertices": 0.0, "logical_degree": 6.0, "coupling_mass": 8.8, "contacts": 6.0, "mass_per_contact": 1.4666666666666668, "max_contact_load": 2.9, "load_concentration": 1.977272727272727, "field": 0.0}}
{"chain": {"task_index": 8, "source": "minorminer", "break_rate": 0.0, "length": 1.0, "internal_edges": 0.0, "redundancy": 0.0, "cut_vertices": 0.0, "logical_degree": 0.0, "coupling_mass": 0.0, "contacts": 0.0, "mass_per_contact": 0.0, "max_contact_load": 0.0, "load_concentration": 0.0, "field": 0.0}}
{"chain": {"task_index": 8, "source": "minorminer", "break_rate": 0.0, "length": 1.0, "internal_edges": 0.0, "redundancy": 0.0, "cut_vertices": 0.0, "logical_degree": 0.0, "coupling_mass": 0.0, "contacts": 0.0, "mass_per_contact": 0.0, "max_contact_load": 0.0, "load_concentration": 0.0, "field": 0.0}}
{"chain": {"task_index": 8, "source": "minorminer", "break_rate": 0.0, "length": 1.0, "internal_edges": 0.0, "redundancy": 0.0, "cut_vertices": 0.0, "logical_degree": 0.0, "coupling_mass": 0.0, "contacts": 0.0, "mass_per_contact": 0.0, "max_contact_load": 0.0, "load_concentration": 0.0, "field": 0.0}}
{"chain": {"task_index": 8, "source": "minorminer", "break_rate": 0.0, "length": 1.0, "internal_edges": 0.0, "redundancy": 0.0, "cut_vertices": 0.0, "logical_degree": 1.0, "coupling_mass": 2.0, "contacts": 1.0, "mass_per_contact": 2.0, "max_contact_load": 2.0, "load_concentration": 1.0, "field": 0.0}}
{"chain": {"task_index": 8, "source": "minorminer", "break_rate": 0.0, "length": 1.0, "internal_edges": 0.0, "redundancy": 0.0, "cut_vertices": 0.0, "logical_degree": 0.0, "coupling_mass": 0.0, "contacts": 0.0, "mass_per_contact": 0.0, "max_contact_load": 0.0, "load_concentration": 0.0, "field": 0.0}}
{"chain": {"task_index": 8, "source": "minorminer", "break_rate": 0.0, "length": 1.0, "internal_edges": 0.0, "redundancy": 0.0, "cut_vertices": 0.0, "logical_degree": 4.0, "coupling_mass": 9.799999999999999, "contacts": 4.0, "mass_per_contact": 2.4499999999999997, "max_contact_load": 3.6999999999999997, "load_concentration": 1.5102040816326527, "field": 0.0}}
{"chain": {"task_index": 9, "source": "policy0", "break_rate": 0.240234375, "length": 3.0, "internal_edges": 2.0, "redundancy": 0.0, "cut_vertices": 1.0, "logical_degree": 2.0, "coupling_mass": 5.0, "contacts": 6.0, "mass_per_contact": 0.8333333333333334, "max_contact_load": 2.9, "load_concentration": 1.7469879518072289, "field": 0.0}}
{"chain": {"task_index": 9, "source": "policy0", "break_rate": 0.22509765625, "length": 10.0, "internal_edges": 10.0, "redundancy": 1.0, "cut_vertices": 5.0, "logical_degree": 8.0, "coupling_mass": 14.0, "contacts": 36.0, "mass_per_contact": 0.3888888888888889, "max_contact_load": 1.5, "load_concentration": 2.3625922887612796, "field": 0.0}}
{"chain": {"task_index": 9, "source": "policy0", "break_rate": 0.111328125, "length": 4.0, "internal_edges": 3.0, "redundancy": 0.0, "cut_vertices": 2.0, "logical_degree": 0.0, "coupling_mass": 0.0, "contacts": 0.0, "mass_per_contact": 0.0, "max_contact_load": 0.0, "load_concentration": 0.0, "field": 0.0}}
{"chain": {"task_index": 9, "source": "policy0", "break_rate": 0.07177734375, "length": 2.0, "internal_edges": 1.0, "redundancy": 0.0, "cut_vertices": 0.0, "logical_degree": 2.0, "coupling_mass": 5.0, "contacts": 3.0, "mass_per_contact": 1.6666666666666667, "max_contact_load": 3.5, "load_concentration": 1.6470588235294117, "field": 0.0}}
{"chain": {"task_index": 9, "source": "policy0", "break_rate": 0.07763671875, "length": 3.0, "internal_edges": 2.0, "redundancy": 0.0, "cut_vertices": 1.0, "logical_degree": 0.0, "coupling_mass": 0.0, "contacts": 0.0, "mass_per_contact": 0.0, "max_contact_load": 0.0, "load_concentration": 0.0, "field": 0.0}}
{"chain": {"task_index": 9, "source": "policy0", "break_rate": 0.0, "length": 1.0, "internal_edges": 0.0, "redundancy": 0.0, "cut_vertices": 0.0, "logical_degree": 2.0, "coupling_mass": 2.0, "contacts": 2.0, "mass_per_contact": 1.0, "max_contact_load": 1.0, "load_concentration": 1.0, "field": 0.0}}
{"chain": {"task_index": 9, "source": "policy0", "break_rate": 0.7587890625, "length": 5.0, "internal_edges": 4.0, "redundancy": 0.0, "cut_vertices": 3.0, "logical_degree": 7.0, "coupling_mass": 16.8, "contacts": 13.0, "mass_per_contact": 1.2923076923076924, "max_contact_load": 3.9, "load_concentration": 2.027227722772277, "field": 0.0}}
{"chain": {"task_index": 9, "source": "policy0", "break_rate": 0.0, "length": 1.0, "internal_edges": 0.0, "redundancy": 0.0, "cut_vertices": 0.0, "logical_degree": 2.0, "coupling_mass": 0.8, "contacts": 6.0, "mass_per_contact": 0.13333333333333333, "max_contact_load": 0.2, "load_concentration": 1.3333333333333333, "field": 0.0}}
{"chain": {"task_index": 9, "source": "policy0", "break_rate": 0.0, "length": 1.0, "internal_edges": 0.0, "redundancy": 0.0, "cut_vertices": 0.0, "logical_degree": 0.0, "coupling_mass": 0.0, "contacts": 0.0, "mass_per_contact": 0.0, "max_contact_load": 0.0, "load_concentration": 0.0, "field": 0.0}}
{"chain": {"task_index": 9, "source": "policy0", "break_rate": 0.013671875, "length": 2.0, "internal_edges": 1.0, "redundancy": 0.0, "cut_vertices": 0.0, "logical_degree": 2.0, "coupling_mass": 5.0, "contacts": 3.0, "mass_per_contact": 1.6666666666666667, "max_contact_load": 1.7000000000000002, "load_concentration": 1.0149253731343284, "field": 0.0}}
{"chain": {"task_index": 9, "source": "policy0", "break_rate": 0.03271484375, "length": 2.0, "internal_edges": 1.0, "redundancy": 0.0, "cut_vertices": 0.0, "logical_degree": 0.0, "coupling_mass": 0.0, "contacts": 0.0, "mass_per_contact": 0.0, "max_contact_load": 0.0, "load_concentration": 0.0, "field": 0.0}}
{"chain": {"task_index": 9, "source": "policy0", "break_rate": 0.0, "length": 1.0, "internal_edges": 0.0, "redundancy": 0.0, "cut_vertices": 0.0, "logical_degree": 6.0, "coupling_mass": 9.0, "contacts": 8.0, "mass_per_contact": 1.125, "max_contact_load": 2.5, "load_concentration": 2.0689655172413794, "field": 0.0}}
{"chain": {"task_index": 9, "source": "policy0", "break_rate": 0.0, "length": 1.0, "internal_edges": 0.0, "redundancy": 0.0, "cut_vertices": 0.0, "logical_degree": 3.0, "coupling_mass": 5.0, "contacts": 3.0, "mass_per_contact": 1.6666666666666667, "max_contact_load": 2.5, "load_concentration": 1.5, "field": 0.0}}
{"chain": {"task_index": 9, "source": "policy0", "break_rate": 0.00146484375, "length": 2.0, "internal_edges": 1.0, "redundancy": 0.0, "cut_vertices": 0.0, "logical_degree": 5.0, "coupling_mass": 9.8, "contacts": 13.0, "mass_per_contact": 0.7538461538461539, "max_contact_load": 1.4, "load_concentration": 1.6568047337278107, "field": 0.0}}
{"chain": {"task_index": 9, "source": "policy0", "break_rate": 0.44580078125, "length": 7.0, "internal_edges": 6.0, "redundancy": 0.0, "cut_vertices": 4.0, "logical_degree": 5.0, "coupling_mass": 9.2, "contacts": 13.0, "mass_per_contact": 0.7076923076923076, "max_contact_load": 1.7000000000000002, "load_concentration": 2.015810276679842, "field": 0.0}}
{"chain": {"task_index": 9, "source": "policy0", "break_rate": 0.0029296875, "length": 2.0, "internal_edges": 1.0, "redundancy": 0.0, "cut_vertices": 0.0, "logical_degree": 7.0, "coupling_mass": 11.4, "contacts": 13.0, "mass_per_contact": 0.8769230769230769, "max_contact_load": 3.5, "load_concentration": 3.1749460043196542, "field": 0.0}}
{"chain": {"task_index": 9, "source": "policy0", "break_rate": 0.12548828125, "length": 8.0, "internal_edges": 7.0, "redundancy": 0.0, "cut_vertices": 4.0, "logical_degree": 8.0, "coupling_mass": 12.8, "contacts": 30.0, "mass_per_contact": 0.4266666666666667, "max_contact_load": 1.25, "load_concentration": 1.94150591163659, "field": 0.0}}
{"chain": {"task_index": 9, "source": "policy0", "break_rate": 0.0, "length": 1.0, "internal_edges": 0.0, "redundancy": 0.0, "cut_vertices": 0.0, "logical_degree": 4.0, "coupling_mass": 2.8, "contacts": 5.0, "mass_per_contact": 0.5599999999999999, "max_contact_load": 1.4, "load_concentration": 2.2399999999999998, "field": 0.0}}
{"chain": {"task_index": 9, "source": "policy0", "break_rate": 0.21826171875, "length": 7.0, "internal_edges": 6.0, "redundancy": 0.0, "cut_vertices": 5.0, "logical_degree": 10.0, "coupling_mass": 19.0, "contacts": 45.0, "mass_per_contact": 0.4222222222222222, "max_contact_load": 2.5, "load_concentration": 3.238641621171463, "field": 0.0}}
{"chain": {"task_index": 9, "source": "policy0", "break_rate": 0.31787109375, "length": 2.0, "internal_edges": 1.0, "redundancy": 0.0, "cut_vertices": 0.0, "logical_degree": 4.0, "coupling_mass": 8.6, "contacts": 5.0, "mass_per_contact": 1.72, "max_contact_load": 3.5, "load_concentration": 2.014388489208633, "field": 0.0}}
{"chain": {"task_index": 9, "source": "policy0", "break_rate": 0.1630859375, "length": 4.0, "internal_edges": 3.0, "redundancy": 0.0, "cut_vertices": 2.0, "logical_degree": 7.0, "coupling_mass": 10.799999999999999, "contacts": 23.0, "mass_per_contact": 0.4695652173913043, "max_contact_load": 1.4, "load_concentration": 1.828317601332593, "field": 0.0}}
{"chain": {"task_index": 9, "source": "policy0", "break_rate": 0.037109375, "length": 2.0, "internal_edges": 1.0, "redundancy": 0.0, "cut_vertices": 0.0, "logical_degree": 3.0, "coupling_mass": 5.800000000000001, "contacts": 4.0, "mass_per_contact": 1.4500000000000002, "max_contact_load": 2.9, "load_concentration": 1.9120879120879122, "field": 0.0}}
{"chain": {"task_index": 9, "source": "policy0", "break_rate": 0.0, "length": 1.0, "internal_edges": 0.0, "redundancy": 0.0, "cut_vertices": 0.0, "logical_degree": 0.0, "coupling_mass": 0.0, "contacts": 0.0, "mass_per_contact": 0.0, "max_contact_load": 0.0, "load_concentration": 0.0, "field": 0.0}}
{"chain": {"task_index": 9, "source": "policy0", "break_rate": 0.0, "length": 1.0, "internal_edges": 0.0, "redundancy": 0.0, "cut_vertices": 0.0, "logical_degree": 2.0, "coupling_mass": 2.8, "contacts": 2.0, "mass_per_contact": 1.4, "max_contact_load": 1.4, "load_concentration": 1.0, "field": 0.0}}
{"chain": {"task_index": 9, "source": "policy0", "break_rate": 0.02734375, "length": 4.0, "internal_edges": 3.0, "redundancy": 0.0, "cut_vertices": 2.0, "logical_degree": 5.0, "coupling_mass": 11.0, "contacts": 12.0, "mass_per_contact": 0.9166666666666666, "max_contact_load": 3.9, "load_concentration": 2.878228782287823, "field": 0.0}}
{"chain": {"task_index": 9, "source": "policy0", "break_rate": 0.16162109375, "length": 5.0, "internal_edges": 4.0, "redundancy": 0.0, "cut_vertices": 2.0, "logical_degree": 3.0, "coupling_mass": 2.0, "contacts": 12.0, "mass_per_contact": 0.16666666666666666, "max_contact_load": 1.0, "load_concentration": 2.0547945205479454, "field": 0.0}}
{"chain": {"task_index": 9, "source": "policy0", "break_rate": 0.0, "length": 1.0, "internal_edges": 0.0, "redundancy": 0.0, "cut_vertices": 0.0, "logical_degree": 3.0, "coupling_mass": 2.0, "contacts": 4.0, "mass_per_contact": 0.5, "max_contact_load": 0.9999999999999999, "load_concentration": 1.7647058823529411, "field": 0.0}}
{"chain": {"task_index": 9, "source": "policy0", "break_rate": 0.15625, "length": 8.0, "internal_edges": 7.0, "redundancy": 0.0, "cut_vertices": 4.0, "logical_degree": 8.0, "coupling_mass": 8.6, "contacts": 33.0, "mass_per_contact": 0.2606060606060606, "max_contact_load": 1.0, "load_concentration": 2.6440677966101696, "field": 0.0}}
{"chain": {"task_index": 9, "source": "policy1", "break_rate": 0.0, "length": 1.0, "internal_edges": 0.0, "redundancy": 0.0, "cut_vertices": 0.0, "logical_degree": 2.0, "coupling_mass": 5.0, "contacts": 4.0, "mass_per_contact": 1.25, "max_contact_load": 2.9, "load_concentration": 1.611111111111111, "field": 0.0}}
{"chain": {"task_index": 9, "source": "policy1", "break_rate": 0.10986328125, "length": 5.0, "internal_edges": 4.0, "redundancy": 0.0, "cut_vertices": 3.0, "logical_degree": 8.0, "coupling_mass": 14.0, "contacts": 11.0, "mass_per_contact": 1.2727272727272727, "max_contact_load": 2.6, "load_concentration": 1.9259259259259258, "field": 0.0}}
{"chain": {"task_index": 9, "source": "policy1", "break_rate": 0.0, "length": 1.0, "internal_edges": 0.0, "redundancy": 0.0, "cut_vertices": 0.0, "logical_degree": 0.0, "coupling_mass": 0.0, "contacts": 0.0, "mass_per_contact": 0.0, "max_contact_load": 0.0, "load_concentration": 0.0, "field": 0.0}}
{"chain": {"task_index": 9, "source": "policy1", "break_rate": 0.0, "length": 1.0, "internal_edges": 0.0, "redundancy": 0.0, "cut_vertices": 0.0, "logical_degree": 2.0, "coupling_mass": 5.0, "contacts": 4.0, "mass_per_contact": 1.25, "max_contact_load": 3.5, "load_concentration": 1.75, "field": 0.0}}
{"chain": {"task_index": 9, "source": "policy1", "break_rate": 0.0, "length": 1.0, "internal_edges": 0.0, "redundancy": 0.0, "cut_vertices": 0.0, "logical_degree": 0.0, "coupling_mass": 0.0, "contacts": 0.0, "mass_per_contact": 0.0, "max_contact_load": 0.0, "load_concentration": 0.0, "field": 0.0}}
{"chain": {"task_index": 9, "source": "policy1", "break_rate": 0.02490234375, "length": 6.0, "internal_edges": 8.0, "redundancy": 3.0, "cut_vertices": 1.0, "logical_degree": 2.0, "coupling_mass": 2.0, "contacts": 10.0, "mass_per_contact": 0.2, "max_contact_load": 0.5, "load_concentration": 1.6, "field": 0.0}}
{"chain": {"task_index": 9, "source": "policy1", "break_rate": 0.1689453125, "length": 7.0, "internal_edges": 6.0, "redundancy": 0.0, "cut_vertices": 4.0, "logical_degree": 7.0, "coupling_mass": 16.8, "contacts": 25.0, "mass_per_contact": 0.672, "max_contact_load": 2.5, "load_concentration": 2.4532710280373835, "field": 0.0}}
{"chain": {"task_index": 9, "source": "policy1", "break_rate": 0.0234375, "length": 2.0, "internal_edges": 1.0, "redundancy": 0.0, "cut_vertices": 0.0, "logical_degree": 2.0, "coupling_mass": 0.8, "contacts": 2.0, "mass_per_contact": 0.4, "max_contact_load": 0.4, "load_concentration": 1.0, "field": 0.0}}
{"chain": {"task_index": 9, "source": "policy1", "break_rate": 0.0, "length": 1.0, "internal_edges": 0.0, "redundancy": 0.0, "cut_vertices": 0.0, "logical_degree": 0.0, "coupling_mass": 0.0, "contacts": 0.0, "mass_per_contact": 0.0, "max_contact_load": 0.0, "load_concentration": 0.0, "field": 0.0}}
{"chain": {"task_index": 9, "source": "policy1", "break_rate": 0.0, "length": 1.0, "internal_edges": 0.0, "redundancy": 0.0, "cut_vertices": 0.0, "logical_degree": 2.0, "coupling_mass": 5.0, "contacts": 5.0, "mass_per_contact": 1.0, "max_contact_load": 3.3, "load_concentration": 1.7718120805369129, "field": 0.0}}
{"chain": {"task_index": 9, "source": "policy1", "break_rate": 0.0, "length": 1.0, "internal_edges": 0.0, "redundancy": 0.0, "cut_vertices": 0.0, "logical_degree": 0.0, "coupling_mass": 0.0, "contacts": 0.0, "mass_per_contact": 0.0, "max_contact_load": 0.0, "load_concentration": 0.0, "field": 0.0}}
{"chain": {"task_index": 9, "source": "policy1", "break_rate": 0.02392578125, "length": 3.0, "internal_edges": 2.0, "redundancy": 0.0, "cut_vertices": 1.0, "logical_degree": 6.0, "coupling_mass": 9.0, "contacts": 15.0, "mass_per_contact": 0.6, "max_contact_load": 1.0, "load_concentration": 1.469387755102041, "field": 0.0}}
{"chain": {"task_index": 9, "source": "policy1", "break_rate": 0.513671875, "length": 7.0, "internal_edges": 9.0, "redundancy": 3.0, "cut_vertices": 2.0, "logical_degree": 3.0, "coupling_mass": 5.0, "contacts": 4.0, "mass_per_contact": 1.25, "max_contact_load": 2.5, "load_concentration": 1.7647058823529411, "field": 0.0}}
{"chain": {"task_index": 9, "source": "policy1", "break_rate": 0.16845703125, "length": 4.0, "internal_edges": 3.0, "redundancy": 0.0, "cut_vertices": 2.0, "logical_degree": 5.0, "coupling_mass": 9.8, "contacts": 14.0, "mass_per_contact": 0.7000000000000001, "max_contact_load": 2.5, "load_concentration": 2.1428571428571432, "field": 0.0}}
{"chain": {"task_index": 9, "source": "policy1", "break_rate": 0.21533203125, "length": 5.0, "internal_edges": 5.0, "redundancy": 1.0, "cut_vertices": 1.0, "logical_degree": 5.0, "coupling_mass": 9.2, "contacts": 11.0, "mass_per_contact": 0.8363636363636363, "max_contact_load": 2.9, "load_concentration": 2.555066079295154, "field": 0.0}}
{"chain": {"task_index": 9, "source": "policy1", "break_rate": 0.00732421875, "length": 4.0, "internal_edges": 3.0, "redundancy": 0.0, "cut_vertices": 1.0, "logical_degree": 7.0, "coupling_mass": 11.4, "contacts": 21.0, "mass_per_contact": 0.5428571428571429, "max_contact_load": 2.9, "load_concentration": 3.7826086956521743, "field": 0.0}}
{"chain": {"task_index": 9, "source": "policy1", "break_rate": 0.04638671875, "length": 5.0, "internal_edges": 4.0, "redundancy": 0.0, "cut_vertices": 3.0, "logical_degree": 8.0, "coupling_mass": 12.8, "contacts": 25.0, "mass_per_contact": 0.512, "max_contact_load": 1.25, "load_concentration": 1.8623900672529747, "field": 0.0}}
{"chain": {"task_index": 9, "source": "policy1", "break_rate": 0.0478515625, "length": 2.0, "internal_edges": 1.0, "redundancy": 0.0, "cut_vertices": 0.0, "logical_degree": 4.0, "coupling_mass": 2.8, "contacts": 6.0, "mass_per_contact": 0.4666666666666666, "max_contact_load": 1.4, "load_concentration": 2.2105263157894735, "field": 0.0}}
{"chain": {"task_index": 9, "source": "policy1", "break_rate": 0.70166015625, "length": 7.0, "internal_edges": 6.0, "redundancy": 0.0, "cut_vertices": 4.0, "logical_degree": 10.0, "coupling_mass": 19.0, "contacts": 38.0, "mass_per_contact": 0.5, "max_contact_load": 2.9, "load_concentration": 3.7100213219616207, "field": 0.0}}
{"chain": {"task_index": 9, "source": "policy1", "break_rate": 0.32568359375, "length": 5.0, "internal_edges": 4.0, "redundancy": 0.0, "cut_vertices": 2.0, "logical_degree": 4.0, "coupling_mass": 8.6, "contacts": 9.0, "mass_per_contact": 0.9555555555555555, "max_contact_load": 3.5, "load_concentration": 1.9221967963386728, "field": 0.0}}
{"chain": {"task_index": 9, "source": "policy1", "break_rate": 0.0, "length": 1.0, "internal_edges": 0.0, "redundancy": 0.0, "cut_vertices": 0.0, "logical_degree": 7.0, "coupling_mass": 10.799999999999999, "contacts": 9.0, "mass_per_contact": 1.2, "max_contact_load": 2.9, "load_concentration": 2.36046511627907, "field": 0.0}}
{"chain": {"task_index": 9, "source": "policy1", "break_rate": 0.0703125, "length": 2.0, "internal_edges": 1.0, "redundancy": 0.0, "cut_vertices": 0.0, "logical_degree": 3.0, "coupling_mass": 5.800000000000001, "contacts": 7.0, "mass_per_contact": 0.8285714285714286, "max_contact_load": 2.9, "load_concentration": 2.2894736842105265, "field": 0.0}}
{"chain": {"task_index": 9, "source": "policy1", "break_rate": 0.0, "length": 1.0, "internal_edges": 0.0, "redundancy": 0.0, "cut_vertices": 0.0, "logical_degree": 0.0, "coupling_mass": 0.0, "contacts": 0.0, "mass_per_contact": 0.0, "max_contact_load": 0.0, "load_concentration": 0.0, "field": 0.0}}
{"chain": {"task_index": 9, "source": "policy1", "break_rate": 0.0, "length": 1.0, "internal_edges": 0.0, "redundancy": 0.0, "cut_vertices": 0.0, "logical_degree": 2.0, "coupling_mass": 2.8, "contacts": 2.0, "mass_per_contact": 1.4, "max_contact_load": 1.4, "load_concentration": 1.0, "field": 0.0}}
{"chain": {"task_index": 9, "source": "policy1", "break_rate": 0.0390625, "length": 5.0, "internal_edges": 4.0, "redundancy": 0.0, "cut_vertices": 3.0, "logical_degree": 5.0, "coupling_mass": 11.0, "contacts": 13.0, "mass_per_contact": 0.8461538461538461, "max_contact_load": 2.6, "load_concentration": 2.3353293413173652, "field": 0.0}}
{"chain": {"task_index": 9, "source": "policy1", "break_rate": 0.04296875, "length": 2.0, "internal_edges": 1.0, "redundancy": 0.0, "cut_vertices": 0.0, "logical_degree": 3.0, "coupling_mass": 2.0, "contacts": 6.0, "mass_per_contact": 0.3333333333333333, "max_contact_load": 0.5, "load_concentration": 1.3636363636363635, "field": 0.0}}
{"chain": {"task_index": 9, "source": "policy1", "break_rate": 0.0, "length": 1.0, "internal_edges": 0.0, "redundancy": 0.0, "cut_vertices": 0.0, "logical_degree": 3.0, "coupling_mass": 2.0, "contacts": 4.0, "mass_per_contact": 0.5, "max_contact_load": 0.6, "load_concentration": 1.2, "field": 0.0}}
{"chain": {"task_index": 9, "source": "policy1", "break_rate": 0.0556640625, "length": 5.0, "internal_edges": 4.0, "redundancy": 0.0, "cut_vertices": 3.0, "logical_degree": 8.0, "coupling_mass": 8.6, "contacts": 23.0, "mass_per_contact": 0.3739130434782609, "max_contact_load": 0.95, "load_concentration": 2.0206794682422453, "field": 0.0}}
{"chain": {"task_index": 9, "source": "minorminer", "break_rate": 0.0, "length": 1.0, "internal_edges": 0.0, "redundancy": 0.0, "cut_vertices": 0.0, "logical_degree": 2.0, "coupling_mass": 5.0, "contacts": 2.0, "mass_per_contact": 2.5, "max_contact_load": 2.9, "load_concentration": 1.16, "field": 0.0}}
{"chain": {"task_index": 9, "source": "minorminer", "break_rate": 0.005859375, "length": 2.0, "internal_edges": 1.0, "redundancy": 0.0, "cut_vertices": 0.0, "logical_degree": 8.0, "coupling_mass": 14.0, "contacts": 11.0, "mass_per_contact": 1.2727272727272727, "max_contact_load": 3.5, "load_concentration": 2.126582278481013, "field": 0.0}}
{"chain": {"task_index": 9, "source": "minorminer", "break_rate": 0.0, "length": 1.0, "internal_edges": 0.0, "redundancy": 0.0, "cut_vertices": 0.0, "logical_degree": 0.0, "coupling_mass": 0.0, "contacts": 0.0, "mass_per_contact": 0.0, "max_contact_load": 0.0, "load_concentration": 0.0, "field": 0.0}}
{"chain": {"task_index": 9, "source": "minorminer", "break_rate": 0.0, "length": 1.0, "internal_edges": 0.0, "redundancy": 0.0, "cut_vertices": 0.0, "logical_degree": 2.0, "coupling_mass": 5.0, "contacts": 2.0, "mass_per_contact": 2.5, "max_contact_load": 3.5, "load_concentration": 1.4, "field": 0.0}}
{"chain": {"task_index": 9, "source": "minorminer", "break_rate": 0.0, "length": 1.0, "internal_edges": 0.0, "redundancy": 0.0, "cut_vertices": 0.0, "logical_degree": 0.0, "coupling_mass": 0.0, "contacts": 0.0, "mass_per_contact": 0.0, "max_contact_load": 0.0, "load_concentration": 0.0, "field": 0.0}}
{"chain": {"task_index": 9, "source": "minorminer", "break_rate": 0.0, "length": 1.0, "internal_edges": 0.0, "redundancy": 0.0, "cut_vertices": 0.0, "logical_degree": 2.0, "coupling_mass": 2.0, "contacts": 2.0, "mass_per_contact": 1.0, "max_contact_load": 1.0, "load_concentration": 1.0, "field": 0.0}}
{"chain": {"task_index": 9, "source": "minorminer", "break_rate": 0.00732421875, "length": 2.0, "internal_edges": 1.0, "redundancy": 0.0, "cut_vertices": 0.0, "logical_degree": 7.0, "coupling_mass": 16.8, "contacts": 8.0, "mass_per_contact": 2.1, "max_contact_load": 3.9, "load_concentration": 1.755627009646302, "field": 0.0}}
{"chain": {"task_index": 9, "source": "minorminer", "break_rate": 0.0, "length": 1.0, "internal_edges": 0.0, "redundancy": 0.0, "cut_vertices": 0.0, "logical_degree": 2.0, "coupling_mass": 0.8, "contacts": 2.0, "mass_per_contact": 0.4, "max_contact_load": 0.4, "load_concentration": 1.0, "field": 0.0}}
{"chain": {"task_index": 9, "source": "minorminer", "break_rate": 0.0, "length": 1.0, "internal_edges": 0.0, "redundancy": 0.0, "cut_vertices": 0.0, "logical_degree": 0.0, "coupling_mass": 0.0, "contacts": 0.0, "mass_per_contact": 0.0, "max_contact_load": 0.0, "load_concentration": 0.0, "field": 0.0}}
{"chain": {"task_index": 9, "source": "minorminer", "break_rate": 0.0, "length": 1.0, "internal_edges": 0.0, "redundancy": 0.0, "cut_vertices": 0.0, "logical_degree": 2.0, "coupling_mass": 5.0, "contacts": 2.0, "mass_per_contact": 2.5, "max_contact_load": 3.3, "load_concentration": 1.3199999999999998, "field": 0.0}}
{"chain": {"task_index": 9, "source": "minorminer", "break_rate": 0.0, "length": 1.0, "internal_edges": 0.0, "redundancy": 0.0, "cut_vertices": 0.0, "logical_degree": 0.0, "coupling_mass": 0.0, "contacts": 0.0, "mass_per_contact": 0.0, "max_contact_load": 0.0, "load_concentration": 0.0, "field": 0.0}}
{"chain": {"task_index": 9, "source": "minorminer", "break_rate": 0.0, "length": 1.0, "internal_edges": 0.0, "redundancy": 0.0, "cut_vertices": 0.0, "logical_degree": 6.0, "coupling_mass": 9.0, "contacts": 7.0, "mass_per_contact": 1.2857142857142858, "max_contact_load": 2.5, "load_concentration": 1.7647058823529411, "field": 0.0}}
{"chain": {"task_index": 9, "source": "minorminer", "break_rate": 0.0, "length": 1.0, "internal_edges": 0.0, "redundancy": 0.0, "cut_vertices": 0.0, "logical_degree": 3.0, "coupling_mass": 5.0, "contacts": 3.0, "mass_per_contact": 1.6666666666666667, "max_contact_load": 2.5, "load_concentration": 1.5, "field": 0.0}}
{"chain": {"task_index": 9, "source": "minorminer", "break_rate": 0.0, "length": 1.0, "internal_edges": 0.0, "redundancy": 0.0, "cut_vertices": 0.0, "logical_degree": 5.0, "coupling_mass": 9.8, "contacts": 6.0, "mass_per_contact": 1.6333333333333335, "max_contact_load": 2.5, "load_concentration": 1.3736263736263739, "field": 0.0}}
{"chain": {"task_index": 9, "source": "minorminer", "break_rate": 0.0, "length": 1.0, "internal_edges": 0.0, "redundancy": 0.0, "cut_vertices": 0.0, "logical_degree": 5.0, "coupling_mass": 9.2, "contacts": 6.0, "mass_per_contact": 1.5333333333333332, "max_contact_load": 2.9, "load_concentration": 1.8238993710691822, "field": 0.0}}
{"chain": {"task_index": 9, "source": "minorminer", "break_rate": 0.001953125, "length": 2.0, "internal_edges": 1.0, "redundancy": 0.0, "cut_vertices": 0.0, "logical_degree": 7.0, "coupling_mass": 11.4, "contacts": 9.0, "mass_per_contact": 1.2666666666666666, "max_contact_load": 3.5, "load_concentration": 2.4499999999999997, "field": 0.0}}
{"chain": {"task_index": 9, "source": "minorminer", "break_rate": 0.046875, "length": 2.0, "internal_edges": 1.0, "redundancy": 0.0, "cut_vertices": 0.0, "logical_degree": 8.0, "coupling_mass": 12.8, "contacts": 9.0, "mass_per_contact": 1.4222222222222223, "max_contact_load": 2.5, "load_concentration": 1.7316017316017316, "field": 0.0}}
{"chain": {"task_index": 9, "source": "minorminer", "break_rate": 0.0, "length": 1.0, "internal_edges": 0.0, "redundancy": 0.0, "cut_vertices": 0.0, "logical_degree": 4.0, "coupling_mass": 2.8, "contacts": 4.0, "mass_per_contact": 0.7, "max_contact_load": 1.4, "load_concentration": 2.0, "field": 0.0}}
{"chain": {"task_index": 9, "source": "minorminer", "break_rate": 0.037109375, "length": 2.0, "internal_edges": 1.0, "redundancy": 0.0, "cut_vertices": 0.0, "logical_degree": 10.0, "coupling_mass": 19.0, "contacts": 11.0, "mass_per_contact": 1.7272727272727273, "max_contact_load": 3.5, "load_concentration": 1.971830985915493, "field": 0.0}}
{"chain": {"task_index": 9, "source": "minorminer", "break_rate": 0.0, "length": 1.0, "internal_edges": 0.0, "redundancy": 0.0, "cut_vertices": 0.0, "logical_degree": 4.0, "coupling_mass": 8.6, "contacts": 5.0, "mass_per_contact": 1.72, "max_contact_load": 3.5, "load_concentration": 1.7721518987341773, "field": 0.0}}
{"chain": {"task_index": 9, "source": "minorminer", "break_rate": 0.03564453125, "length": 2.0, "internal_edges": 1.0, "redundancy": 0.0, "cut_vertices": 0.0, "logical_degree": 7.0, "coupling_mass": 10.799999999999999, "contacts": 9.0, "mass_per_contact": 1.2, "max_contact_load": 2.9, "load_concentration": 1.9394904458598725, "field": 0.0}}
{"chain": {"task_index": 9, "source": "minorminer", "break_rate": 0.0, "length": 1.0, "internal_edges": 0.0, "redundancy": 0.0, "cut_vertices": 0.0, "logical_degree": 3.0, "coupling_mass": 5.800000000000001, "contacts": 3.0, "mass_per_contact": 1.9333333333333336, "max_contact_load": 2.9, "load_concentration": 1.5, "field": 0.0}}
{"chain": {"task_index": 9, "source": "minorminer", "break_rate": 0.0, "length": 1.0, "internal_edges": 0.0, "redundancy": 0.0, "cut_vertices": 0.0, "logical_degree": 0.0, "coupling_mass": 0.0, "contacts": 0.0, "mass_per_contact": 0.0, "max_contact_load": 0.0, "load_concentration": 0.0, "field": 0.0}}
{"chain": {"task_index": 9, "source": "minorminer", "break_rate": 0.0, "length": 1.0, "internal_edges": 0.0, "redundancy": 0.0, "cut_vertices": 0.0, "logical_degree": 2.0, "coupling_mass": 2.8, "contacts": 2.0, "mass_per_contact": 1.4, "max_contact_load": 1.4, "load_concentration": 1.0, "field": 0.0}}
{"chain": {"task_index": 9, "source": "minorminer", "break_rate": 0.0, "length": 1.0, "internal_edges": 0.0, "redundancy": 0.0, "cut_vertices": 0.0, "logical_degree": 5.0, "coupling_mass": 11.0, "contacts": 5.0, "mass_per_contact": 2.2, "max_contact_load": 3.9, "load_concentration": 1.7727272727272725, "field": 0.0}}
{"chain": {"task_index": 9, "source": "minorminer", "break_rate": 0.0, "length": 1.0, "internal_edges": 0.0, "redundancy": 0.0, "cut_vertices": 0.0, "logical_degree": 3.0, "coupling_mass": 2.0, "contacts": 3.0, "mass_per_contact": 0.6666666666666666, "max_contact_load": 1.0, "load_concentration": 1.5, "field": 0.0}}
{"chain": {"task_index": 9, "source": "minorminer", "break_rate": 0.0, "length": 1.0, "internal_edges": 0.0, "redundancy": 0.0, "cut_vertices": 0.0, "logical_degree": 3.0, "coupling_mass": 2.0, "contacts": 3.0, "mass_per_contact": 0.6666666666666666, "max_contact_load": 0.9999999999999999, "load_concentration": 1.5, "field": 0.0}}
{"chain": {"task_index": 9, "source": "minorminer", "break_rate": 0.03857421875, "length": 2.0, "internal_edges": 1.0, "redundancy": 0.0, "cut_vertices": 0.0, "logical_degree": 8.0, "coupling_mass": 8.6, "contacts": 8.0, "mass_per_contact": 1.075, "max_contact_load": 2.5, "load_concentration": 2.3255813953488373, "field": 0.0}}
{"chain": {"task_index": 10, "source": "policy1", "break_rate": 0.0078125, "length": 4.0, "internal_edges": 3.0, "redundancy": 0.0, "cut_vertices": 2.0, "logical_degree": 4.0, "coupling_mass": 9.0, "contacts": 9.0, "mass_per_contact": 1.0, "max_contact_load": 2.5, "load_concentration": 2.0689655172413794, "field": 0.0}}
{"chain": {"task_index": 10, "source": "policy1", "break_rate": 0.01806640625, "length": 2.0, "internal_edges": 1.0, "redundancy": 0.0, "cut_vertices": 0.0, "logical_degree": 2.0, "coupling_mass": 3.2, "contacts": 4.0, "mass_per_contact": 0.8, "max_contact_load": 1.6, "load_concentration": 1.5, "field": 0.0}}
{"chain": {"task_index": 10, "source": "policy1", "break_rate": 0.17578125, "length": 2.0, "internal_edges": 1.0, "redundancy": 0.0, "cut_vertices": 0.0, "logical_degree": 3.0, "coupling_mass": 8.6, "contacts": 5.0, "mass_per_contact": 1.72, "max_contact_load": 3.9, "load_concentration": 1.8719999999999999, "field": 0.0}}
{"chain": {"task_index": 10, "source": "policy1", "break_rate": 0.0, "length": 1.0, "internal_edges": 0.0, "redundancy": 0.0, "cut_vertices": 0.0, "logical_degree": 2.0, "coupling_mass": 4.0, "contacts": 4.0, "mass_per_contact": 1.0, "max_contact_load": 2.4, "load_concentration": 1.6363636363636365, "field": 0.0}}
{"chain": {"task_index": 10, "source": "policy1", "break_rate": 0.5185546875, "length": 5.0, "internal_edges": 4.0, "redundancy": 0.0, "cut_vertices": 3.0, "logical_degree": 8.0, "coupling_mass": 12.8, "contacts": 19.0, "mass_per_contact": 0.6736842105263158, "max_contact_load": 2.5, "load_concentration": 2.370872142252329, "field": 0.0}}
{"chain": {"task_index": 10, "source": "policy1", "break_rate": 0.0, "length": 1.0, "internal_edges": 0.0, "redundancy": 0.0, "cut_vertices": 0.0, "logical_degree": 2.0, "coupling_mass": 0.8, "contacts": 2.0, "mass_per_contact": 0.4, "max_contact_load": 0.4, "load_concentration": 1.0, "field": 0.0}}
{"chain": {"task_index": 10, "source": "policy1", "break_rate": 0.2451171875, "length": 2.0, "internal_edges": 1.0, "redundancy": 0.0, "cut_vertices": 0.0, "logical_degree": 3.0, "coupling_mass": 7.0, "contacts": 4.0, "mass_per_contact": 1.75, "max_contact_load": 2.5, "load_concentration": 1.4851485148514851, "field": 0.0}}
{"chain": {"task_index": 10, "source": "policy1", "break_rate": 0.04638671875, "length": 3.0, "internal_edges": 2.0, "redundancy": 0.0, "cut_vertices": 1.0, "logical_degree": 2.0, "coupling_mass": 2.0, "contacts": 5.0, "mass_per_contact": 0.4, "max_contact_load": 1.0, "load_concentration": 1.6, "field": 0.0}}
{"chain": {"task_index": 10, "source": "policy1", "break_rate": 0.0361328125, "length": 2.0, "internal_edges": 1.0, "redundancy": 0.0, "cut_vertices": 0.0, "logical_degree": 4.0, "coupling_mass": 6.4, "contacts": 6.0, "mass_per_contact": 1.0666666666666667, "max_contact_load": 2.1999999999999997, "load_concentration": 1.65, "field": 0.0}}
{"chain": {"task_index": 10, "source": "policy1", "break_rate": 0.02734375, "length": 2.0, "internal_edges": 1.0, "redundancy": 0.0, "cut_vertices": 0.0, "logical_degree": 3.0, "coupling_mass": 8.6, "contacts": 3.0, "mass_per_contact": 2.8666666666666667, "max_contact_load": 3.9, "load_concentration": 1.3604651162790697, "field": 0.0}}
{"chain": {"task_index": 10, "source": "policy1", "break_rate": 0.2216796875, "length": 7.0, "internal_edges": 8.0, "redundancy": 2.0, "cut_vertices": 2.0, "logical_degree": 8.0, "coupling_mass": 14.000000000000002, "contacts": 27.0, "mass_per_contact": 0.5185185185185186, "max_contact_load": 2.5, "load_concentration": 3.3227848101265822, "field": 0.0}}
{"chain": {"task_index": 10, "source": "policy1", "break_rate": 0.0625, "length": 3.0, "internal_edges": 2.0, "redundancy": 0.0, "cut_vertices": 1.0, "logical_degree": 2.0, "coupling_mass": 0.8, "contacts": 6.0, "mass_per_contact": 0.13333333333333333, "max_contact_load": 0.4, "load_concentration": 1.6666666666666665, "field": 0.0}}
{"chain": {"task_index": 10, "source": "policy1", "break_rate": 0.0, "length": 1.0, "internal_edges": 0.0, "redundancy": 0.0, "cut_vertices": 0.0, "logical_degree": 2.0, "coupling_mass": 5.0, "contacts": 3.0, "mass_per_contact": 1.6666666666666667, "max_contact_load": 2.5, "load_concentration": 1.3333333333333333, "field": 0.0}}
{"chain": {"task_index": 10, "source": "policy1", "break_rate": 0.40185546875, "length": 7.0, "internal_edges": 8.0, "redundancy": 2.0, "cut_vertices": 2.0, "logical_degree": 5.0, "coupling_mass": 9.0, "contacts": 8.0, "mass_per_contact": 1.125, "max_contact_load": 3.5, "load_concentration": 2.706185567010309, "field": 0.0}}
{"chain": {"task_index": 10, "source": "policy1", "break_rate": 0.02880859375, "length": 2.0, "internal_edges": 1.0, "redundancy": 0.0, "cut_vertices": 0.0, "logical_degree": 4.0, "coupling_mass": 10.0, "contacts": 6.0, "mass_per_contact": 1.6666666666666667, "max_contact_load": 2.5, "load_concentration": 1.4705882352941178, "field": 0.0}}
{"chain": {"task_index": 10, "source": "policy1", "break_rate": 0.0029296875, "length": 3.0, "internal_edges": 3.0, "redundancy": 1.0, "cut_vertices": 0.0, "logical_degree": 2.0, "coupling_mass": 2.4000000000000004, "contacts": 3.0, "mass_per_contact": 0.8000000000000002, "max_contact_load": 1.6, "load_concentration": 1.6, "field": 0.0}}
{"chain": {"task_index": 10, "source": "policy1", "break_rate": 0.0, "length": 1.0, "internal_edges": 0.0, "redundancy": 0.0, "cut_vertices": 0.0, "logical_degree": 2.0, "coupling_mass": 5.0, "contacts": 2.0, "mass_per_contact": 2.5, "max_contact_load": 3.9, "load_concentration": 1.56, "field": 0.0}}
{"chain": {"task_index": 10, "source": "policy1", "break_rate": 0.0908203125, "length": 2.0, "internal_edges": 1.0, "redundancy": 0.0, "cut_vertices": 0.0, "logical_degree": 4.0, "coupling_mass": 7.0, "contacts": 10.0, "mass_per_contact": 0.7, "max_contact_load": 3.5, "load_concentration": 3.005366726296959, "field": 0.0}}
{"chain": {"task_index": 10, "source": "policy1", "break_rate": 0.36767578125, "length": 3.0, "internal_edges": 2.0, "redundancy": 0.0, "cut_vertices": 1.0, "logical_degree": 4.0, "coupling_mass": 12.8, "contacts": 5.0, "mass_per_contact": 2.56, "max_contact_load": 3.9, "load_concentration": 1.4377880184331797, "field": 0.0}}
{"chain": {"task_index": 10, "source": "policy1", "break_rate": 0.0, "length": 1.0, "internal_edges": 0.0, "redundancy": 0.0, "cut_vertices": 0.0, "logical_degree": 3.0, "coupling_mass": 2.0, "contacts": 3.0, "mass_per_contact": 0.6666666666666666, "max_contact_load": 1.0, "load_concentration": 1.5, "field": 0.0}}
{"chain": {"task_index": 10, "source": "policy1", "break_rate": 0.0, "length": 1.0, "internal_edges": 0.0, "redundancy": 0.0, "cut_vertices": 0.0, "logical_degree": 2.0, "coupling_mass": 2.0, "contacts": 3.0, "mass_per_contact": 0.6666666666666666, "max_contact_load": 1.0, "load_concentration": 1.3333333333333333, "field": 0.0}}
{"chain": {"task_index": 10, "source": "policy1", "break_rate": 0.0, "length": 1.0, "internal_edges": 0.0, "redundancy": 0.0, "cut_vertices": 0.0, "logical_degree": 5.0, "coupling_mass": 9.8, "contacts": 8.0, "mass_per_contact": 1.225, "max_contact_load": 3.9, "load_concentration": 2.154696132596685, "field": 0.0}}
{"chain": {"task_index": 10, "source": "policy1", "break_rate": 0.09326171875, "length": 5.0, "internal_edges": 4.0, "redundancy": 0.0, "cut_vertices": 3.0, "logical_degree": 3.0, "coupling_mass": 2.8, "contacts": 10.0, "mass_per_contact": 0.27999999999999997, "max_contact_load": 0.5, "load_concentration": 1.5517241379310345, "field": 0.0}}
{"chain": {"task_index": 10, "source": "policy1", "break_rate": 0.0, "length": 1.0, "internal_edges": 0.0, "redundancy": 0.0, "cut_vertices": 0.0, "logical_degree": 5.0, "coupling_mass": 4.0, "contacts": 9.0, "mass_per_contact": 0.4444444444444444, "max_contact_load": 1.6, "load_concentration": 2.608695652173913, "field": 0.0}}
{"chain": {"task_index": 10, "source": "policy1", "break_rate": 0.3681640625, "length": 3.0, "internal_edges": 2.0, "redundancy": 0.0, "cut_vertices": 1.0, "logical_degree": 2.0, "coupling_mass": 7.0, "contacts": 5.0, "mass_per_contact": 1.4, "max_contact_load": 1.75, "load_concentration": 1.2, "field": 0.0}}
{"chain": {"task_index": 10, "source": "policy1", "break_rate": 0.0, "length": 1.0, "internal_edges": 0.0, "redundancy": 0.0, "cut_vertices": 0.0, "logical_degree": 2.0, "coupling_mass": 7.0, "contacts": 3.0, "mass_per_contact": 2.3333333333333335, "max_contact_load": 3.5, "load_concentration": 1.3333333333333333, "field": 0.0}}
{"chain": {"task_index": 10, "source": "policy1", "break_rate": 0.0595703125, "length": 3.0, "internal_edges": 2.0, "redundancy": 0.0, "cut_vertices": 1.0, "logical_degree": 0.0, "coupling_mass": 0.0, "contacts": 0.0, "mass_per_contact": 0.0, "max_contact_load": 0.0, "load_concentration": 0.0, "field": 0.0}}
{"chain": {"task_index": 10, "source": "policy1", "break_rate": 0.08544921875, "length": 4.0, "internal_edges": 3.0, "redundancy": 0.0, "cut_vertices": 2.0, "logical_degree": 4.0, "coupling_mass": 3.5999999999999996, "contacts": 10.0, "mass_per_contact": 0.36, "max_contact_load": 1.7999999999999998, "load_concentration": 2.7551020408163263, "field": 0.0}}
{"chain": {"task_index": 10, "source": "policy1", "break_rate": 0.09228515625, "length": 4.0, "internal_edges": 3.0, "redundancy": 0.0, "cut_vertices": 1.0, "logical_degree": 0.0, "coupling_mass": 0.0, "contacts": 0.0, "mass_per_contact": 0.0, "max_contact_load": 0.0, "load_concentration": 0.0, "field": 0.0}}
{"chain": {"task_index": 10, "source": "policy1", "break_rate": 0.052734375, "length": 5.0, "internal_edges": 5.0, "redundancy": 1.0, "cut_vertices": 2.0, "logical_degree": 0.0, "coupling_mass": 0.0, "contacts": 0.0, "mass_per_contact": 0.0, "max_contact_load": 0.0, "load_concentration": 0.0, "field": 0.0}}
{"chain": {"task_index": 10, "source": "policy1", "break_rate": 0.45068359375, "length": 7.0, "internal_edges": 6.0, "redundancy": 0.0, "cut_vertices": 5.0, "logical_degree": 6.0, "coupling_mass": 11.0, "contacts": 12.0, "mass_per_contact": 0.9166666666666666, "max_contact_load": 3.5, "load_concentration": 2.4207492795389047, "field": 0.0}}
{"chain": {"task_index": 10, "source": "policy1", "break_rate": 0.0, "length": 1.0, "internal_edges": 0.0, "redundancy": 0.0, "cut_vertices": 0.0, "logical_degree": 3.0, "coupling_mass": 5.0, "contacts": 5.0, "mass_per_contact": 1.0, "max_contact_load": 1.25, "load_concentration": 1.25, "field": 0.0}}
{"chain": {"task_index": 10, "source": "policy1", "break_rate": 0.10791015625, "length": 3.0, "internal_edges": 2.0, "redundancy": 0.0, "cut_vertices": 1.0, "logical_degree": 5.0, "coupling_mass": 10.6, "contacts": 7.0, "mass_per_contact": 1.5142857142857142, "max_contact_load": 3.9, "load_concentration": 1.9696969696969697, "field": 0.0}}
{"chain": {"task_index": 10, "source": "minorminer", "break_rate": 0.0, "length": 1.0, "internal_edges": 0.0, "redundancy": 0.0, "cut_vertices": 0.0, "logical_degree": 4.0, "coupling_mass": 9.0, "contacts": 4.0, "mass_per_contact": 2.25, "max_contact_load": 3.9, "load_concentration": 1.7333333333333334, "field": 0.0}}
{"chain": {"task_index": 10, "source": "minorminer", "break_rate": 0.0, "length": 1.0, "internal_edges": 0.0, "redundancy": 0.0, "cut_vertices": 0.0, "logical_degree": 2.0, "coupling_mass": 3.2, "contacts": 2.0, "mass_per_contact": 1.6, "max_contact_load": 1.6, "load_concentration": 1.0, "field": 0.0}}
{"chain": {"task_index": 10, "source": "minorminer", "break_rate": 0.0, "length": 1.0, "internal_edges": 0.0, "redundancy": 0.0, "cut_vertices": 0.0, "logical_degree": 3.0, "coupling_mass": 8.6, "contacts": 3.0, "mass_per_contact": 2.8666666666666667, "max_contact_load": 3.9, "load_concentration": 1.3604651162790697, "field": 0.0}}
{"chain": {"task_index": 10, "source": "minorminer", "break_rate": 0.0, "length": 1.0, "internal_edges": 0.0, "redundancy": 0.0, "cut_vertices": 0.0, "logical_degree": 2.0, "coupling_mass": 4.0, "contacts": 2.0, "mass_per_contact": 2.0, "max_contact_load": 2.4, "load_concentration": 1.2, "field": 0.0}}
{"chain": {"task_index": 10, "source": "minorminer", "break_rate": 0.0, "length": 1.0, "internal_edges": 0.0, "redundancy": 0.0, "cut_vertices": 0.0, "logical_degree": 8.0, "coupling_mass": 12.8, "contacts": 8.0, "mass_per_contact": 1.6, "max_contact_load": 2.7, "load_concentration": 1.6875, "field": 0.0}}
{"chain": {"task_index": 10, "source": "minorminer", "break_rate": 0.0, "length": 1.0, "internal_edges": 0.0, "redundancy": 0.0, "cut_vertices": 0.0, "logical_degree": 2.0, "coupling_mass": 0.8, "contacts": 2.0, "mass_per_contact": 0.4, "max_contact_load": 0.4, "load_concentration": 1.0, "field": 0.0}}
{"chain": {"task_index": 10, "source": "minorminer", "break_rate": 0.0, "length": 1.0, "internal_edges": 0.0, "redundancy": 0.0, "cut_vertices": 0.0, "logical_degree": 3.0, "coupling_mass": 7.0, "contacts": 3.0, "mass_per_contact": 2.3333333333333335, "max_contact_load": 3.9, "load_concentration": 1.6714285714285713, "field": 0.0}}
{"chain": {"task_index": 10, "source": "minorminer", "break_rate": 0.0, "length": 1.0, "internal_edges": 0.0, "redundancy": 0.0, "cut_vertices": 0.0, "logical_degree": 2.0, "coupling_mass": 2.0, "contacts": 3.0, "mass_per_contact": 0.6666666666666666, "max_contact_load": 1.0, "load_concentration": 1.3333333333333333, "field": 0.0}}
{"chain": {"task_index": 10, "source": "minorminer", "break_rate": 0.0, "length": 1.0, "internal_edges": 0.0, "redundancy": 0.0, "cut_vertices": 0.0, "logical_degree": 4.0, "coupling_mass": 6.4, "contacts": 4.0, "mass_per_contact": 1.6, "max_contact_load": 2.1999999999999997, "load_concentration": 1.3749999999999998, "field": 0.0}}
{"chain": {"task_index": 10, "source": "minorminer", "break_rate": 0.0, "length": 1.0, "internal_edges": 0.0, "redundancy": 0.0, "cut_vertices": 0.0, "logical_degree": 3.0, "coupling_mass": 8.6, "contacts": 3.0, "mass_per_contact": 2.8666666666666667, "max_contact_load": 3.9, "load_concentration": 1.3604651162790697, "field": 0.0}}
{"chain": {"task_index": 10, "source": "minorminer", "break_rate": 0.0, "length": 1.0, "internal_edges": 0.0, "redundancy": 0.0, "cut_vertices": 0.0, "logical_degree": 8.0, "coupling_mass": 14.000000000000002, "contacts": 8.0, "mass_per_contact": 1.7500000000000002, "max_contact_load": 3.9, "load_concentration": 2.2285714285714286, "field": 0.0}}
{"chain": {"task_index": 10, "source": "minorminer", "break_rate": 0.0, "length": 1.0, "internal_edges": 0.0, "redundancy": 0.0, "cut_vertices": 0.0, "logical_degree": 2.0, "coupling_mass": 0.8, "contacts": 2.0, "mass_per_contact": 0.4, "max_contact_load": 0.4, "load_concentration": 1.0, "field": 0.0}}
{"chain": {"task_index": 10, "source": "minorminer", "break_rate": 0.0, "length": 1.0, "internal_edges": 0.0, "redundancy": 0.0, "cut_vertices": 0.0, "logical_degree": 2.0, "coupling_mass": 5.0, "contacts": 2.0, "mass_per_contact": 2.5, "max_contact_load": 2.5, "load_concentration": 1.0, "field": 0.0}}
{"chain": {"task_index": 10, "source": "minorminer", "break_rate": 0.02978515625, "length": 2.0, "internal_edges": 1.0, "redundancy": 0.0, "cut_vertices": 0.0, "logical_degree": 5.0, "coupling_mass": 9.0, "contacts": 5.0, "mass_per_contact": 1.8, "max_contact_load": 3.5, "load_concentration": 1.9444444444444444, "field": 0.0}}
{"chain": {"task_index": 10, "source": "minorminer", "break_rate": 0.0, "length": 1.0, "internal_edges": 0.0, "redundancy": 0.0, "cut_vertices": 0.0, "logical_degree": 4.0, "coupling_mass": 10.0, "contacts": 4.0, "mass_per_contact": 2.5, "max_contact_load": 3.9, "load_concentration": 1.56, "field": 0.0}}
{"chain": {"task_index": 10, "source": "minorminer", "break_rate": 0.0, "length": 1.0, "internal_edges": 0.0, "redundancy": 0.0, "cut_vertices": 0.0, "logical_degree": 2.0, "coupling_mass": 2.4000000000000004, "contacts": 2.0, "mass_per_contact": 1.2000000000000002, "max_contact_load": 1.6, "load_concentration": 1.3333333333333333, "field": 0.0}}
{"chain": {"task_index": 10, "source": "minorminer", "break_rate": 0.0, "length": 1.0, "internal_edges": 0.0, "redundancy": 0.0, "cut_vertices": 0.0, "logical_degree": 2.0, "coupling_mass": 5.0, "contacts": 2.0, "mass_per_contact": 2.5, "max_contact_load": 3.9, "load_concentration": 1.56, "field": 0.0}}
{"chain": {"task_index": 10, "source": "minorminer", "break_rate": 0.0, "length": 1.0, "internal_edges": 0.0, "redundancy": 0.0, "cut_vertices": 0.0, "logical_degree": 4.0, "coupling_mass": 7.0, "contacts": 4.0, "mass_per_contact": 1.75, "max_contact_load": 3.5, "load_concentration": 2.0, "field": 0.0}}
{"chain": {"task_index": 10, "source": "minorminer", "break_rate": 0.0, "length": 1.0, "internal_edges": 0.0, "redundancy": 0.0, "cut_vertices": 0.0, "logical_degree": 4.0, "coupling_mass": 12.8, "contacts": 4.0, "mass_per_contact": 3.2, "max_contact_load": 3.9, "load_concentration": 1.21875, "field": 0.0}}
{"chain": {"task_index": 10, "source": "minorminer", "break_rate": 0.0, "length": 1.0, "internal_edges": 0.0, "redundancy": 0.0, "cut_vertices": 0.0, "logical_degree": 3.0, "coupling_mass": 2.0, "contacts": 3.0, "mass_per_contact": 0.6666666666666666, "max_contact_load": 1.0, "load_concentration": 1.5, "field": 0.0}}
{"chain": {"task_index": 10, "source": "minorminer", "break_rate": 0.0, "length": 1.0, "internal_edges": 0.0, "redundancy": 0.0, "cut_vertices": 0.0, "logical_degree": 2.0, "coupling_mass": 2.0, "contacts": 2.0, "mass_per_contact": 1.0, "max_contact_load": 1.0, "load_concentration": 1.0, "field": 0.0}}
{"chain": {"task_index": 10, "source": "minorminer", "break_rate": 0.0, "length": 1.0, "internal_edges": 0.0, "redundancy": 0.0, "cut_vertices": 0.0, "logical_degree": 5.0, "coupling_mass": 9.8, "contacts": 5.0, "mass_per_contact": 1.9600000000000002, "max_contact_load": 3.9, "load_concentration": 1.9897959183673466, "field": 0.0}}
{"chain": {"task_index": 10, "source": "minorminer", "break_rate": 0.0, "length": 1.0, "internal_edges": 0.0, "redundancy": 0.0, "cut_vertices": 0.0, "logical_degree": 3.0, "coupling_mass": 2.8, "contacts": 3.0, "mass_per_contact": 0.9333333333333332, "max_contact_load": 1.0, "load_concentration": 1.0714285714285716, "field": 0.0}}
{"chain": {"task_index": 10, "source": "minorminer", "break_rate": 0.0322265625, "length": 2.0, "internal_edges": 1.0, "redundancy": 0.0, "cut_vertices": 0.0, "logical_degree": 5.0, "coupling_mass": 4.0, "contacts": 5.0, "mass_per_contact": 0.8, "max_contact_load": 1.6, "load_concentration": 2.0, "field": 0.0}}
{"chain": {"task_index": 10, "source": "minorminer", "break_rate": 0.0, "length": 1.0, "internal_edges": 0.0, "redundancy": 0.0, "cut_vertices": 0.0, "logical_degree": 2.0, "coupling_mass": 7.0, "contacts": 2.0, "mass_per_contact": 3.5, "max_contact_load": 3.5, "load_concentration": 1.0, "field": 0.0}}
{"chain": {"task_index": 10, "source": "minorminer", "break_rate": 0.0, "length": 1.0, "internal_edges": 0.0, "redundancy": 0.0, "cut_vertices": 0.0, "logical_degree": 2.0, "coupling_mass": 7.0, "contacts": 2.0, "mass_per_contact": 3.5, "max_contact_load": 3.5, "load_concentration": 1.0, "field": 0.0}}
{"chain": {"task_index": 10, "source": "minorminer", "break_rate": 0.0, "length": 1.0, "internal_edges": 0.0, "redundancy": 0.0, "cut_vertices": 0.0, "logical_degree": 0.0, "coupling_mass": 0.0, "contacts": 0.0, "mass_per_contact": 0.0, "max_contact_load": 0.0, "load_concentration": 0.0, "field": 0.0}}
{"chain": {"task_index": 10, "source": "minorminer", "break_rate": 0.0, "length": 1.0, "internal_edges": 0.0, "redundancy": 0.0, "cut_vertices": 0.0, "logical_degree": 4.0, "coupling_mass": 3.5999999999999996, "contacts": 4.0, "mass_per_contact": 0.8999999999999999, "max_contact_load": 1.7999999999999998, "load_concentration": 2.0, "field": 0.0}}
{"chain": {"task_index": 10, "source": "minorminer", "break_rate": 0.0, "length": 1.0, "internal_edges": 0.0, "redundancy": 0.0, "cut_vertices": 0.0, "logical_degree": 0.0, "coupling_mass": 0.0, "contacts": 0.0, "mass_per_contact": 0.0, "max_contact_load": 0.0, "load_concentration": 0.0, "field": 0.0}}
{"chain": {"task_index": 10, "source": "minorminer", "break_rate": 0.0, "length": 1.0, "internal_edges": 0.0, "redundancy": 0.0, "cut_vertices": 0.0, "logical_degree": 0.0, "coupling_mass": 0.0, "contacts": 0.0, "mass_per_contact": 0.0, "max_contact_load": 0.0, "load_concentration": 0.0, "field": 0.0}}
{"chain": {"task_index": 10, "source": "minorminer", "break_rate": 0.0224609375, "length": 2.0, "internal_edges": 1.0, "redundancy": 0.0, "cut_vertices": 0.0, "logical_degree": 6.0, "coupling_mass": 11.0, "contacts": 7.0, "mass_per_contact": 1.5714285714285714, "max_contact_load": 3.5, "load_concentration": 2.0, "field": 0.0}}
{"chain": {"task_index": 10, "source": "minorminer", "break_rate": 0.0, "length": 1.0, "internal_edges": 0.0, "redundancy": 0.0, "cut_vertices": 0.0, "logical_degree": 3.0, "coupling_mass": 5.0, "contacts": 3.0, "mass_per_contact": 1.6666666666666667, "max_contact_load": 2.5, "load_concentration": 1.5, "field": 0.0}}
{"chain": {"task_index": 10, "source": "minorminer", "break_rate": 0.0087890625, "length": 2.0, "internal_edges": 1.0, "redundancy": 0.0, "cut_vertices": 0.0, "logical_degree": 5.0, "coupling_mass": 10.6, "contacts": 5.0, "mass_per_contact": 2.12, "max_contact_load": 3.9, "load_concentration": 1.8396226415094339, "field": 0.0}}
{"chain": {"task_index": 11, "source": "policy0", "break_rate": 0.02587890625, "length": 3.0, "internal_edges": 2.0, "redundancy": 0.0, "cut_vertices": 1.0, "logical_degree": 4.0, "coupling_mass": 3.5999999999999996, "contacts": 7.0, "mass_per_contact": 0.5142857142857142, "max_contact_load": 0.7, "load_concentration": 1.4, "field": 0.0}}
{"chain": {"task_index": 11, "source": "policy0", "break_rate": 0.0703125, "length": 5.0, "internal_edges": 4.0, "redundancy": 0.0, "cut_vertices": 3.0, "logical_degree": 4.0, "coupling_mass": 8.600000000000001, "contacts": 11.0, "mass_per_contact": 0.781818181818182, "max_contact_load": 3.9, "load_concentration": 3.0, "field": 0.0}}
{"chain": {"task_index": 11, "source": "policy0", "break_rate": 0.037109375, "length": 2.0, "internal_edges": 1.0, "redundancy": 0.0, "cut_vertices": 0.0, "logical_degree": 2.0, "coupling_mass": 0.8, "contacts": 4.0, "mass_per_contact": 0.2, "max_contact_load": 0.4, "load_concentration": 1.5, "field": 0.0}}
{"chain": {"task_index": 11, "source": "policy0", "break_rate": 0.0, "length": 1.0, "internal_edges": 0.0, "redundancy": 0.0, "cut_vertices": 0.0, "logical_degree": 0.0, "coupling_mass": 0.0, "contacts": 0.0, "mass_per_contact": 0.0, "max_contact_load": 0.0, "load_concentration": 0.0, "field": 0.0}}
{"chain": {"task_index": 11, "source": "policy0", "break_rate": 0.4091796875, "length": 8.0, "internal_edges": 9.0, "redundancy": 2.0, "cut_vertices": 3.0, "logical_degree": 6.0, "coupling_mass": 14.4, "contacts": 10.0, "mass_per_contact": 1.44, "max_contact_load": 3.5, "load_concentration": 1.935483870967742, "field": 0.0}}
{"chain": {"task_index": 11, "source": "policy0", "break_rate": 0.02392578125, "length": 2.0, "internal_edges": 1.0, "redundancy": 0.0, "cut_vertices": 0.0, "logical_degree": 2.0, "coupling_mass": 2.0, "contacts": 2.0, "mass_per_contact": 1.0, "max_contact_load": 1.0, "load_concentration": 1.0, "field": 0.0}}
{"chain": {"task_index": 11, "source": "policy0", "break_rate": 0.0, "length": 1.0, "internal_edges": 0.0, "redundancy": 0.0, "cut_vertices": 0.0, "logical_degree": 2.0, "coupling_mass": 3.4000000000000004, "contacts": 5.0, "mass_per_contact": 0.68, "max_contact_load": 0.775, "load_concentration": 1.441860465116279, "field": 0.0}}
{"chain": {"task_index": 11, "source": "policy0", "break_rate": 0.0, "length": 1.0, "internal_edges": 0.0, "redundancy": 0.0, "cut_vertices": 0.0, "logical_degree": 2.0, "coupling_mass": 5.0, "contacts": 3.0, "mass_per_contact": 1.6666666666666667, "max_contact_load": 2.5, "load_concentration": 1.3333333333333333, "field": 0.0}}
{"chain": {"task_index": 11, "source": "policy0", "break_rate": 0.21826171875, "length": 5.0, "internal_edges": 4.0, "redundancy": 0.0, "cut_vertices": 2.0, "logical_degree": 3.0, "coupling_mass": 5.800000000000001, "contacts": 6.0, "mass_per_contact": 0.9666666666666668, "max_contact_load": 2.9, "load_concentration": 2.21656050955414, "field": 0.0}}
{"chain": {"task_index": 11, "source": "policy0", "break_rate": 0.0, "length": 1.0, "internal_edges": 0.0, "redundancy": 0.0, "cut_vertices": 0.0, "logical_degree": 0.0, "coupling_mass": 0.0, "contacts": 0.0, "mass_per_contact": 0.0, "max_contact_load": 0.0, "load_concentration": 0.0, "field": 0.0}}
{"chain": {"task_index": 11, "source": "policy0", "break_rate": 0.05615234375, "length": 3.0, "internal_edges": 2.0, "redundancy": 0.0, "cut_vertices": 1.0, "logical_degree": 3.0, "coupling_mass": 1.6, "contacts": 9.0, "mass_per_contact": 0.17777777777777778, "max_contact_load": 0.2, "load_concentration": 1.125, "field": 0.0}}
{"chain": {"task_index": 11, "source": "policy0", "break_rate": 0.16455078125, "length": 2.0, "internal_edges": 1.0, "redundancy": 0.0, "cut_vertices": 0.0, "logical_degree": 4.0, "coupling_mass": 5.800000000000001, "contacts": 5.0, "mass_per_contact": 1.1600000000000001, "max_contact_load": 2.1, "load_concentration": 1.647058823529412, "field": 0.0}}
{"chain": {"task_index": 11, "source": "policy0", "break_rate": 0.0, "length": 1.0, "internal_edges": 0.0, "redundancy": 0.0, "cut_vertices": 0.0, "logical_degree": 0.0, "coupling_mass": 0.0, "contacts": 0.0, "mass_per_contact": 0.0, "max_contact_load": 0.0, "load_concentration": 0.0, "field": 0.0}}
{"chain": {"task_index": 11, "source": "policy0", "break_rate": 0.04345703125, "length": 2.0, "internal_edges": 1.0, "redundancy": 0.0, "cut_vertices": 0.0, "logical_degree": 3.0, "coupling_mass": 5.800000000000001, "contacts": 5.0, "mass_per_contact": 1.1600000000000001, "max_contact_load": 2.1, "load_concentration": 1.5949367088607596, "field": 0.0}}
{"chain": {"task_index": 11, "source": "policy0", "break_rate": 0.02734375, "length": 2.0, "internal_edges": 1.0, "redundancy": 0.0, "cut_vertices": 0.0, "logical_degree": 0.0, "coupling_mass": 0.0, "contacts": 0.0, "mass_per_contact": 0.0, "max_contact_load": 0.0, "load_concentration": 0.0, "field": 0.0}}
{"chain": {"task_index": 11, "source": "policy0", "break_rate": 0.0, "length": 1.0, "internal_edges": 0.0, "redundancy": 0.0, "cut_vertices": 0.0, "logical_degree": 4.0, "coupling_mass": 7.0, "contacts": 4.0, "mass_per_contact": 1.75, "max_contact_load": 3.5, "load_concentration": 2.0, "field": 0.0}}
{"chain": {"task_index": 11, "source": "policy0", "break_rate": 0.00341796875, "length": 2.0, "internal_edges": 1.0, "redundancy": 0.0, "cut_vertices": 0.0, "logical_degree": 2.0, "coupling_mass": 5.0, "contacts": 3.0, "mass_per_contact": 1.6666666666666667, "max_contact_load": 2.5, "load_concentration": 1.3333333333333333, "field": 0.0}}
{"chain": {"task_index": 11, "source": "policy0", "break_rate": 0.0, "length": 1.0, "internal_edges": 0.0, "redundancy": 0.0, "cut_vertices": 0.0, "logical_degree": 2.0, "coupling_mass": 4.2, "contacts": 4.0, "mass_per_contact": 1.05, "max_contact_load": 1.3, "load_concentration": 1.625, "field": 0.0}}
{"chain": {"task_index": 11, "source": "policy0", "break_rate": 0.01806640625, "length": 2.0, "internal_edges": 1.0, "redundancy": 0.0, "cut_vertices": 0.0, "logical_degree": 2.0, "coupling_mass": 5.0, "contacts": 4.0, "mass_per_contact": 1.25, "max_contact_load": 2.5, "load_concentration": 1.5, "field": 0.0}}
{"chain": {"task_index": 11, "source": "policy0", "break_rate": 0.0361328125, "length": 5.0, "internal_edges": 6.0, "redundancy": 2.0, "cut_vertices": 1.0, "logical_degree": 3.0, "coupling_mass": 7.800000000000001, "contacts": 4.0, "mass_per_contact": 1.9500000000000002, "max_contact_load": 3.9, "load_concentration": 1.647887323943662, "field": 0.0}}
{"chain": {"task_index": 11, "source": "policy0", "break_rate": 0.01806640625, "length": 6.0, "internal_edges": 6.0, "redundancy": 1.0, "cut_vertices": 2.0, "logical_degree": 2.0, "coupling_mass": 7.0, "contacts": 7.0, "mass_per_contact": 1.0, "max_contact_load": 1.3, "load_concentration": 1.2530120481927711, "field": 0.0}}
{"chain": {"task_index": 11, "source": "policy0", "break_rate": 0.05126953125, "length": 5.0, "internal_edges": 4.0, "redundancy": 0.0, "cut_vertices": 1.0, "logical_degree": 5.0, "coupling_mass": 10.8, "contacts": 8.0, "mass_per_contact": 1.35, "max_contact_load": 2.9, "load_concentration": 1.7901234567901236, "field": 0.0}}
{"chain": {"task_index": 11, "source": "policy0", "break_rate": 0.0, "length": 1.0, "internal_edges": 0.0, "redundancy": 0.0, "cut_vertices": 0.0, "logical_degree": 0.0, "coupling_mass": 0.0, "contacts": 0.0, "mass_per_contact": 0.0, "max_contact_load": 0.0, "load_concentration": 0.0, "field": 0.0}}
{"chain": {"task_index": 11, "source": "policy0", "break_rate": 0.0439453125, "length": 2.0, "internal_edges": 1.0, "redundancy": 0.0, "cut_vertices": 0.0, "logical_degree": 4.0, "coupling_mass": 7.800000000000001, "contacts": 8.0, "mass_per_contact": 0.9750000000000001, "max_contact_load": 2.9, "load_concentration": 2.230769230769231, "field": 0.0}}
{"chain": {"task_index": 11, "source": "policy0", "break_rate": 0.16015625, "length": 2.0, "internal_edges": 1.0, "redundancy": 0.0, "cut_vertices": 0.0, "logical_degree": 3.0, "coupling_mass": 5.800000000000001, "contacts": 5.0, "mass_per_contact": 1.1600000000000001, "max_contact_load": 2.9, "load_concentration": 2.0, "field": 0.0}}
{"chain": {"task_index": 11, "source": "policy0", "break_rate": 0.072265625, "length": 3.0, "internal_edges": 2.0, "redundancy": 0.0, "cut_vertices": 1.0, "logical_degree": 2.0, "coupling_mass": 5.0, "contacts": 3.0, "mass_per_contact": 1.6666666666666667, "max_contact_load": 2.5, "load_concentration": 1.3333333333333333, "field": 0.0}}
{"chain": {"task_index": 11, "source": "policy0", "break_rate": 0.0, "length": 1.0, "internal_edges": 0.0, "redundancy": 0.0, "cut_vertices": 0.0, "logical_degree": 2.0, "coupling_mass": 3.8, "contacts": 2.0, "mass_per_contact": 1.9, "max_contact_load": 2.3, "load_concentration": 1.2105263157894737, "field": 0.0}}
{"chain": {"task_index": 11, "source": "policy0", "break_rate": 0.07568359375, "length": 3.0, "internal_edges": 2.0, "redundancy": 0.0, "cut_vertices": 1.0, "logical_degree": 3.0, "coupling_mass": 3.5999999999999996, "contacts": 6.0, "mass_per_contact": 0.6, "max_contact_load": 1.0, "load_concentration": 1.5, "field": 0.0}}
{"chain": {"task_index": 11, "source": "policy0", "break_rate": 0.4970703125, "length": 2.0, "internal_edges": 1.0, "redundancy": 0.0, "cut_vertices": 0.0, "logical_degree": 2.0, "coupling_mass": 5.0, "contacts": 5.0, "mass_per_contact": 1.0, "max_contact_load": 2.5, "load_concentration": 1.6, "field": 0.0}}
{"chain": {"task_index": 11, "source": "policy0", "break_rate": 0.2001953125, "length": 7.0, "internal_edges": 6.0, "redundancy": 0.0, "cut_vertices": 4.0, "logical_degree": 7.0, "coupling_mass": 14.0, "contacts": 13.0, "mass_per_contact": 1.0769230769230769, "max_contact_load": 2.3, "load_concentration": 1.9835728952772071, "field": 0.0}}
{"chain": {"task_index": 11, "source": "policy0", "break_rate": 0.0087890625, "length": 3.0, "internal_edges": 2.0, "redundancy": 0.0, "cut_vertices": 1.0, "logical_degree": 2.0, "coupling_mass": 5.0, "contacts": 7.0, "mass_per_contact": 0.7142857142857143, "max_contact_load": 0.75, "load_concentration": 1.0344827586206897, "field": 0.0}}
{"chain": {"task_index": 11, "source": "policy1", "break_rate": 0.0, "length": 1.0, "internal_edges": 0.0, "redundancy": 0.0, "cut_vertices": 0.0, "logical_degree": 4.0, "coupling_mass": 3.5999999999999996, "contacts": 5.0, "mass_per_contact": 0.72, "max_contact_load": 1.4, "load_concentration": 1.9310344827586206, "field": 0.0}}
{"chain": {"task_index": 11, "source": "policy1", "break_rate": 0.0, "length": 2.0, "internal_edges": 1.0, "redundancy": 0.0, "cut_vertices": 0.0, "logical_degree": 4.0, "coupling_mass": 8.600000000000001, "contacts": 7.0, "mass_per_contact": 1.2285714285714289, "max_contact_load": 1.75, "load_concentration": 1.6470588235294117, "field": 0.0}}
{"chain": {"task_index": 11, "source": "policy1", "break_rate": 0.02685546875, "length": 2.0, "internal_edges": 1.0, "redundancy": 0.0, "cut_vertices": 0.0, "logical_degree": 2.0, "coupling_mass": 0.8, "contacts": 2.0, "mass_per_contact": 0.4, "max_contact_load": 0.4, "load_concentration": 1.0, "field": 0.0}}
{"chain": {"task_index": 11, "source": "policy1", "break_rate": 0.0322265625, "length": 2.0, "internal_edges": 1.0, "redundancy": 0.0, "cut_vertices": 0.0, "logical_degree": 0.0, "coupling_mass": 0.0, "contacts": 0.0, "mass_per_contact": 0.0, "max_contact_load": 0.0, "load_concentration": 0.0, "field": 0.0}}
{"chain": {"task_index": 11, "source": "policy1", "break_rate": 0.02978515625, "length": 5.0, "internal_edges": 4.0, "redundancy": 0.0, "cut_vertices": 2.0, "logical_degree": 6.0, "coupling_mass": 14.4, "contacts": 24.0, "mass_per_contact": 0.6, "max_contact_load": 1.1666666666666667, "load_concentration": 1.6676593210244195, "field": 0.0}}
{"chain": {"task_index": 11, "source": "policy1", "break_rate": 0.0634765625, "length": 4.0, "internal_edges": 3.0, "redundancy": 0.0, "cut_vertices": 2.0, "logical_degree": 2.0, "coupling_mass": 2.0, "contacts": 3.0, "mass_per_contact": 0.6666666666666666, "max_contact_load": 1.0, "load_concentration": 1.3333333333333333, "field": 0.0}}
{"chain": {"task_index": 11, "source": "policy1", "break_rate": 0.08251953125, "length": 5.0, "internal_edges": 4.0, "redundancy": 0.0, "cut_vertices": 3.0, "logical_degree": 2.0, "coupling_mass": 3.4000000000000004, "contacts": 8.0, "mass_per_contact": 0.42500000000000004, "max_contact_load": 1.0333333333333334, "load_concentration": 1.8902439024390243, "field": 0.0}}
{"chain": {"task_index": 11, "source": "policy1", "break_rate": 0.0, "length": 1.0, "internal_edges": 0.0, "redundancy": 0.0, "cut_vertices": 0.0, "logical_degree": 2.0, "coupling_mass": 5.0, "contacts": 2.0, "mass_per_contact": 2.5, "max_contact_load": 2.5, "load_concentration": 1.0, "field": 0.0}}
{"chain": {"task_index": 11, "source": "policy1", "break_rate": 0.4248046875, "length": 5.0, "internal_edges": 4.0, "redundancy": 0.0, "cut_vertices": 3.0, "logical_degree": 3.0, "coupling_mass": 5.800000000000001, "contacts": 5.0, "mass_per_contact": 1.1600000000000001, "max_contact_load": 1.45, "load_concentration": 1.4032258064516128, "field": 0.0}}
{"chain": {"task_index": 11, "source": "policy1", "break_rate": 0.02978515625, "length": 2.0, "internal_edges": 1.0, "redundancy": 0.0, "cut_vertices": 0.0, "logical_degree": 0.0, "coupling_mass": 0.0, "contacts": 0.0, "mass_per_contact": 0.0, "max_contact_load": 0.0, "load_concentration": 0.0, "field": 0.0}}
{"chain": {"task_index": 11, "source": "policy1", "break_rate": 0.0361328125, "length": 2.0, "internal_edges": 1.0, "redundancy": 0.0, "cut_vertices": 0.0, "logical_degree": 3.0, "coupling_mass": 1.6, "contacts": 4.0, "mass_per_contact": 0.4, "max_contact_load": 0.8, "load_concentration": 1.7142857142857142, "field": 0.0}}
{"chain": {"task_index": 11, "source": "policy1", "break_rate": 0.443359375, "length": 6.0, "internal_edges": 5.0, "redundancy": 0.0, "cut_vertices": 4.0, "logical_degree": 4.0, "coupling_mass": 5.800000000000001, "contacts": 19.0, "mass_per_contact": 0.3052631578947369, "max_contact_load": 1.4, "load_concentration": 2.4660550458715598, "field": 0.0}}
{"chain": {"task_index": 11, "source": "policy1", "break_rate": 0.02783203125, "length": 2.0, "internal_edges": 1.0, "redundancy": 0.0, "cut_vertices": 0.0, "logical_degree": 0.0, "coupling_mass": 0.0, "contacts": 0.0, "mass_per_contact": 0.0, "max_contact_load": 0.0, "load_concentration": 0.0, "field": 0.0}}
{"chain": {"task_index": 11, "source": "policy1", "break_rate": 0.09765625, "length": 3.0, "internal_edges": 2.0, "redundancy": 0.0, "cut_vertices": 1.0, "logical_degree": 3.0, "coupling_mass": 5.800000000000001, "contacts": 11.0, "mass_per_contact": 0.5272727272727273, "max_contact_load": 3.3, "load_concentration": 2.516949152542373, "field": 0.0}}
{"chain": {"task_index": 11, "source": "policy1", "break_rate": 0.0, "length": 1.0, "internal_edges": 0.0, "redundancy": 0.0, "cut_vertices": 0.0, "logical_degree": 0.0, "coupling_mass": 0.0, "contacts": 0.0, "mass_per_contact": 0.0, "max_contact_load": 0.0, "load_concentration": 0.0, "field": 0.0}}
{"chain": {"task_index": 11, "source": "policy1", "break_rate": 0.12109375, "length": 2.0, "internal_edges": 1.0, "redundancy": 0.0, "cut_vertices": 0.0, "logical_degree": 4.0, "coupling_mass": 7.0, "contacts": 7.0, "mass_per_contact": 1.0, "max_contact_load": 1.5, "load_concentration": 1.44, "field": 0.0}}
{"chain": {"task_index": 11, "source": "policy1", "break_rate": 0.080078125, "length": 3.0, "internal_edges": 2.0, "redundancy": 0.0, "cut_vertices": 1.0, "logical_degree": 2.0, "coupling_mass": 5.0, "contacts": 4.0, "mass_per_contact": 1.25, "max_contact_load": 2.5, "load_concentration": 1.5, "field": 0.0}}
{"chain": {"task_index": 11, "source": "policy1", "break_rate": 0.0458984375, "length": 2.0, "internal_edges": 1.0, "redundancy": 0.0, "cut_vertices": 0.0, "logical_degree": 2.0, "coupling_mass": 4.2, "contacts": 6.0, "mass_per_contact": 0.7000000000000001, "max_contact_load": 3.9, "load_concentration": 1.9696969696969697, "field": 0.0}}
{"chain": {"task_index": 11, "source": "policy1", "break_rate": 0.0, "length": 1.0, "internal_edges": 0.0, "redundancy": 0.0, "cut_vertices": 0.0, "logical_degree": 2.0, "coupling_mass": 5.0, "contacts": 2.0, "mass_per_contact": 2.5, "max_contact_load": 2.5, "load_concentration": 1.0, "field": 0.0}}
{"chain": {"task_index": 11, "source": "policy1", "break_rate": 0.00048828125, "length": 2.0, "internal_edges": 1.0, "redundancy": 0.0, "cut_vertices": 0.0, "logical_degree": 3.0, "coupling_mass": 7.800000000000001, "contacts": 5.0, "mass_per_contact": 1.56, "max_contact_load": 2.5, "load_concentration": 1.4423076923076923, "field": 0.0}}
{"chain": {"task_index": 11, "source": "policy1", "break_rate": 0.0087890625, "length": 2.0, "internal_edges": 1.0, "redundancy": 0.0, "cut_vertices": 0.0, "logical_degree": 2.0, "coupling_mass": 7.0, "contacts": 4.0, "mass_per_contact": 1.75, "max_contact_load": 3.9, "load_concentration": 1.581081081081081, "field": 0.0}}
{"chain": {"task_index": 11, "source": "policy1", "break_rate": 0.0302734375, "length": 4.0, "internal_edges": 3.0, "redundancy": 0.0, "cut_vertices": 1.0, "logical_degree": 5.0, "coupling_mass": 10.8, "contacts": 8.0, "mass_per_contact": 1.35, "max_contact_load": 2.5, "load_concentration": 1.6411378555798688, "field": 0.0}}
{"chain": {"task_index": 11, "source": "policy1", "break_rate": 0.001953125, "length": 6.0, "internal_edges": 9.0, "redundancy": 4.0, "cut_vertices": 0.0, "logical_degree": 0.0, "coupling_mass": 0.0, "contacts": 0.0, "mass_per_contact": 0.0, "max_contact_load": 0.0, "load_concentration": 0.0, "field": 0.0}}
{"chain": {"task_index": 11, "source": "policy1", "break_rate": 0.01220703125, "length": 2.0, "internal_edges": 1.0, "redundancy": 0.0, "cut_vertices": 0.0, "logical_degree": 4.0, "coupling_mass": 7.800000000000001, "contacts": 8.0, "mass_per_contact": 0.9750000000000001, "max_contact_load": 2.5, "load_concentration": 1.8867924528301887, "field": 0.0}}
{"chain": {"task_index": 11, "source": "policy1", "break_rate": 0.0380859375, "length": 2.0, "internal_edges": 1.0, "redundancy": 0.0, "cut_vertices": 0.0, "logical_degree": 3.0, "coupling_mass": 5.800000000000001, "contacts": 6.0, "mass_per_contact": 0.9666666666666668, "max_contact_load": 2.5, "load_concentration": 2.045454545454546, "field": 0.0}}
{"chain": {"task_index": 11, "source": "policy1", "break_rate": 0.1416015625, "length": 2.0, "internal_edges": 1.0, "redundancy": 0.0, "cut_vertices": 0.0, "logical_degree": 2.0, "coupling_mass": 5.0, "contacts": 3.0, "mass_per_contact": 1.6666666666666667, "max_contact_load": 2.5, "load_concentration": 1.3333333333333333, "field": 0.0}}
{"chain": {"task_index": 11, "source": "policy1", "break_rate": 0.166015625, "length": 5.0, "internal_edges": 4.0, "redundancy": 0.0, "cut_vertices": 2.0, "logical_degree": 2.0, "coupling_mass": 3.8, "contacts": 5.0, "mass_per_contact": 0.76, "max_contact_load": 1.5, "load_concentration": 1.4457831325301203, "field": 0.0}}
{"chain": {"task_index": 11, "source": "policy1", "break_rate": 0.173828125, "length": 3.0, "internal_edges": 2.0, "redundancy": 0.0, "cut_vertices": 1.0, "logical_degree": 3.0, "coupling_mass": 3.5999999999999996, "contacts": 7.0, "mass_per_contact": 0.5142857142857142, "max_contact_load": 1.0, "load_concentration": 1.6071428571428572, "field": 0.0}}
{"chain": {"task_index": 11, "source": "policy1", "break_rate": 0.3681640625, "length": 3.0, "internal_edges": 2.0, "redundancy": 0.0, "cut_vertices": 1.0, "logical_degree": 2.0, "coupling_mass": 5.0, "contacts": 3.0, "mass_per_contact": 1.6666666666666667, "max_contact_load": 2.5, "load_concentration": 1.3333333333333333, "field": 0.0}}
{"chain": {"task_index": 11, "source": "policy1", "break_rate": 0.14111328125, "length": 7.0, "internal_edges": 6.0, "redundancy": 0.0, "cut_vertices": 4.0, "logical_degree": 7.0, "coupling_mass": 14.0, "contacts": 19.0, "mass_per_contact": 0.7368421052631579, "max_contact_load": 3.3, "load_concentration": 2.868971227489133, "field": 0.0}}
{"chain": {"task_index": 11, "source": "policy1", "break_rate": 0.0, "length": 1.0, "internal_edges": 0.0, "redundancy": 0.0, "cut_vertices": 0.0, "logical_degree": 2.0, "coupling_mass": 5.0, "contacts": 3.0, "mass_per_contact": 1.6666666666666667, "max_contact_load": 1.75, "load_concentration": 1.0769230769230769, "field": 0.0}}
{"chain": {"task_index": 11, "source": "minorminer", "break_rate": 0.021484375, "length": 2.0, "internal_edges": 1.0, "redundancy": 0.0, "cut_vertices": 0.0, "logical_degree": 4.0, "coupling_mass": 3.5999999999999996, "contacts": 4.0, "mass_per_contact": 0.8999999999999999, "max_contact_load": 1.4, "load_concentration": 1.5555555555555556, "field": 0.0}}
{"chain": {"task_index": 11, "source": "minorminer", "break_rate": 0.0, "length": 1.0, "internal_edges": 0.0, "redundancy": 0.0, "cut_vertices": 0.0, "logical_degree": 4.0, "coupling_mass": 8.600000000000001, "contacts": 4.0, "mass_per_contact": 2.1500000000000004, "max_contact_load": 3.9, "load_concentration": 1.8139534883720931, "field": 0.0}}
{"chain": {"task_index": 11, "source": "minorminer", "break_rate": 0.0, "length": 1.0, "internal_edges": 0.0, "redundancy": 0.0, "cut_vertices": 0.0, "logical_degree": 2.0, "coupling_mass": 0.8, "contacts": 2.0, "mass_per_contact": 0.4, "max_contact_load": 0.4, "load_concentration": 1.0, "field": 0.0}}
{"chain": {"task_index": 11, "source": "minorminer", "break_rate": 0.0, "length": 1.0, "internal_edges": 0.0, "redundancy": 0.0, "cut_vertices": 0.0, "logical_degree": 0.0, "coupling_mass": 0.0, "contacts": 0.0, "mass_per_contact": 0.0, "max_contact_load": 0.0, "load_concentration": 0.0, "field": 0.0}}
{"chain": {"task_index": 11, "source": "minorminer", "break_rate": 0.013671875, "length": 2.0, "internal_edges": 1.0, "redundancy": 0.0, "cut_vertices": 0.0, "logical_degree": 6.0, "coupling_mass": 14.4, "contacts": 7.0, "mass_per_contact": 2.0571428571428574, "max_contact_load": 3.5, "load_concentration": 1.6470588235294117, "field": 0.0}}
{"chain": {"task_index": 11, "source": "minorminer", "break_rate": 0.0, "length": 1.0, "internal_edges": 0.0, "redundancy": 0.0, "cut_vertices": 0.0, "logical_degree": 2.0, "coupling_mass": 2.0, "contacts": 2.0, "mass_per_contact": 1.0, "max_contact_load": 1.0, "load_concentration": 1.0, "field": 0.0}}
{"chain": {"task_index": 11, "source": "minorminer", "break_rate": 0.0, "length": 1.0, "internal_edges": 0.0, "redundancy": 0.0, "cut_vertices": 0.0, "logical_degree": 2.0, "coupling_mass": 3.4000000000000004, "contacts": 2.0, "mass_per_contact": 1.7000000000000002, "max_contact_load": 3.1, "load_concentration": 1.8235294117647058, "field": 0.0}}
{"chain": {"task_index": 11, "source": "minorminer", "break_rate": 0.0, "length": 1.0, "internal_edges": 0.0, "redundancy": 0.0, "cut_vertices": 0.0, "logical_degree": 2.0, "coupling_mass": 5.0, "contacts": 2.0, "mass_per_contact": 2.5, "max_contact_load": 2.5, "load_concentration": 1.0, "field": 0.0}}
{"chain": {"task_index": 11, "source": "minorminer", "break_rate": 0.0, "length": 1.0, "internal_edges": 0.0, "redundancy": 0.0, "cut_vertices": 0.0, "logical_degree": 3.0, "coupling_mass": 5.800000000000001, "contacts": 3.0, "mass_per_contact": 1.9333333333333336, "max_contact_load": 2.9, "load_concentration": 1.5, "field": 0.0}}
{"chain": {"task_index": 11, "source": "minorminer", "break_rate": 0.0, "length": 1.0, "internal_edges": 0.0, "redundancy": 0.0, "cut_vertices": 0.0, "logical_degree": 0.0, "coupling_mass": 0.0, "contacts": 0.0, "mass_per_contact": 0.0, "max_contact_load": 0.0, "load_concentration": 0.0, "field": 0.0}}
{"chain": {"task_index": 11, "source": "minorminer", "break_rate": 0.0, "length": 1.0, "internal_edges": 0.0, "redundancy": 0.0, "cut_vertices": 0.0, "logical_degree": 3.0, "coupling_mass": 1.6, "contacts": 3.0, "mass_per_contact": 0.5333333333333333, "max_contact_load": 0.8, "load_concentration": 1.5, "field": 0.0}}
{"chain": {"task_index": 11, "source": "minorminer", "break_rate": 0.0, "length": 1.0, "internal_edges": 0.0, "redundancy": 0.0, "cut_vertices": 0.0, "logical_degree": 4.0, "coupling_mass": 5.800000000000001, "contacts": 4.0, "mass_per_contact": 1.4500000000000002, "max_contact_load": 2.1, "load_concentration": 1.4482758620689655, "field": 0.0}}
{"chain": {"task_index": 11, "source": "minorminer", "break_rate": 0.0, "length": 1.0, "internal_edges": 0.0, "redundancy": 0.0, "cut_vertices": 0.0, "logical_degree": 0.0, "coupling_mass": 0.0, "contacts": 0.0, "mass_per_contact": 0.0, "max_contact_load": 0.0, "load_concentration": 0.0, "field": 0.0}}
{"chain": {"task_index": 11, "source": "minorminer", "break_rate": 0.0, "length": 1.0, "internal_edges": 0.0, "redundancy": 0.0, "cut_vertices": 0.0, "logical_degree": 3.0, "coupling_mass": 5.800000000000001, "contacts": 3.0, "mass_per_contact": 1.9333333333333336, "max_contact_load": 3.3, "load_concentration": 1.706896551724138, "field": 0.0}}
{"chain": {"task_index": 11, "source": "minorminer", "break_rate": 0.0, "length": 1.0, "internal_edges": 0.0, "redundancy": 0.0, "cut_vertices": 0.0, "logical_degree": 0.0, "coupling_mass": 0.0, "contacts": 0.0, "mass_per_contact": 0.0, "max_contact_load": 0.0, "load_concentration": 0.0, "field": 0.0}}
{"chain": {"task_index": 11, "source": "minorminer", "break_rate": 0.0, "length": 1.0, "internal_edges": 0.0, "redundancy": 0.0, "cut_vertices": 0.0, "logical_degree": 4.0, "coupling_mass": 7.0, "contacts": 4.0, "mass_per_contact": 1.75, "max_contact_load": 3.5, "load_concentration": 2.0, "field": 0.0}}
{"chain": {"task_index": 11, "source": "minorminer", "break_rate": 0.0, "length": 1.0, "internal_edges": 0.0, "redundancy": 0.0, "cut_vertices": 0.0, "logical_degree": 2.0, "coupling_mass": 5.0, "contacts": 2.0, "mass_per_contact": 2.5, "max_contact_load": 2.5, "load_concentration": 1.0, "field": 0.0}}
{"chain": {"task_index": 11, "source": "minorminer", "break_rate": 0.0, "length": 1.0, "internal_edges": 0.0, "redundancy": 0.0, "cut_vertices": 0.0, "logical_degree": 2.0, "coupling_mass": 4.2, "contacts": 2.0, "mass_per_contact": 2.1, "max_contact_load": 3.9, "load_concentration": 1.857142857142857, "field": 0.0}}
{"chain": {"task_index": 11, "source": "minorminer", "break_rate": 0.0, "length": 1.0, "internal_edges": 0.0, "redundancy": 0.0, "cut_vertices": 0.0, "logical_degree": 2.0, "coupling_mass": 5.0, "contacts": 2.0, "mass_per_contact": 2.5, "max_contact_load": 2.5, "load_concentration": 1.0, "field": 0.0}}
{"chain": {"task_index": 11, "source": "minorminer", "break_rate": 0.0, "length": 1.0, "internal_edges": 0.0, "redundancy": 0.0, "cut_vertices": 0.0, "logical_degree": 3.0, "coupling_mass": 7.800000000000001, "contacts": 3.0, "mass_per_contact": 2.6, "max_contact_load": 3.9, "load_concentration": 1.5, "field": 0.0}}
{"chain": {"task_index": 11, "source": "minorminer", "break_rate": 0.0, "length": 1.0, "internal_edges": 0.0, "redundancy": 0.0, "cut_vertices": 0.0, "logical_degree": 2.0, "coupling_mass": 7.0, "contacts": 2.0, "mass_per_contact": 3.5, "max_contact_load": 3.9, "load_concentration": 1.1142857142857143, "field": 0.0}}
{"chain": {"task_index": 11, "source": "minorminer", "break_rate": 0.0, "length": 1.0, "internal_edges": 0.0, "redundancy": 0.0, "cut_vertices": 0.0, "logical_degree": 5.0, "coupling_mass": 10.8, "contacts": 5.0, "mass_per_contact": 2.16, "max_contact_load": 2.9, "load_concentration": 1.3425925925925926, "field": 0.0}}
{"chain": {"task_index": 11, "source": "minorminer", "break_rate": 0.0, "length": 1.0, "internal_edges": 0.0, "redundancy": 0.0, "cut_vertices": 0.0, "logical_degree": 0.0, "coupling_mass": 0.0, "contacts": 0.0, "mass_per_contact": 0.0, "max_contact_load": 0.0, "load_concentration": 0.0, "field": 0.0}}
{"chain": {"task_index": 11, "source": "minorminer", "break_rate": 0.0, "length": 1.0, "internal_edges": 0.0, "redundancy": 0.0, "cut_vertices": 0.0, "logical_degree": 4.0, "coupling_mass": 7.800000000000001, "contacts": 4.0, "mass_per_contact": 1.9500000000000002, "max_contact_load": 2.9, "load_concentration": 1.4871794871794872, "field": 0.0}}
{"chain": {"task_index": 11, "source": "minorminer", "break_rate": 0.0, "length": 1.0, "internal_edges": 0.0, "redundancy": 0.0, "cut_vertices": 0.0, "logical_degree": 3.0, "coupling_mass": 5.800000000000001, "contacts": 3.0, "mass_per_contact": 1.9333333333333336, "max_contact_load": 2.9, "load_concentration": 1.5, "field": 0.0}}
{"chain": {"task_index": 11, "source": "minorminer", "break_rate": 0.0, "length": 1.0, "internal_edges": 0.0, "redundancy": 0.0, "cut_vertices": 0.0, "logical_degree": 2.0, "coupling_mass": 5.0, "contacts": 2.0, "mass_per_contact": 2.5, "max_contact_load": 2.5, "load_concentration": 1.0, "field": 0.0}}
{"chain": {"task_index": 11, "source": "minorminer", "break_rate": 0.0, "length": 1.0, "internal_edges": 0.0, "redundancy": 0.0, "cut_vertices": 0.0, "logical_degree": 2.0, "coupling_mass": 3.8, "contacts": 2.0, "mass_per_contact": 1.9, "max_contact_load": 2.3, "load_concentration": 1.2105263157894737, "field": 0.0}}
{"chain": {"task_index": 11, "source": "minorminer", "break_rate": 0.0, "length": 1.0, "internal_edges": 0.0, "redundancy": 0.0, "cut_vertices": 0.0, "logical_degree": 3.0, "coupling_mass": 3.5999999999999996, "contacts": 3.0, "mass_per_contact": 1.2, "max_contact_load": 1.7999999999999998, "load_concentration": 1.5, "field": 0.0}}
{"chain": {"task_index": 11, "source": "minorminer", "break_rate": 0.0, "length": 1.0, "internal_edges": 0.0, "redundancy": 0.0, "cut_vertices": 0.0, "logical_degree": 2.0, "coupling_mass": 5.0, "contacts": 2.0, "mass_per_contact": 2.5, "max_contact_load": 2.5, "load_concentration": 1.0, "field": 0.0}}
{"chain": {"task_index": 11, "source": "minorminer", "break_rate": 0.0, "length": 1.0, "internal_edges": 0.0, "redundancy": 0.0, "cut_vertices": 0.0, "logical_degree": 7.0, "coupling_mass": 14.0, "contacts": 8.0, "mass_per_contact": 1.75, "max_contact_load": 3.3, "load_concentration": 1.8704453441295545, "field": 0.0}}
{"chain": {"task_index": 11, "source": "minorminer", "break_rate": 0.0, "length": 1.0, "internal_edges": 0.0, "redundancy": 0.0, "cut_vertices": 0.0, "logical_degree": 2.0, "coupling_mass": 5.0, "contacts": 2.0, "mass_per_contact": 2.5, "max_contact_load": 3.5, "load_concentration": 1.4, "field": 0.0}}
{"chain": {"task_index": 12, "source": "policy0", "break_rate": 0.0, "length": 1.0, "internal_edges": 0.0, "redundancy": 0.0, "cut_vertices": 0.0, "logical_degree": 0.0, "coupling_mass": 0.0, "contacts": 0.0, "mass_per_contact": 0.0, "max_contact_load": 0.0, "load_concentration": 0.0, "field": 0.0}}
{"chain": {"task_index": 12, "source": "policy0", "break_rate": 0.00390625, "length": 2.0, "internal_edges": 1.0, "redundancy": 0.0, "cut_vertices": 0.0, "logical_degree": 4.0, "coupling_mass": 12.0, "contacts": 10.0, "mass_per_contact": 1.2, "max_contact_load": 3.9, "load_concentration": 2.2801461632155906, "field": 0.0}}
{"chain": {"task_index": 12, "source": "policy0", "break_rate": 0.01318359375, "length": 3.0, "internal_edges": 2.0, "redundancy": 0.0, "cut_vertices": 1.0, "logical_degree": 3.0, "coupling_mass": 7.0, "contacts": 9.0, "mass_per_contact": 0.7777777777777778, "max_contact_load": 3.5, "load_concentration": 2.1617647058823533, "field": 0.0}}
{"chain": {"task_index": 12, "source": "policy0", "break_rate": 0.0087890625, "length": 2.0, "internal_edges": 1.0, "redundancy": 0.0, "cut_vertices": 0.0, "logical_degree": 3.0, "coupling_mass": 5.0, "contacts": 5.0, "mass_per_contact": 1.0, "max_contact_load": 2.1, "load_concentration": 1.6875, "field": 0.0}}
{"chain": {"task_index": 12, "source": "policy0", "break_rate": 0.00048828125, "length": 2.0, "internal_edges": 1.0, "redundancy": 0.0, "cut_vertices": 0.0, "logical_degree": 3.0, "coupling_mass": 7.0, "contacts": 5.0, "mass_per_contact": 1.4, "max_contact_load": 3.5, "load_concentration": 1.7307692307692308, "field": 0.0}}
{"chain": {"task_index": 12, "source": "policy0", "break_rate": 0.02978515625, "length": 2.0, "internal_edges": 1.0, "redundancy": 0.0, "cut_vertices": 0.0, "logical_degree": 0.0, "coupling_mass": 0.0, "contacts": 0.0, "mass_per_contact": 0.0, "max_contact_load": 0.0, "load_concentration": 0.0, "field": 0.0}}
{"chain": {"task_index": 12, "source": "policy0", "break_rate": 0.07958984375, "length": 4.0, "internal_edges": 3.0, "redundancy": 0.0, "cut_vertices": 2.0, "logical_degree": 3.0, "coupling_mass": 4.0, "contacts": 5.0, "mass_per_contact": 0.8, "max_contact_load": 1.6, "load_concentration": 1.44, "field": 0.0}}
{"chain": {"task_index": 12, "source": "policy0", "break_rate": 0.0, "length": 2.0, "internal_edges": 1.0, "redundancy": 0.0, "cut_vertices": 0.0, "logical_degree": 2.0, "coupling_mass": 7.0, "contacts": 5.0, "mass_per_contact": 1.4, "max_contact_load": 1.75, "load_concentration": 1.2, "field": 0.0}}
{"chain": {"task_index": 12, "source": "policy0", "break_rate": 0.025390625, "length": 2.0, "internal_edges": 1.0, "redundancy": 0.0, "cut_vertices": 0.0, "logical_degree": 0.0, "coupling_mass": 0.0, "contacts": 0.0, "mass_per_contact": 0.0, "max_contact_load": 0.0, "load_concentration": 0.0, "field": 0.0}}
{"chain": {"task_index": 12, "source": "policy0", "break_rate": 0.0009765625, "length": 6.0, "internal_edges": 9.0, "redundancy": 4.0, "cut_vertices": 0.0, "logical_degree": 0.0, "coupling_mass": 0.0, "contacts": 0.0, "mass_per_contact": 0.0, "max_contact_load": 0.0, "load_concentration": 0.0, "field": 0.0}}
{"chain": {"task_index": 12, "source": "policy0", "break_rate": 0.00048828125, "length": 4.0, "internal_edges": 3.0, "redundancy": 0.0, "cut_vertices": 1.0, "logical_degree": 7.0, "coupling_mass": 17.8, "contacts": 20.0, "mass_per_contact": 0.89, "max_contact_load": 2.5, "load_concentration": 2.0098441345365052, "field": 0.0}}
{"chain": {"task_index": 12, "source": "policy0", "break_rate": 0.0283203125, "length": 2.0, "internal_edges": 1.0, "redundancy": 0.0, "cut_vertices": 0.0, "logical_degree": 3.0, "coupling_mass": 2.8, "contacts": 3.0, "mass_per_contact": 0.9333333333333332, "max_contact_load": 1.4, "load_concentration": 1.5, "field": 0.0}}
{"chain": {"task_index": 12, "source": "policy0", "break_rate": 0.0, "length": 1.0, "internal_edges": 0.0, "redundancy": 0.0, "cut_vertices": 0.0, "logical_degree": 2.0, "coupling_mass": 2.0, "contacts": 2.0, "mass_per_contact": 1.0, "max_contact_load": 1.6, "load_concentration": 1.6, "field": 0.0}}
{"chain": {"task_index": 12, "source": "policy0", "break_rate": 0.025390625, "length": 2.0, "internal_edges": 1.0, "redundancy": 0.0, "cut_vertices": 0.0, "logical_degree": 3.0, "coupling_mass": 9.0, "contacts": 5.0, "mass_per_contact": 1.8, "max_contact_load": 3.9, "load_concentration": 1.8139534883720931, "field": 0.0}}
{"chain": {"task_index": 12, "source": "policy0", "break_rate": 0.03271484375, "length": 3.0, "internal_edges": 2.0, "redundancy": 0.0, "cut_vertices": 1.0, "logical_degree": 3.0, "coupling_mass": 6.199999999999999, "contacts": 7.0, "mass_per_contact": 0.8857142857142856, "max_contact_load": 2.5, "load_concentration": 1.96078431372549, "field": 0.0}}
{"chain": {"task_index": 12, "source": "policy0", "break_rate": 0.0, "length": 1.0, "internal_edges": 0.0, "redundancy": 0.0, "cut_vertices": 0.0, "logical_degree": 0.0, "coupling_mass": 0.0, "contacts": 0.0, "mass_per_contact": 0.0, "max_contact_load": 0.0, "load_concentration": 0.0, "field": 0.0}}
{"chain": {"task_index": 12, "source": "policy0", "break_rate": 0.0283203125, "length": 2.0, "internal_edges": 1.0, "redundancy": 0.0, "cut_vertices": 0.0, "logical_degree": 2.0, "coupling_mass": 2.0, "contacts": 4.0, "mass_per_contact": 0.5, "max_contact_load": 1.0, "load_concentration": 1.5, "field": 0.0}}
{"chain": {"task_index": 12, "source": "policy1", "break_rate": 0.0, "length": 1.0, "internal_edges": 0.0, "redundancy": 0.0, "cut_vertices": 0.0, "logical_degree": 0.0, "coupling_mass": 0.0, "contacts": 0.0, "mass_per_contact": 0.0, "max_contact_load": 0.0, "load_concentration": 0.0, "field": 0.0}}
{"chain": {"task_index": 12, "source": "policy1", "break_rate": 0.00048828125, "length": 4.0, "internal_edges": 5.0, "redundancy": 2.0, "cut_vertices": 0.0, "logical_degree": 4.0, "coupling_mass": 12.0, "contacts": 8.0, "mass_per_contact": 1.5, "max_contact_load": 3.9, "load_concentration": 1.95, "field": 0.0}}
{"chain": {"task_index": 12, "source": "policy1", "break_rate": 0.00048828125, "length": 2.0, "internal_edges": 1.0, "redundancy": 0.0, "cut_vertices": 0.0, "logical_degree": 3.0, "coupling_mass": 7.0, "contacts": 4.0, "mass_per_contact": 1.75, "max_contact_load": 3.5, "load_concentration": 1.6153846153846154, "field": 0.0}}
{"chain": {"task_index": 12, "source": "policy1", "break_rate": 0.00439453125, "length": 3.0, "internal_edges": 2.0, "redundancy": 0.0, "cut_vertices": 1.0, "logical_degree": 3.0, "coupling_mass": 5.0, "contacts": 6.0, "mass_per_contact": 0.8333333333333334, "max_contact_load": 1.05, "load_concentration": 1.26, "field": 0.0}}
{"chain": {"task_index": 12, "source": "policy1", "break_rate": 0.0, "length": 1.0, "internal_edges": 0.0, "redundancy": 0.0, "cut_vertices": 0.0, "logical_degree": 3.0, "coupling_mass": 7.0, "contacts": 4.0, "mass_per_contact": 1.75, "max_contact_load": 3.5, "load_concentration": 1.7647058823529411, "field": 0.0}}
{"chain": {"task_index": 12, "source": "policy1", "break_rate": 0.02783203125, "length": 2.0, "internal_edges": 1.0, "redundancy": 0.0, "cut_vertices": 0.0, "logical_degree": 0.0, "coupling_mass": 0.0, "contacts": 0.0, "mass_per_contact": 0.0, "max_contact_load": 0.0, "load_concentration": 0.0, "field": 0.0}}
{"chain": {"task_index": 12, "source": "policy1", "break_rate": 0.0068359375, "length": 2.0, "internal_edges": 1.0, "redundancy": 0.0, "cut_vertices": 0.0, "logical_degree": 3.0, "coupling_mass": 4.0, "contacts": 7.0, "mass_per_contact": 0.5714285714285714, "max_contact_load": 0.7, "load_concentration": 1.2115384615384615, "field": 0.0}}
{"chain": {"task_index": 12, "source": "policy1", "break_rate": 0.03759765625, "length": 4.0, "internal_edges": 3.0, "redundancy": 0.0, "cut_vertices": 2.0, "logical_degree": 2.0, "coupling_mass": 7.0, "contacts": 8.0, "mass_per_contact": 0.875, "max_contact_load": 1.1666666666666667, "load_concentration": 1.25, "field": 0.0}}
{"chain": {"task_index": 12, "source": "policy1", "break_rate": 0.0, "length": 1.0, "internal_edges": 0.0, "redundancy": 0.0, "cut_vertices": 0.0, "logical_degree": 0.0, "coupling_mass": 0.0, "contacts": 0.0, "mass_per_contact": 0.0, "max_contact_load": 0.0, "load_concentration": 0.0, "field": 0.0}}
{"chain": {"task_index": 12, "source": "policy1", "break_rate": 0.02783203125, "length": 2.0, "internal_edges": 1.0, "redundancy": 0.0, "cut_vertices": 0.0, "logical_degree": 0.0, "coupling_mass": 0.0, "contacts": 0.0, "mass_per_contact": 0.0, "max_contact_load": 0.0, "load_concentration": 0.0, "field": 0.0}}
{"chain": {"task_index": 12, "source": "policy1", "break_rate": 0.0, "length": 2.0, "internal_edges": 1.0, "redundancy": 0.0, "cut_vertices": 0.0, "logical_degree": 7.0, "coupling_mass": 17.8, "contacts": 17.0, "mass_per_contact": 1.0470588235294118, "max_contact_load": 2.5, "load_concentration": 1.9516728624535313, "field": 0.0}}
{"chain": {"task_index": 12, "source": "policy1", "break_rate": 0.0869140625, "length": 5.0, "internal_edges": 4.0, "redundancy": 0.0, "cut_vertices": 3.0, "logical_degree": 3.0, "coupling_mass": 2.8, "contacts": 7.0, "mass_per_contact": 0.39999999999999997, "max_contact_load": 0.7, "load_concentration": 1.7027027027027029, "field": 0.0}}
{"chain": {"task_index": 12, "source": "policy1", "break_rate": 0.01220703125, "length": 2.0, "internal_edges": 1.0, "redundancy": 0.0, "cut_vertices": 0.0, "logical_degree": 2.0, "coupling_mass": 2.0, "contacts": 5.0, "mass_per_contact": 0.4, "max_contact_load": 0.5333333333333333, "load_concentration": 1.4545454545454546, "field": 0.0}}
{"chain": {"task_index": 12, "source": "policy1", "break_rate": 0.09423828125, "length": 6.0, "internal_edges": 5.0, "redundancy": 0.0, "cut_vertices": 3.0, "logical_degree": 3.0, "coupling_mass": 9.0, "contacts": 10.0, "mass_per_contact": 0.9, "max_contact_load": 3.9, "load_concentration": 1.9902794653705955, "field": 0.0}}
{"chain": {"task_index": 12, "source": "policy1", "break_rate": 0.1015625, "length": 5.0, "internal_edges": 4.0, "redundancy": 0.0, "cut_vertices": 2.0, "logical_degree": 3.0, "coupling_mass": 6.199999999999999, "contacts": 11.0, "mass_per_contact": 0.5636363636363636, "max_contact_load": 2.1, "load_concentration": 1.9924698795180724, "field": 0.0}}
{"chain": {"task_index": 12, "source": "policy1", "break_rate": 0.0, "length": 1.0, "internal_edges": 0.0, "redundancy": 0.0, "cut_vertices": 0.0, "logical_degree": 0.0, "coupling_mass": 0.0, "contacts": 0.0, "mass_per_contact": 0.0, "max_contact_load": 0.0, "load_concentration": 0.0, "field": 0.0}}
{"chain": {"task_index": 12, "source": "policy1", "break_rate": 0.0224609375, "length": 2.0, "internal_edges": 1.0, "redundancy": 0.0, "cut_vertices": 0.0, "logical_degree": 2.0, "coupling_mass": 2.0, "contacts": 5.0, "mass_per_contact": 0.4, "max_contact_load": 0.5, "load_concentration": 1.2000000000000002, "field": 0.0}}
{"chain": {"task_index": 12, "source": "minorminer", "break_rate": 0.0, "length": 1.0, "internal_edges": 0.0, "redundancy": 0.0, "cut_vertices": 0.0, "logical_degree": 0.0, "coupling_mass": 0.0, "contacts": 0.0, "mass_per_contact": 0.0, "max_contact_load": 0.0, "load_concentration": 0.0, "field": 0.0}}
{"chain": {"task_index": 12, "source": "minorminer", "break_rate": 0.0, "length": 1.0, "internal_edges": 0.0, "redundancy": 0.0, "cut_vertices": 0.0, "logical_degree": 4.0, "coupling_mass": 12.0, "contacts": 4.0, "mass_per_contact": 3.0, "max_contact_load": 3.9, "load_concentration": 1.3, "field": 0.0}}
{"chain": {"task_index": 12, "source": "minorminer", "break_rate": 0.0, "length": 1.0, "internal_edges": 0.0, "redundancy": 0.0, "cut_vertices": 0.0, "logical_degree": 3.0, "coupling_mass": 7.0, "contacts": 3.0, "mass_per_contact": 2.3333333333333335, "max_contact_load": 3.5, "load_concentration": 1.5, "field": 0.0}}
{"chain": {"task_index": 12, "source": "minorminer", "break_rate": 0.0, "length": 1.0, "internal_edges": 0.0, "redundancy": 0.0, "cut_vertices": 0.0, "logical_degree": 3.0, "coupling_mass": 5.0, "contacts": 3.0, "mass_per_contact": 1.6666666666666667, "max_contact_load": 2.1, "load_concentration": 1.26, "field": 0.0}}
{"chain": {"task_index": 12, "source": "minorminer", "break_rate": 0.0, "length": 1.0, "internal_edges": 0.0, "redundancy": 0.0, "cut_vertices": 0.0, "logical_degree": 3.0, "coupling_mass": 7.0, "contacts": 3.0, "mass_per_contact": 2.3333333333333335, "max_contact_load": 3.5, "load_concentration": 1.5, "field": 0.0}}
{"chain": {"task_index": 12, "source": "minorminer", "break_rate": 0.0, "length": 1.0, "internal_edges": 0.0, "redundancy": 0.0, "cut_vertices": 0.0, "logical_degree": 0.0, "coupling_mass": 0.0, "contacts": 0.0, "mass_per_contact": 0.0, "max_contact_load": 0.0, "load_concentration": 0.0, "field": 0.0}}
{"chain": {"task_index": 12, "source": "minorminer", "break_rate": 0.0, "length": 1.0, "internal_edges": 0.0, "redundancy": 0.0, "cut_vertices": 0.0, "logical_degree": 3.0, "coupling_mass": 4.0, "contacts": 3.0, "mass_per_contact": 1.3333333333333333, "max_contact_load": 1.6, "load_concentration": 1.2000000000000002, "field": 0.0}}
{"chain": {"task_index": 12, "source": "minorminer", "break_rate": 0.0, "length": 1.0, "internal_edges": 0.0, "redundancy": 0.0, "cut_vertices": 0.0, "logical_degree": 2.0, "coupling_mass": 7.0, "contacts": 3.0, "mass_per_contact": 2.3333333333333335, "max_contact_load": 3.5, "load_concentration": 1.3333333333333333, "field": 0.0}}
{"chain": {"task_index": 12, "source": "minorminer", "break_rate": 0.0, "length": 1.0, "internal_edges": 0.0, "redundancy": 0.0, "cut_vertices": 0.0, "logical_degree": 0.0, "coupling_mass": 0.0, "contacts": 0.0, "mass_per_contact": 0.0, "max_contact_load": 0.0, "load_concentration": 0.0, "field": 0.0}}
{"chain": {"task_index": 12, "source": "minorminer", "break_rate": 0.0, "length": 1.0, "internal_edges": 0.0, "redundancy": 0.0, "cut_vertices": 0.0, "logical_degree": 0.0, "coupling_mass": 0.0, "contacts": 0.0, "mass_per_contact": 0.0, "max_contact_load": 0.0, "load_concentration": 0.0, "field": 0.0}}
{"chain": {"task_index": 12, "source": "minorminer", "break_rate": 0.0, "length": 2.0, "internal_edges": 1.0, "redundancy": 0.0, "cut_vertices": 0.0, "logical_degree": 7.0, "coupling_mass": 17.8, "contacts": 8.0, "mass_per_contact": 2.225, "max_contact_load": 3.5, "load_concentration": 1.526479750778816, "field": 0.0}}
{"chain": {"task_index": 12, "source": "minorminer", "break_rate": 0.0, "length": 1.0, "internal_edges": 0.0, "redundancy": 0.0, "cut_vertices": 0.0, "logical_degree": 3.0, "coupling_mass": 2.8, "contacts": 3.0, "mass_per_contact": 0.9333333333333332, "max_contact_load": 1.4, "load_concentration": 1.5, "field": 0.0}}
{"chain": {"task_index": 12, "source": "minorminer", "break_rate": 0.0, "length": 1.0, "internal_edges": 0.0, "redundancy": 0.0, "cut_vertices": 0.0, "logical_degree": 2.0, "coupling_mass": 2.0, "contacts": 2.0, "mass_per_contact": 1.0, "max_contact_load": 1.6, "load_concentration": 1.6, "field": 0.0}}
{"chain": {"task_index": 12, "source": "minorminer", "break_rate": 0.0, "length": 1.0, "internal_edges": 0.0, "redundancy": 0.0, "cut_vertices": 0.0, "logical_degree": 3.0, "coupling_mass": 9.0, "contacts": 3.0, "mass_per_contact": 3.0, "max_contact_load": 3.9, "load_concentration": 1.3, "field": 0.0}}
{"chain": {"task_index": 12, "source": "minorminer", "break_rate": 0.0, "length": 1.0, "internal_edges": 0.0, "redundancy": 0.0, "cut_vertices": 0.0, "logical_degree": 3.0, "coupling_mass": 6.199999999999999, "contacts": 3.0, "mass_per_contact": 2.0666666666666664, "max_contact_load": 2.5, "load_concentration": 1.2096774193548385, "field": 0.0}}
{"chain": {"task_index": 12, "source": "minorminer", "break_rate": 0.0, "length": 1.0, "internal_edges": 0.0, "redundancy": 0.0, "cut_vertices": 0.0, "logical_degree": 0.0, "coupling_mass": 0.0, "contacts": 0.0, "mass_per_contact": 0.0, "max_contact_load": 0.0, "load_concentration": 0.0, "field": 0.0}}
{"chain": {"task_index": 12, "source": "minorminer", "break_rate": 0.0, "length": 1.0, "internal_edges": 0.0, "redundancy": 0.0, "cut_vertices": 0.0, "logical_degree": 2.0, "coupling_mass": 2.0, "contacts": 2.0, "mass_per_contact": 1.0, "max_contact_load": 1.0, "load_concentration": 1.0, "field": 0.0}}
{"chain": {"task_index": 13, "source": "policy0", "break_rate": 0.0, "length": 1.0, "internal_edges": 0.0, "redundancy": 0.0, "cut_vertices": 0.0, "logical_degree": 3.0, "coupling_mass": 5.800000000000001, "contacts": 4.0, "mass_per_contact": 1.4500000000000002, "max_contact_load": 3.5, "load_concentration": 1.8750000000000002, "field": 0.0}}
{"chain": {"task_index": 13, "source": "policy0", "break_rate": 0.1171875, "length": 2.0, "internal_edges": 1.0, "redundancy": 0.0, "cut_vertices": 0.0, "logical_degree": 3.0, "coupling_mass": 7.0, "contacts": 5.0, "mass_per_contact": 1.4, "max_contact_load": 3.5, "load_concentration": 2.0, "field": 0.0}}
{"chain": {"task_index": 13, "source": "policy0", "break_rate": 0.00244140625, "length": 3.0, "internal_edges": 3.0, "redundancy": 1.0, "cut_vertices": 0.0, "logical_degree": 4.0, "coupling_mass": 6.6, "contacts": 6.0, "mass_per_contact": 1.0999999999999999, "max_contact_load": 2.5, "load_concentration": 1.8181818181818181, "field": 0.0}}
{"chain": {"task_index": 13, "source": "policy0", "break_rate": 0.0, "length": 1.0, "internal_edges": 0.0, "redundancy": 0.0, "cut_vertices": 0.0, "logical_degree": 3.0, "coupling_mass": 1.6, "contacts": 4.0, "mass_per_contact": 0.4, "max_contact_load": 0.4, "load_concentration": 0.9999999999999999, "field": 0.0}}
{"chain": {"task_index": 13, "source": "policy0", "break_rate": 0.0869140625, "length": 3.0, "internal_edges": 2.0, "redundancy": 0.0, "cut_vertices": 1.0, "logical_degree": 3.0, "coupling_mass": 5.8, "contacts": 4.0, "mass_per_contact": 1.45, "max_contact_load": 2.9, "load_concentration": 1.5535714285714286, "field": 0.0}}
{"chain": {"task_index": 13, "source": "policy0", "break_rate": 0.099609375, "length": 5.0, "internal_edges": 4.0, "redundancy": 0.0, "cut_vertices": 2.0, "logical_degree": 5.0, "coupling_mass": 10.600000000000001, "contacts": 11.0, "mass_per_contact": 0.9636363636363637, "max_contact_load": 1.95, "load_concentration": 2.020725388601036, "field": 0.0}}
{"chain": {"task_index": 13, "source": "policy0", "break_rate": 0.05029296875, "length": 2.0, "internal_edges": 1.0, "redundancy": 0.0, "cut_vertices": 0.0, "logical_degree": 4.0, "coupling_mass": 7.800000000000001, "contacts": 7.0, "mass_per_contact": 1.1142857142857143, "max_contact_load": 1.9, "load_concentration": 1.558974358974359, "field": 0.0}}
{"chain": {"task_index": 13, "source": "policy0", "break_rate": 0.02197265625, "length": 2.0, "internal_edges": 1.0, "redundancy": 0.0, "cut_vertices": 0.0, "logical_degree": 2.0, "coupling_mass": 2.0, "contacts": 3.0, "mass_per_contact": 0.6666666666666666, "max_contact_load": 1.0, "load_concentration": 1.3333333333333333, "field": 0.0}}
{"chain": {"task_index": 13, "source": "policy0", "break_rate": 0.0, "length": 1.0, "internal_edges": 0.0, "redundancy": 0.0, "cut_vertices": 0.0, "logical_degree": 4.0, "coupling_mass": 6.6, "contacts": 5.0, "mass_per_contact": 1.3199999999999998, "max_contact_load": 2.5, "load_concentration": 1.694915254237288, "field": 0.0}}
{"chain": {"task_index": 13, "source": "policy0", "break_rate": 0.0, "length": 1.0, "internal_edges": 0.0, "redundancy": 0.0, "cut_vertices": 0.0, "logical_degree": 3.0, "coupling_mass": 4.8, "contacts": 6.0, "mass_per_contact": 0.7999999999999999, "max_contact_load": 1.4, "load_concentration": 1.5555555555555556, "field": 0.0}}
{"chain": {"task_index": 13, "source": "policy0", "break_rate": 0.0, "length": 1.0, "internal_edges": 0.0, "redundancy": 0.0, "cut_vertices": 0.0, "logical_degree": 5.0, "coupling_mass": 7.8, "contacts": 7.0, "mass_per_contact": 1.1142857142857143, "max_contact_load": 4.0, "load_concentration": 2.8169014084507045, "field": 0.0}}
{"chain": {"task_index": 13, "source": "policy0", "break_rate": 0.017578125, "length": 2.0, "internal_edges": 1.0, "redundancy": 0.0, "cut_vertices": 0.0, "logical_degree": 4.0, "coupling_mass": 6.8, "contacts": 6.0, "mass_per_contact": 1.1333333333333333, "max_contact_load": 1.5, "load_concentration": 1.3953488372093024, "field": 0.0}}
{"chain": {"task_index": 13, "source": "policy0", "break_rate": 0.078125, "length": 3.0, "internal_edges": 2.0, "redundancy": 0.0, "cut_vertices": 1.0, "logical_degree": 2.0, "coupling_mass": 0.8, "contacts": 4.0, "mass_per_contact": 0.2, "max_contact_load": 0.2, "load_concentration": 1.0, "field": 0.0}}
{"chain": {"task_index": 13, "source": "policy0", "break_rate": 0.0, "length": 1.0, "internal_edges": 0.0, "redundancy": 0.0, "cut_vertices": 0.0, "logical_degree": 2.0, "coupling_mass": 5.0, "contacts": 2.0, "mass_per_contact": 2.5, "max_contact_load": 4.0, "load_concentration": 1.6, "field": 0.0}}
{"chain": {"task_index": 13, "source": "policy0", "break_rate": 0.12548828125, "length": 5.0, "internal_edges": 6.0, "redundancy": 2.0, "cut_vertices": 1.0, "logical_degree": 3.0, "coupling_mass": 2.8, "contacts": 7.0, "mass_per_contact": 0.39999999999999997, "max_contact_load": 1.4, "load_concentration": 1.693548387096774, "field": 0.0}}
{"chain": {"task_index": 13, "source": "policy0", "break_rate": 0.0, "length": 1.0, "internal_edges": 0.0, "redundancy": 0.0, "cut_vertices": 0.0, "logical_degree": 3.0, "coupling_mass": 5.0, "contacts": 3.0, "mass_per_contact": 1.6666666666666667, "max_contact_load": 2.9, "load_concentration": 1.7399999999999998, "field": 0.0}}
{"chain": {"task_index": 13, "source": "policy0", "break_rate": 0.0, "length": 1.0, "internal_edges": 0.0, "redundancy": 0.0, "cut_vertices": 0.0, "logical_degree": 3.0, "coupling_mass": 5.800000000000001, "contacts": 4.0, "mass_per_contact": 1.4500000000000002, "max_contact_load": 3.3, "load_concentration": 2.0842105263157893, "field": 0.0}}
{"chain": {"task_index": 13, "source": "policy0", "break_rate": 0.0478515625, "length": 2.0, "internal_edges": 1.0, "redundancy": 0.0, "cut_vertices": 0.0, "logical_degree": 0.0, "coupling_mass": 0.0, "contacts": 0.0, "mass_per_contact": 0.0, "max_contact_load": 0.0, "load_concentration": 0.0, "field": 0.0}}
{"chain": {"task_index": 13, "source": "policy0", "break_rate": 0.05029296875, "length": 2.0, "internal_edges": 1.0, "redundancy": 0.0, "cut_vertices": 0.0, "logical_degree": 0.0, "coupling_mass": 0.0, "contacts": 0.0, "mass_per_contact": 0.0, "max_contact_load": 0.0, "load_concentration": 0.0, "field": 0.0}}
{"chain": {"task_index": 13, "source": "policy0", "break_rate": 0.048828125, "length": 5.0, "internal_edges": 5.0, "redundancy": 1.0, "cut_vertices": 1.0, "logical_degree": 2.0, "coupling_mass": 4.0, "contacts": 4.0, "mass_per_contact": 1.0, "max_contact_load": 1.6, "load_concentration": 1.3333333333333335, "field": 0.0}}
{"chain": {"task_index": 13, "source": "policy0", "break_rate": 0.0908203125, "length": 3.0, "internal_edges": 2.0, "redundancy": 0.0, "cut_vertices": 1.0, "logical_degree": 2.0, "coupling_mass": 2.0, "contacts": 6.0, "mass_per_contact": 0.3333333333333333, "max_contact_load": 1.6, "load_concentration": 1.9047619047619047, "field": 0.0}}
{"chain": {"task_index": 13, "source": "policy0", "break_rate": 0.32958984375, "length": 4.0, "internal_edges": 4.0, "redundancy": 1.0, "cut_vertices": 0.0, "logical_degree": 2.0, "coupling_mass": 5.8, "contacts": 2.0, "mass_per_contact": 2.9, "max_contact_load": 3.3, "load_concentration": 1.1379310344827587, "field": 0.0}}
{"chain": {"task_index": 13, "source": "policy0", "break_rate": 0.0, "length": 1.0, "internal_edges": 0.0, "redundancy": 0.0, "cut_vertices": 0.0, "logical_degree": 5.0, "coupling_mass": 9.8, "contacts": 7.0, "mass_per_contact": 1.4000000000000001, "max_contact_load": 1.95, "load_concentration": 1.5354330708661417, "field": 0.0}}
{"chain": {"task_index": 13, "source": "policy0", "break_rate": 0.171875, "length": 3.0, "internal_edges": 2.0, "redundancy": 0.0, "cut_vertices": 1.0, "logical_degree": 3.0, "coupling_mass": 2.8000000000000003, "contacts": 4.0, "mass_per_contact": 0.7000000000000001, "max_contact_load": 1.4, "load_concentration": 1.6799999999999997, "field": 0.0}}
{"chain": {"task_index": 13, "source": "policy0", "break_rate": 0.0, "length": 1.0, "internal_edges": 0.0, "redundancy": 0.0, "cut_vertices": 0.0, "logical_degree": 0.0, "coupling_mass": 0.0, "contacts": 0.0, "mass_per_contact": 0.0, "max_contact_load": 0.0, "load_concentration": 0.0, "field": 0.0}}
{"chain": {"task_index": 13, "source": "policy0", "break_rate": 0.013671875, "length": 2.0, "internal_edges": 1.0, "redundancy": 0.0, "cut_vertices": 0.0, "logical_degree": 4.0, "coupling_mass": 4.0, "contacts": 8.0, "mass_per_contact": 0.5, "max_contact_load": 1.0, "load_concentration": 2.0, "field": 0.0}}
{"chain": {"task_index": 13, "source": "policy0", "break_rate": 0.1083984375, "length": 3.0, "internal_edges": 2.0, "redundancy": 0.0, "cut_vertices": 1.0, "logical_degree": 2.0, "coupling_mass": 0.8, "contacts": 3.0, "mass_per_contact": 0.26666666666666666, "max_contact_load": 0.4, "load_concentration": 1.3333333333333333, "field": 0.0}}
{"chain": {"task_index": 13, "source": "policy1", "break_rate": 0.0068359375, "length": 3.0, "internal_edges": 2.0, "redundancy": 0.0, "cut_vertices": 1.0, "logical_degree": 3.0, "coupling_mass": 5.800000000000001, "contacts": 10.0, "mass_per_contact": 0.5800000000000001, "max_contact_load": 0.7, "load_concentration": 1.3333333333333333, "field": 0.0}}
{"chain": {"task_index": 13, "source": "policy1", "break_rate": 0.0205078125, "length": 3.0, "internal_edges": 2.0, "redundancy": 0.0, "cut_vertices": 1.0, "logical_degree": 3.0, "coupling_mass": 7.0, "contacts": 8.0, "mass_per_contact": 0.875, "max_contact_load": 2.1, "load_concentration": 1.8, "field": 0.0}}
{"chain": {"task_index": 13, "source": "policy1", "break_rate": 0.72314453125, "length": 5.0, "internal_edges": 4.0, "redundancy": 0.0, "cut_vertices": 2.0, "logical_degree": 4.0, "coupling_mass": 6.6, "contacts": 8.0, "mass_per_contact": 0.825, "max_contact_load": 2.5, "load_concentration": 2.23463687150838, "field": 0.0}}
{"chain": {"task_index": 13, "source": "policy1", "break_rate": 0.0, "length": 1.0, "internal_edges": 0.0, "redundancy": 0.0, "cut_vertices": 0.0, "logical_degree": 3.0, "coupling_mass": 1.6, "contacts": 3.0, "mass_per_contact": 0.5333333333333333, "max_contact_load": 0.8, "load_concentration": 1.5, "field": 0.0}}
{"chain": {"task_index": 13, "source": "policy1", "break_rate": 0.05419921875, "length": 3.0, "internal_edges": 2.0, "redundancy": 0.0, "cut_vertices": 1.0, "logical_degree": 3.0, "coupling_mass": 5.8, "contacts": 9.0, "mass_per_contact": 0.6444444444444444, "max_contact_load": 2.5, "load_concentration": 2.1146616541353382, "field": 0.0}}
{"chain": {"task_index": 13, "source": "policy1", "break_rate": 0.21533203125, "length": 3.0, "internal_edges": 2.0, "redundancy": 0.0, "cut_vertices": 1.0, "logical_degree": 5.0, "coupling_mass": 10.600000000000001, "contacts": 10.0, "mass_per_contact": 1.06, "max_contact_load": 3.9, "load_concentration": 2.035490605427975, "field": 0.0}}
{"chain": {"task_index": 13, "source": "policy1", "break_rate": 0.02587890625, "length": 2.0, "internal_edges": 1.0, "redundancy": 0.0, "cut_vertices": 0.0, "logical_degree": 4.0, "coupling_mass": 7.800000000000001, "contacts": 7.0, "mass_per_contact": 1.1142857142857143, "max_contact_load": 3.9, "load_concentration": 2.2127659574468086, "field": 0.0}}
{"chain": {"task_index": 13, "source": "policy1", "break_rate": 0.0517578125, "length": 2.0, "internal_edges": 1.0, "redundancy": 0.0, "cut_vertices": 0.0, "logical_degree": 2.0, "coupling_mass": 2.0, "contacts": 2.0, "mass_per_contact": 1.0, "max_contact_load": 1.0, "load_concentration": 1.0, "field": 0.0}}
{"chain": {"task_index": 13, "source": "policy1", "break_rate": 0.015625, "length": 2.0, "internal_edges": 1.0, "redundancy": 0.0, "cut_vertices": 0.0, "logical_degree": 4.0, "coupling_mass": 6.6, "contacts": 5.0, "mass_per_contact": 1.3199999999999998, "max_contact_load": 2.5, "load_concentration": 1.694915254237288, "field": 0.0}}
{"chain": {"task_index": 13, "source": "policy1", "break_rate": 0.0234375, "length": 3.0, "internal_edges": 2.0, "redundancy": 0.0, "cut_vertices": 1.0, "logical_degree": 3.0, "coupling_mass": 4.8, "contacts": 7.0, "mass_per_contact": 0.6857142857142857, "max_contact_load": 1.2, "load_concentration": 1.411764705882353, "field": 0.0}}
{"chain": {"task_index": 13, "source": "policy1", "break_rate": 0.0263671875, "length": 2.0, "internal_edges": 1.0, "redundancy": 0.0, "cut_vertices": 0.0, "logical_degree": 5.0, "coupling_mass": 7.8, "contacts": 5.0, "mass_per_contact": 1.56, "max_contact_load": 4.0, "load_concentration": 2.564102564102564, "field": 0.0}}
{"chain": {"task_index": 13, "source": "policy1", "break_rate": 0.060546875, "length": 3.0, "internal_edges": 2.0, "redundancy": 0.0, "cut_vertices": 1.0, "logical_degree": 4.0, "coupling_mass": 6.8, "contacts": 9.0, "mass_per_contact": 0.7555555555555555, "max_contact_load": 3.0, "load_concentration": 2.3255813953488373, "field": 0.0}}
{"chain": {"task_index": 13, "source": "policy1", "break_rate": 0.0, "length": 1.0, "internal_edges": 0.0, "redundancy": 0.0, "cut_vertices": 0.0, "logical_degree": 2.0, "coupling_mass": 0.8, "contacts": 2.0, "mass_per_contact": 0.4, "max_contact_load": 0.4, "load_concentration": 1.0, "field": 0.0}}
{"chain": {"task_index": 13, "source": "policy1", "break_rate": 0.05224609375, "length": 2.0, "internal_edges": 1.0, "redundancy": 0.0, "cut_vertices": 0.0, "logical_degree": 2.0, "coupling_mass": 5.0, "contacts": 2.0, "mass_per_contact": 2.5, "max_contact_load": 4.0, "load_concentration": 1.6, "field": 0.0}}
{"chain": {"task_index": 13, "source": "policy1", "break_rate": 0.0556640625, "length": 3.0, "internal_edges": 2.0, "redundancy": 0.0, "cut_vertices": 1.0, "logical_degree": 3.0, "coupling_mass": 2.8, "contacts": 6.0, "mass_per_contact": 0.4666666666666666, "max_contact_load": 1.0, "load_concentration": 1.7142857142857142, "field": 0.0}}
{"chain": {"task_index": 13, "source": "policy1", "break_rate": 0.27880859375, "length": 4.0, "internal_edges": 3.0, "redundancy": 0.0, "cut_vertices": 2.0, "logical_degree": 3.0, "coupling_mass": 5.0, "contacts": 8.0, "mass_per_contact": 0.625, "max_contact_load": 1.1, "load_concentration": 1.4244604316546763, "field": 0.0}}
{"chain": {"task_index": 13, "source": "policy1", "break_rate": 0.0, "length": 1.0, "internal_edges": 0.0, "redundancy": 0.0, "cut_vertices": 0.0, "logical_degree": 3.0, "coupling_mass": 5.800000000000001, "contacts": 3.0, "mass_per_contact": 1.9333333333333336, "max_contact_load": 3.3, "load_concentration": 1.706896551724138, "field": 0.0}}
{"chain": {"task_index": 13, "source": "policy1", "break_rate": 0.0, "length": 1.0, "internal_edges": 0.0, "redundancy": 0.0, "cut_vertices": 0.0, "logical_degree": 0.0, "coupling_mass": 0.0, "contacts": 0.0, "mass_per_contact": 0.0, "max_contact_load": 0.0, "load_concentration": 0.0, "field": 0.0}}
{"chain": {"task_index": 13, "source": "policy1", "break_rate": 0.0, "length": 1.0, "internal_edges": 0.0, "redundancy": 0.0, "cut_vertices": 0.0, "logical_degree": 0.0, "coupling_mass": 0.0, "contacts": 0.0, "mass_per_contact": 0.0, "max_contact_load": 0.0, "load_concentration": 0.0, "field": 0.0}}
{"chain": {"task_index": 13, "source": "policy1", "break_rate": 0.01904296875, "length": 2.0, "internal_edges": 1.0, "redundancy": 0.0, "cut_vertices": 0.0, "logical_degree": 2.0, "coupling_mass": 4.0, "contacts": 4.0, "mass_per_contact": 1.0, "max_contact_load": 1.2, "load_concentration": 1.2, "field": 0.0}}
{"chain": {"task_index": 13, "source": "policy1", "break_rate": 0.0, "length": 1.0, "internal_edges": 0.0, "redundancy": 0.0, "cut_vertices": 0.0, "logical_degree": 2.0, "coupling_mass": 2.0, "contacts": 3.0, "mass_per_contact": 0.6666666666666666, "max_contact_load": 0.8, "load_concentration": 1.3333333333333333, "field": 0.0}}
{"chain": {"task_index": 13, "source": "policy1", "break_rate": 0.052734375, "length": 2.0, "internal_edges": 1.0, "redundancy": 0.0, "cut_vertices": 0.0, "logical_degree": 2.0, "coupling_mass": 5.8, "contacts": 2.0, "mass_per_contact": 2.9, "max_contact_load": 3.3, "load_concentration": 1.1379310344827587, "field": 0.0}}
{"chain": {"task_index": 13, "source": "policy1", "break_rate": 0.5947265625, "length": 6.0, "internal_edges": 5.0, "redundancy": 0.0, "cut_vertices": 3.0, "logical_degree": 5.0, "coupling_mass": 9.8, "contacts": 5.0, "mass_per_contact": 1.9600000000000002, "max_contact_load": 3.9, "load_concentration": 1.9897959183673466, "field": 0.0}}
{"chain": {"task_index": 13, "source": "policy1", "break_rate": 0.056640625, "length": 3.0, "internal_edges": 2.0, "redundancy": 0.0, "cut_vertices": 1.0, "logical_degree": 3.0, "coupling_mass": 2.8000000000000003, "contacts": 9.0, "mass_per_contact": 0.3111111111111111, "max_contact_load": 1.4, "load_concentration": 2.3863636363636367, "field": 0.0}}
{"chain": {"task_index": 13, "source": "policy1", "break_rate": 0.05126953125, "length": 2.0, "internal_edges": 1.0, "redundancy": 0.0, "cut_vertices": 0.0, "logical_degree": 0.0, "coupling_mass": 0.0, "contacts": 0.0, "mass_per_contact": 0.0, "max_contact_load": 0.0, "load_concentration": 0.0, "field": 0.0}}
{"chain": {"task_index": 13, "source": "policy1", "break_rate": 0.06298828125, "length": 3.0, "internal_edges": 2.0, "redundancy": 0.0, "cut_vertices": 1.0, "logical_degree": 4.0, "coupling_mass": 4.0, "contacts": 7.0, "mass_per_contact": 0.5714285714285714, "max_contact_load": 1.0, "load_concentration": 1.5384615384615383, "field": 0.0}}
{"chain": {"task_index": 13, "source": "policy1", "break_rate": 0.04052734375, "length": 2.0, "internal_edges": 1.0, "redundancy": 0.0, "cut_vertices": 0.0, "logical_degree": 2.0, "coupling_mass": 0.8, "contacts": 2.0, "mass_per_contact": 0.4, "max_contact_load": 0.4, "load_concentration": 1.0, "field": 0.0}}
{"chain": {"task_index": 13, "source": "minorminer", "break_rate": 0.0, "length": 1.0, "internal_edges": 0.0, "redundancy": 0.0, "cut_vertices": 0.0, "logical_degree": 3.0, "coupling_mass": 5.800000000000001, "contacts": 3.0, "mass_per_contact": 1.9333333333333336, "max_contact_load": 3.5, "load_concentration": 1.8103448275862069, "field": 0.0}}
{"chain": {"task_index": 13, "source": "minorminer", "break_rate": 0.0, "length": 1.0, "internal_edges": 0.0, "redundancy": 0.0, "cut_vertices": 0.0, "logical_degree": 3.0, "coupling_mass": 7.0, "contacts": 3.0, "mass_per_contact": 2.3333333333333335, "max_contact_load": 3.5, "load_concentration": 1.5, "field": 0.0}}
{"chain": {"task_index": 13, "source": "minorminer", "break_rate": 0.0, "length": 1.0, "internal_edges": 0.0, "redundancy": 0.0, "cut_vertices": 0.0, "logical_degree": 4.0, "coupling_mass": 6.6, "contacts": 4.0, "mass_per_contact": 1.65, "max_contact_load": 2.5, "load_concentration": 1.5151515151515151, "field": 0.0}}
{"chain": {"task_index": 13, "source": "minorminer", "break_rate": 0.0, "length": 1.0, "internal_edges": 0.0, "redundancy": 0.0, "cut_vertices": 0.0, "logical_degree": 3.0, "coupling_mass": 1.6, "contacts": 3.0, "mass_per_contact": 0.5333333333333333, "max_contact_load": 0.8, "load_concentration": 1.5, "field": 0.0}}
{"chain": {"task_index": 13, "source": "minorminer", "break_rate": 0.0, "length": 1.0, "internal_edges": 0.0, "redundancy": 0.0, "cut_vertices": 0.0, "logical_degree": 3.0, "coupling_mass": 5.8, "contacts": 3.0, "mass_per_contact": 1.9333333333333333, "max_contact_load": 2.9, "load_concentration": 1.5, "field": 0.0}}
{"chain": {"task_index": 13, "source": "minorminer", "break_rate": 0.0, "length": 1.0, "internal_edges": 0.0, "redundancy": 0.0, "cut_vertices": 0.0, "logical_degree": 5.0, "coupling_mass": 10.600000000000001, "contacts": 5.0, "mass_per_contact": 2.12, "max_contact_load": 3.9, "load_concentration": 1.8396226415094339, "field": 0.0}}
{"chain": {"task_index": 13, "source": "minorminer", "break_rate": 0.0, "length": 1.0, "internal_edges": 0.0, "redundancy": 0.0, "cut_vertices": 0.0, "logical_degree": 4.0, "coupling_mass": 7.800000000000001, "contacts": 4.0, "mass_per_contact": 1.9500000000000002, "max_contact_load": 3.9, "load_concentration": 2.0, "field": 0.0}}
{"chain": {"task_index": 13, "source": "minorminer", "break_rate": 0.0, "length": 1.0, "internal_edges": 0.0, "redundancy": 0.0, "cut_vertices": 0.0, "logical_degree": 2.0, "coupling_mass": 2.0, "contacts": 2.0, "mass_per_contact": 1.0, "max_contact_load": 1.0, "load_concentration": 1.0, "field": 0.0}}
{"chain": {"task_index": 13, "source": "minorminer", "break_rate": 0.0, "length": 1.0, "internal_edges": 0.0, "redundancy": 0.0, "cut_vertices": 0.0, "logical_degree": 4.0, "coupling_mass": 6.6, "contacts": 4.0, "mass_per_contact": 1.65, "max_contact_load": 2.5, "load_concentration": 1.5151515151515151, "field": 0.0}}
{"chain": {"task_index": 13, "source": "minorminer", "break_rate": 0.0, "length": 1.0, "internal_edges": 0.0, "redundancy": 0.0, "cut_vertices": 0.0, "logical_degree": 3.0, "coupling_mass": 4.8, "contacts": 3.0, "mass_per_contact": 1.5999999999999999, "max_contact_load": 2.4, "load_concentration": 1.5, "field": 0.0}}
{"chain": {"task_index": 13, "source": "minorminer", "break_rate": 0.0, "length": 1.0, "internal_edges": 0.0, "redundancy": 0.0, "cut_vertices": 0.0, "logical_degree": 5.0, "coupling_mass": 7.8, "contacts": 5.0, "mass_per_contact": 1.56, "max_contact_load": 4.0, "load_concentration": 2.564102564102564, "field": 0.0}}
{"chain": {"task_index": 13, "source": "minorminer", "break_rate": 0.0, "length": 1.0, "internal_edges": 0.0, "redundancy": 0.0, "cut_vertices": 0.0, "logical_degree": 4.0, "coupling_mass": 6.8, "contacts": 4.0, "mass_per_contact": 1.7, "max_contact_load": 3.0, "load_concentration": 1.7647058823529411, "field": 0.0}}
{"chain": {"task_index": 13, "source": "minorminer", "break_rate": 0.0, "length": 1.0, "internal_edges": 0.0, "redundancy": 0.0, "cut_vertices": 0.0, "logical_degree": 2.0, "coupling_mass": 0.8, "contacts": 2.0, "mass_per_contact": 0.4, "max_contact_load": 0.4, "load_concentration": 1.0, "field": 0.0}}
{"chain": {"task_index": 13, "source": "minorminer", "break_rate": 0.0, "length": 1.0, "internal_edges": 0.0, "redundancy": 0.0, "cut_vertices": 0.0, "logical_degree": 2.0, "coupling_mass": 5.0, "contacts": 2.0, "mass_per_contact": 2.5, "max_contact_load": 4.0, "load_concentration": 1.6, "field": 0.0}}
{"chain": {"task_index": 13, "source": "minorminer", "break_rate": 0.0, "length": 1.0, "internal_edges": 0.0, "redundancy": 0.0, "cut_vertices": 0.0, "logical_degree": 3.0, "coupling_mass": 2.8, "contacts": 3.0, "mass_per_contact": 0.9333333333333332, "max_contact_load": 1.4, "load_concentration": 1.5, "field": 0.0}}
{"chain": {"task_index": 13, "source": "minorminer", "break_rate": 0.0, "length": 1.0, "internal_edges": 0.0, "redundancy": 0.0, "cut_vertices": 0.0, "logical_degree": 3.0, "coupling_mass": 5.0, "contacts": 3.0, "mass_per_contact": 1.6666666666666667, "max_contact_load": 2.9, "load_concentration": 1.7399999999999998, "field": 0.0}}
{"chain": {"task_index": 13, "source": "minorminer", "break_rate": 0.0, "length": 1.0, "internal_edges": 0.0, "redundancy": 0.0, "cut_vertices": 0.0, "logical_degree": 3.0, "coupling_mass": 5.800000000000001, "contacts": 3.0, "mass_per_contact": 1.9333333333333336, "max_contact_load": 3.3, "load_concentration": 1.706896551724138, "field": 0.0}}
{"chain": {"task_index": 13, "source": "minorminer", "break_rate": 0.0, "length": 1.0, "internal_edges": 0.0, "redundancy": 0.0, "cut_vertices": 0.0, "logical_degree": 0.0, "coupling_mass": 0.0, "contacts": 0.0, "mass_per_contact": 0.0, "max_contact_load": 0.0, "load_concentration": 0.0, "field": 0.0}}
{"chain": {"task_index": 13, "source": "minorminer", "break_rate": 0.0, "length": 1.0, "internal_edges": 0.0, "redundancy": 0.0, "cut_vertices": 0.0, "logical_degree": 0.0, "coupling_mass": 0.0, "contacts": 0.0, "mass_per_contact": 0.0, "max_contact_load": 0.0, "load_concentration": 0.0, "field": 0.0}}
{"chain": {"task_index": 13, "source": "minorminer", "break_rate": 0.0, "length": 1.0, "internal_edges": 0.0, "redundancy": 0.0, "cut_vertices": 0.0, "logical_degree": 2.0, "coupling_mass": 4.0, "contacts": 2.0, "mass_per_contact": 2.0, "max_contact_load": 2.4, "load_concentration": 1.2, "field": 0.0}}
{"chain": {"task_index": 13, "source": "minorminer", "break_rate": 0.0, "length": 1.0, "internal_edges": 0.0, "redundancy": 0.0, "cut_vertices": 0.0, "logical_degree": 2.0, "coupling_mass": 2.0, "contacts": 2.0, "mass_per_contact": 1.0, "max_contact_load": 1.6, "load_concentration": 1.6, "field": 0.0}}
{"chain": {"task_index": 13, "source": "minorminer", "break_rate": 0.0, "length": 1.0, "internal_edges": 0.0, "redundancy": 0.0, "cut_vertices": 0.0, "logical_degree": 2.0, "coupling_mass": 5.8, "contacts": 2.0, "mass_per_contact": 2.9, "max_contact_load": 3.3, "load_concentration": 1.1379310344827587, "field": 0.0}}
{"chain": {"task_index": 13, "source": "minorminer", "break_rate": 0.0, "length": 1.0, "internal_edges": 0.0, "redundancy": 0.0, "cut_vertices": 0.0, "logical_degree": 5.0, "coupling_mass": 9.8, "contacts": 5.0, "mass_per_contact": 1.9600000000000002, "max_contact_load": 3.9, "load_concentration": 1.9897959183673466, "field": 0.0}}
{"chain": {"task_index": 13, "source": "minorminer", "break_rate": 0.0, "length": 1.0, "internal_edges": 0.0, "redundancy": 0.0, "cut_vertices": 0.0, "logical_degree": 3.0, "coupling_mass": 2.8000000000000003, "contacts": 3.0, "mass_per_contact": 0.9333333333333335, "max_contact_load": 1.4, "load_concentration": 1.5, "field": 0.0}}
{"chain": {"task_index": 13, "source": "minorminer", "break_rate": 0.0, "length": 1.0, "internal_edges": 0.0, "redundancy": 0.0, "cut_vertices": 0.0, "logical_degree": 0.0, "coupling_mass": 0.0, "contacts": 0.0, "mass_per_contact": 0.0, "max_contact_load": 0.0, "load_concentration": 0.0, "field": 0.0}}
{"chain": {"task_index": 13, "source": "minorminer", "break_rate": 0.0, "length": 1.0, "internal_edges": 0.0, "redundancy": 0.0, "cut_vertices": 0.0, "logical_degree": 4.0, "coupling_mass": 4.0, "contacts": 4.0, "mass_per_contact": 1.0, "max_contact_load": 2.0, "load_concentration": 2.0, "field": 0.0}}
{"chain": {"task_index": 13, "source": "minorminer", "break_rate": 0.0, "length": 1.0, "internal_edges": 0.0, "redundancy": 0.0, "cut_vertices": 0.0, "logical_degree": 2.0, "coupling_mass": 0.8, "contacts": 2.0, "mass_per_contact": 0.4, "max_contact_load": 0.4, "load_concentration": 1.0, "field": 0.0}}
{"chain": {"task_index": 14, "source": "policy0", "break_rate": 0.0, "length": 1.0, "internal_edges": 0.0, "redundancy": 0.0, "cut_vertices": 0.0, "logical_degree": 4.0, "coupling_mass": 8.2, "contacts": 5.0, "mass_per_contact": 1.64, "max_contact_load": 3.3, "load_concentration": 1.736842105263158, "field": 0.0}}
{"chain": {"task_index": 14, "source": "policy0", "break_rate": 0.02392578125, "length": 2.0, "internal_edges": 1.0, "redundancy": 0.0, "cut_vertices": 0.0, "logical_degree": 2.0, "coupling_mass": 5.0, "contacts": 2.0, "mass_per_contact": 2.5, "max_contact_load": 2.5, "load_concentration": 1.0, "field": 0.0}}
{"chain": {"task_index": 14, "source": "policy0", "break_rate": 0.0205078125, "length": 2.0, "internal_edges": 1.0, "redundancy": 0.0, "cut_vertices": 0.0, "logical_degree": 3.0, "coupling_mass": 2.4000000000000004, "contacts": 4.0, "mass_per_contact": 0.6000000000000001, "max_contact_load": 0.8, "load_concentration": 1.3333333333333333, "field": 0.0}}
{"chain": {"task_index": 14, "source": "policy0", "break_rate": 0.0, "length": 1.0, "internal_edges": 0.0, "redundancy": 0.0, "cut_vertices": 0.0, "logical_degree": 4.0, "coupling_mass": 7.0, "contacts": 5.0, "mass_per_contact": 1.4, "max_contact_load": 2.9, "load_concentration": 1.7313432835820894, "field": 0.0}}
{"chain": {"task_index": 14, "source": "policy0", "break_rate": 0.029296875, "length": 2.0, "internal_edges": 1.0, "redundancy": 0.0, "cut_vertices": 0.0, "logical_degree": 4.0, "coupling_mass": 3.6, "contacts": 5.0, "mass_per_contact": 0.72, "max_contact_load": 1.4, "load_concentration": 1.6470588235294117, "field": 0.0}}
{"chain": {"task_index": 14, "source": "policy0", "break_rate": 0.0, "length": 1.0, "internal_edges": 0.0, "redundancy": 0.0, "cut_vertices": 0.0, "logical_degree": 3.0, "coupling_mass": 3.0, "contacts": 3.0, "mass_per_contact": 1.0, "max_contact_load": 1.5, "load_concentration": 1.5, "field": 0.0}}
{"chain": {"task_index": 14, "source": "policy0", "break_rate": 0.02734375, "length": 2.0, "internal_edges": 1.0, "redundancy": 0.0, "cut_vertices": 0.0, "logical_degree": 2.0, "coupling_mass": 5.0, "contacts": 3.0, "mass_per_contact": 1.6666666666666667, "max_contact_load": 2.5, "load_concentration": 1.3333333333333333, "field": 0.0}}
{"chain": {"task_index": 14, "source": "policy0", "break_rate": 0.0, "length": 1.0, "internal_edges": 0.0, "redundancy": 0.0, "cut_vertices": 0.0, "logical_degree": 2.0, "coupling_mass": 2.0, "contacts": 3.0, "mass_per_contact": 0.6666666666666666, "max_contact_load": 1.0, "load_concentration": 1.3333333333333333, "field": 0.0}}
{"chain": {"task_index": 14, "source": "policy0", "break_rate": 0.0, "length": 1.0, "internal_edges": 0.0, "redundancy": 0.0, "cut_vertices": 0.0, "logical_degree": 2.0, "coupling_mass": 2.0, "contacts": 3.0, "mass_per_contact": 0.6666666666666666, "max_contact_load": 1.0, "load_concentration": 1.3333333333333333, "field": 0.0}}
{"chain": {"task_index": 14, "source": "policy0", "break_rate": 0.0, "length": 1.0, "internal_edges": 0.0, "redundancy": 0.0, "cut_vertices": 0.0, "logical_degree": 2.0, "coupling_mass": 5.0, "contacts": 2.0, "mass_per_contact": 2.5, "max_contact_load": 3.5, "load_concentration": 1.4, "field": 0.0}}
{"chain": {"task_index": 14, "source": "policy0", "break_rate": 0.0, "length": 1.0, "internal_edges": 0.0, "redundancy": 0.0, "cut_vertices": 0.0, "logical_degree": 2.0, "coupling_mass": 7.0, "contacts": 2.0, "mass_per_contact": 3.5, "max_contact_load": 3.5, "load_concentration": 1.0, "field": 0.0}}
{"chain": {"task_index": 14, "source": "policy0", "break_rate": 0.05615234375, "length": 2.0, "internal_edges": 1.0, "redundancy": 0.0, "cut_vertices": 0.0, "logical_degree": 4.0, "coupling_mass": 10.799999999999999, "contacts": 8.0, "mass_per_contact": 1.3499999999999999, "max_contact_load": 2.9, "load_concentration": 1.8412698412698412, "field": 0.0}}
{"chain": {"task_index": 14, "source": "policy0", "break_rate": 0.01708984375, "length": 2.0, "internal_edges": 1.0, "redundancy": 0.0, "cut_vertices": 0.0, "logical_degree": 6.0, "coupling_mass": 8.6, "contacts": 8.0, "mass_per_contact": 1.075, "max_contact_load": 2.9, "load_concentration": 2.2597402597402594, "field": 0.0}}
{"chain": {"task_index": 14, "source": "policy0", "break_rate": 0.0, "length": 1.0, "internal_edges": 0.0, "redundancy": 0.0, "cut_vertices": 0.0, "logical_degree": 1.0, "coupling_mass": 3.5999999999999996, "contacts": 1.0, "mass_per_contact": 3.5999999999999996, "max_contact_load": 3.5999999999999996, "load_concentration": 1.0, "field": 0.0}}
{"chain": {"task_index": 14, "source": "policy0", "break_rate": 0.1455078125, "length": 4.0, "internal_edges": 3.0, "redundancy": 0.0, "cut_vertices": 2.0, "logical_degree": 4.0, "coupling_mass": 7.4, "contacts": 11.0, "mass_per_contact": 0.6727272727272727, "max_contact_load": 3.3, "load_concentration": 2.922509225092251, "field": 0.0}}
{"chain": {"task_index": 14, "source": "policy0", "break_rate": 0.3740234375, "length": 5.0, "internal_edges": 4.0, "redundancy": 0.0, "cut_vertices": 2.0, "logical_degree": 7.0, "coupling_mass": 15.6, "contacts": 8.0, "mass_per_contact": 1.95, "max_contact_load": 3.9, "load_concentration": 1.902439024390244, "field": 0.0}}
{"chain": {"task_index": 14, "source": "policy0", "break_rate": 0.39794921875, "length": 5.0, "internal_edges": 4.0, "redundancy": 0.0, "cut_vertices": 3.0, "logical_degree": 6.0, "coupling_mass": 13.399999999999999, "contacts": 10.0, "mass_per_contact": 1.3399999999999999, "max_contact_load": 2.9, "load_concentration": 1.870967741935484, "field": 0.0}}
{"chain": {"task_index": 14, "source": "policy0", "break_rate": 0.0498046875, "length": 2.0, "internal_edges": 1.0, "redundancy": 0.0, "cut_vertices": 0.0, "logical_degree": 2.0, "coupling_mass": 2.0, "contacts": 2.0, "mass_per_contact": 1.0, "max_contact_load": 1.0, "load_concentration": 1.0, "field": 0.0}}
{"chain": {"task_index": 14, "source": "policy0", "break_rate": 0.0, "length": 1.0, "internal_edges": 0.0, "redundancy": 0.0, "cut_vertices": 0.0, "logical_degree": 3.0, "coupling_mass": 4.799999999999999, "contacts": 3.0, "mass_per_contact": 1.5999999999999996, "max_contact_load": 2.1999999999999997, "load_concentration": 1.375, "field": 0.0}}
{"chain": {"task_index": 14, "source": "policy0", "break_rate": 0.03515625, "length": 2.0, "internal_edges": 1.0, "redundancy": 0.0, "cut_vertices": 0.0, "logical_degree": 0.0, "coupling_mass": 0.0, "contacts": 0.0, "mass_per_contact": 0.0, "max_contact_load": 0.0, "load_concentration": 0.0, "field": 0.0}}
{"chain": {"task_index": 14, "source": "policy0", "break_rate": 0.07958984375, "length": 4.0, "internal_edges": 3.0, "redundancy": 0.0, "cut_vertices": 1.0, "logical_degree": 3.0, "coupling_mass": 5.0, "contacts": 3.0, "mass_per_contact": 1.6666666666666667, "max_contact_load": 3.5, "load_concentration": 2.1, "field": 0.0}}
{"chain": {"task_index": 14, "source": "policy0", "break_rate": 0.06201171875, "length": 3.0, "internal_edges": 2.0, "redundancy": 0.0, "cut_vertices": 1.0, "logical_degree": 0.0, "coupling_mass": 0.0, "contacts": 0.0, "mass_per_contact": 0.0, "max_contact_load": 0.0, "load_concentration": 0.0, "field": 0.0}}
{"chain": {"task_index": 14, "source": "policy0", "break_rate": 0.703125, "length": 3.0, "internal_edges": 2.0, "redundancy": 0.0, "cut_vertices": 1.0, "logical_degree": 4.0, "coupling_mass": 12.0, "contacts": 5.0, "mass_per_contact": 2.4, "max_contact_load": 3.9, "load_concentration": 1.4246575342465755, "field": 0.0}}
{"chain": {"task_index": 14, "source": "policy0", "break_rate": 0.0322265625, "length": 2.0, "internal_edges": 1.0, "redundancy": 0.0, "cut_vertices": 0.0, "logical_degree": 2.0, "coupling_mass": 2.0, "contacts": 2.0, "mass_per_contact": 1.0, "max_contact_load": 1.0, "load_concentration": 1.0, "field": 0.0}}
{"chain": {"task_index": 14, "source": "policy0", "break_rate": 0.0, "length": 1.0, "internal_edges": 0.0, "redundancy": 0.0, "cut_vertices": 0.0, "logical_degree": 3.0, "coupling_mass": 7.800000000000001, "contacts": 3.0, "mass_per_contact": 2.6, "max_contact_load": 3.9, "load_concentration": 1.5, "field": 0.0}}
{"chain": {"task_index": 14, "source": "policy0", "break_rate": 0.0, "length": 1.0, "internal_edges": 0.0, "redundancy": 0.0, "cut_vertices": 0.0, "logical_degree": 0.0, "coupling_mass": 0.0, "contacts": 0.0, "mass_per_contact": 0.0, "max_contact_load": 0.0, "load_concentration": 0.0, "field": 0.0}}
{"chain": {"task_index": 14, "source": "policy0", "break_rate": 0.01416015625, "length": 3.0, "internal_edges": 2.0, "redundancy": 0.0, "cut_vertices": 1.0, "logical_degree": 4.0, "coupling_mass": 7.0, "contacts": 11.0, "mass_per_contact": 0.6363636363636364, "max_contact_load": 1.25, "load_concentration": 1.5789473684210527, "field": 0.0}}
{"chain": {"task_index": 14, "source": "policy0", "break_rate": 0.0, "length": 1.0, "internal_edges": 0.0, "redundancy": 0.0, "cut_vertices": 0.0, "logical_degree": 2.0, "coupling_mass": 5.8, "contacts": 2.0, "mass_per_contact": 2.9, "max_contact_load": 2.9, "load_concentration": 1.0, "field": 0.0}}
{"chain": {"task_index": 14, "source": "policy0", "break_rate": 0.0, "length": 1.0, "internal_edges": 0.0, "redundancy": 0.0, "cut_vertices": 0.0, "logical_degree": 3.0, "coupling_mass": 9.8, "contacts": 4.0, "mass_per_contact": 2.45, "max_contact_load": 3.9, "load_concentration": 1.3928571428571428, "field": 0.0}}
{"chain": {"task_index": 14, "source": "policy1", "break_rate": 0.04638671875, "length": 2.0, "internal_edges": 1.0, "redundancy": 0.0, "cut_vertices": 0.0, "logical_degree": 4.0, "coupling_mass": 8.2, "contacts": 6.0, "mass_per_contact": 1.3666666666666665, "max_contact_load": 3.3, "load_concentration": 2.078740157480315, "field": 0.0}}
{"chain": {"task_index": 14, "source": "policy1", "break_rate": 0.02099609375, "length": 2.0, "internal_edges": 1.0, "redundancy": 0.0, "cut_vertices": 0.0, "logical_degree": 2.0, "coupling_mass": 5.0, "contacts": 2.0, "mass_per_contact": 2.5, "max_contact_load": 2.5, "load_concentration": 1.0, "field": 0.0}}
{"chain": {"task_index": 14, "source": "policy1", "break_rate": 0.0576171875, "length": 4.0, "internal_edges": 3.0, "redundancy": 0.0, "cut_vertices": 1.0, "logical_degree": 3.0, "coupling_mass": 2.4000000000000004, "contacts": 8.0, "mass_per_contact": 0.30000000000000004, "max_contact_load": 1.2000000000000002, "load_concentration": 2.3076923076923075, "field": 0.0}}
{"chain": {"task_index": 14, "source": "policy1", "break_rate": 0.0, "length": 1.0, "internal_edges": 0.0, "redundancy": 0.0, "cut_vertices": 0.0, "logical_degree": 4.0, "coupling_mass": 7.0, "contacts": 5.0, "mass_per_contact": 1.4, "max_contact_load": 2.9, "load_concentration": 1.7313432835820894, "field": 0.0}}
{"chain": {"task_index": 14, "source": "policy1", "break_rate": 0.06982421875, "length": 3.0, "internal_edges": 2.0, "redundancy": 0.0, "cut_vertices": 1.0, "logical_degree": 4.0, "coupling_mass": 3.6, "contacts": 9.0, "mass_per_contact": 0.4, "max_contact_load": 1.0, "load_concentration": 1.7699115044247788, "field": 0.0}}
{"chain": {"task_index": 14, "source": "policy1", "break_rate": 0.0576171875, "length": 5.0, "internal_edges": 5.0, "redundancy": 1.0, "cut_vertices": 2.0, "logical_degree": 3.0, "coupling_mass": 3.0, "contacts": 5.0, "mass_per_contact": 0.6, "max_contact_load": 1.0, "load_concentration": 1.5, "field": 0.0}}
{"chain": {"task_index": 14, "source": "policy1", "break_rate": 0.1953125, "length": 5.0, "internal_edges": 4.0, "redundancy": 0.0, "cut_vertices": 2.0, "logical_degree": 2.0, "coupling_mass": 5.0, "contacts": 2.0, "mass_per_contact": 2.5, "max_contact_load": 2.5, "load_concentration": 1.0, "field": 0.0}}
{"chain": {"task_index": 14, "source": "policy1", "break_rate": 0.0185546875, "length": 2.0, "internal_edges": 1.0, "redundancy": 0.0, "cut_vertices": 0.0, "logical_degree": 2.0, "coupling_mass": 2.0, "contacts": 4.0, "mass_per_contact": 0.5, "max_contact_load": 1.0, "load_concentration": 1.5, "field": 0.0}}
{"chain": {"task_index": 14, "source": "policy1", "break_rate": 0.0126953125, "length": 11.0, "internal_edges": 17.0, "redundancy": 7.0, "cut_vertices": 0.0, "logical_degree": 2.0, "coupling_mass": 2.0, "contacts": 9.0, "mass_per_contact": 0.2222222222222222, "max_contact_load": 1.0, "load_concentration": 1.7777777777777777, "field": 0.0}}
{"chain": {"task_index": 14, "source": "policy1", "break_rate": 0.0, "length": 1.0, "internal_edges": 0.0, "redundancy": 0.0, "cut_vertices": 0.0, "logical_degree": 2.0, "coupling_mass": 5.0, "contacts": 4.0, "mass_per_contact": 1.25, "max_contact_load": 3.5, "load_concentration": 1.75, "field": 0.0}}
{"chain": {"task_index": 14, "source": "policy1", "break_rate": 0.02294921875, "length": 2.0, "internal_edges": 1.0, "redundancy": 0.0, "cut_vertices": 0.0, "logical_degree": 2.0, "coupling_mass": 7.0, "contacts": 2.0, "mass_per_contact": 3.5, "max_contact_load": 3.5, "load_concentration": 1.0, "field": 0.0}}
{"chain": {"task_index": 14, "source": "policy1", "break_rate": 0.130859375, "length": 3.0, "internal_edges": 2.0, "redundancy": 0.0, "cut_vertices": 1.0, "logical_degree": 4.0, "coupling_mass": 10.799999999999999, "contacts": 11.0, "mass_per_contact": 0.9818181818181817, "max_contact_load": 3.3, "load_concentration": 2.31578947368421, "field": 0.0}}
{"chain": {"task_index": 14, "source": "policy1", "break_rate": 0.06884765625, "length": 4.0, "internal_edges": 3.0, "redundancy": 0.0, "cut_vertices": 2.0, "logical_degree": 6.0, "coupling_mass": 8.6, "contacts": 10.0, "mass_per_contact": 0.86, "max_contact_load": 2.9, "load_concentration": 2.3835616438356166, "field": 0.0}}
{"chain": {"task_index": 14, "source": "policy1", "break_rate": 0.02001953125, "length": 2.0, "internal_edges": 1.0, "redundancy": 0.0, "cut_vertices": 0.0, "logical_degree": 1.0, "coupling_mass": 3.5999999999999996, "contacts": 1.0, "mass_per_contact": 3.5999999999999996, "max_contact_load": 3.5999999999999996, "load_concentration": 1.0, "field": 0.0}}
{"chain": {"task_index": 14, "source": "policy1", "break_rate": 0.02197265625, "length": 2.0, "internal_edges": 1.0, "redundancy": 0.0, "cut_vertices": 0.0, "logical_degree": 4.0, "coupling_mass": 7.4, "contacts": 6.0, "mass_per_contact": 1.2333333333333334, "max_contact_load": 3.3, "load_concentration": 2.0, "field": 0.0}}
{"chain": {"task_index": 14, "source": "policy1", "break_rate": 0.1376953125, "length": 4.0, "internal_edges": 3.0, "redundancy": 0.0, "cut_vertices": 2.0, "logical_degree": 7.0, "coupling_mass": 15.6, "contacts": 16.0, "mass_per_contact": 0.975, "max_contact_load": 3.5999999999999996, "load_concentration": 2.389758179231863, "field": 0.0}}
{"chain": {"task_index": 14, "source": "policy1", "break_rate": 0.0, "length": 1.0, "internal_edges": 0.0, "redundancy": 0.0, "cut_vertices": 0.0, "logical_degree": 6.0, "coupling_mass": 13.399999999999999, "contacts": 8.0, "mass_per_contact": 1.6749999999999998, "max_contact_load": 3.3, "load_concentration": 1.752212389380531, "field": 0.0}}
{"chain": {"task_index": 14, "source": "policy1", "break_rate": 0.0, "length": 1.0, "internal_edges": 0.0, "redundancy": 0.0, "cut_vertices": 0.0, "logical_degree": 2.0, "coupling_mass": 2.0, "contacts": 2.0, "mass_per_contact": 1.0, "max_contact_load": 1.0, "load_concentration": 1.0, "field": 0.0}}
{"chain": {"task_index": 14, "source": "policy1", "break_rate": 0.13330078125, "length": 12.0, "internal_edges": 14.0, "redundancy": 3.0, "cut_vertices": 3.0, "logical_degree": 3.0, "coupling_mass": 4.799999999999999, "contacts": 8.0, "mass_per_contact": 0.5999999999999999, "max_contact_load": 2.0, "load_concentration": 1.863354037267081, "field": 0.0}}
{"chain": {"task_index": 14, "source": "policy1", "break_rate": 0.0, "length": 1.0, "internal_edges": 0.0, "redundancy": 0.0, "cut_vertices": 0.0, "logical_degree": 0.0, "coupling_mass": 0.0, "contacts": 0.0, "mass_per_contact": 0.0, "max_contact_load": 0.0, "load_concentration": 0.0, "field": 0.0}}
{"chain": {"task_index": 14, "source": "policy1", "break_rate": 0.02490234375, "length": 2.0, "internal_edges": 1.0, "redundancy": 0.0, "cut_vertices": 0.0, "logical_degree": 3.0, "coupling_mass": 5.0, "contacts": 5.0, "mass_per_contact": 1.0, "max_contact_load": 3.5, "load_concentration": 2.423076923076923, "field": 0.0}}
{"chain": {"task_index": 14, "source": "policy1", "break_rate": 0.0, "length": 1.0, "internal_edges": 0.0, "redundancy": 0.0, "cut_vertices": 0.0, "logical_degree": 0.0, "coupling_mass": 0.0, "contacts": 0.0, "mass_per_contact": 0.0, "max_contact_load": 0.0, "load_concentration": 0.0, "field": 0.0}}
{"chain": {"task_index": 14, "source": "policy1", "break_rate": 0.6767578125, "length": 2.0, "internal_edges": 1.0, "redundancy": 0.0, "cut_vertices": 0.0, "logical_degree": 4.0, "coupling_mass": 12.0, "contacts": 8.0, "mass_per_contact": 1.5, "max_contact_load": 2.9, "load_concentration": 1.7058823529411764, "field": 0.0}}
{"chain": {"task_index": 14, "source": "policy1", "break_rate": 0.0224609375, "length": 2.0, "internal_edges": 1.0, "redundancy": 0.0, "cut_vertices": 0.0, "logical_degree": 2.0, "coupling_mass": 2.0, "contacts": 2.0, "mass_per_contact": 1.0, "max_contact_load": 1.0, "load_concentration": 1.0, "field": 0.0}}
{"chain": {"task_index": 14, "source": "policy1", "break_rate": 0.22802734375, "length": 7.0, "internal_edges": 6.0, "redundancy": 0.0, "cut_vertices": 4.0, "logical_degree": 3.0, "coupling_mass": 7.800000000000001, "contacts": 15.0, "mass_per_contact": 0.52, "max_contact_load": 1.3, "load_concentration": 1.8139534883720931, "field": 0.0}}
{"chain": {"task_index": 14, "source": "policy1", "break_rate": 0.0, "length": 1.0, "internal_edges": 0.0, "redundancy": 0.0, "cut_vertices": 0.0, "logical_degree": 0.0, "coupling_mass": 0.0, "contacts": 0.0, "mass_per_contact": 0.0, "max_contact_load": 0.0, "load_concentration": 0.0, "field": 0.0}}
{"chain": {"task_index": 14, "source": "policy1", "break_rate": 0.27099609375, "length": 3.0, "internal_edges": 2.0, "redundancy": 0.0, "cut_vertices": 1.0, "logical_degree": 4.0, "coupling_mass": 7.0, "contacts": 4.0, "mass_per_contact": 1.75, "max_contact_load": 2.5, "load_concentration": 1.4285714285714286, "field": 0.0}}
{"chain": {"task_index": 14, "source": "policy1", "break_rate": 0.01953125, "length": 2.0, "internal_edges": 1.0, "redundancy": 0.0, "cut_vertices": 0.0, "logical_degree": 2.0, "coupling_mass": 5.8, "contacts": 2.0, "mass_per_contact": 2.9, "max_contact_load": 2.9, "load_concentration": 1.0, "field": 0.0}}
{"chain": {"task_index": 14, "source": "policy1", "break_rate": 0.0, "length": 2.0, "internal_edges": 1.0, "redundancy": 0.0, "cut_vertices": 0.0, "logical_degree": 3.0, "coupling_mass": 9.8, "contacts": 6.0, "mass_per_contact": 1.6333333333333335, "max_contact_load": 1.95, "load_concentration": 1.193877551020408, "field": 0.0}}
{"chain": {"task_index": 14, "source": "minorminer", "break_rate": 0.0, "length": 1.0, "internal_edges": 0.0, "redundancy": 0.0, "cut_vertices": 0.0, "logical_degree": 4.0, "coupling_mass": 8.2, "contacts": 4.0, "mass_per_contact": 2.05, "max_contact_load": 3.3, "load_concentration": 1.6097560975609757, "field": 0.0}}
{"chain": {"task_index": 14, "source": "minorminer", "break_rate": 0.0, "length": 1.0, "internal_edges": 0.0, "redundancy": 0.0, "cut_vertices": 0.0, "logical_degree": 2.0, "coupling_mass": 5.0, "contacts": 2.0, "mass_per_contact": 2.5, "max_contact_load": 2.5, "load_concentration": 1.0, "field": 0.0}}
{"chain": {"task_index": 14, "source": "minorminer", "break_rate": 0.0, "length": 1.0, "internal_edges": 0.0, "redundancy": 0.0, "cut_vertices": 0.0, "logical_degree": 3.0, "coupling_mass": 2.4000000000000004, "contacts": 3.0, "mass_per_contact": 0.8000000000000002, "max_contact_load": 1.2000000000000002, "load_concentration": 1.5, "field": 0.0}}
{"chain": {"task_index": 14, "source": "minorminer", "break_rate": 0.0, "length": 1.0, "internal_edges": 0.0, "redundancy": 0.0, "cut_vertices": 0.0, "logical_degree": 4.0, "coupling_mass": 7.0, "contacts": 4.0, "mass_per_contact": 1.75, "max_contact_load": 2.9, "load_concentration": 1.657142857142857, "field": 0.0}}
{"chain": {"task_index": 14, "source": "minorminer", "break_rate": 0.0, "length": 1.0, "internal_edges": 0.0, "redundancy": 0.0, "cut_vertices": 0.0, "logical_degree": 4.0, "coupling_mass": 3.6, "contacts": 4.0, "mass_per_contact": 0.9, "max_contact_load": 1.4, "load_concentration": 1.5555555555555554, "field": 0.0}}
{"chain": {"task_index": 14, "source": "minorminer", "break_rate": 0.0, "length": 1.0, "internal_edges": 0.0, "redundancy": 0.0, "cut_vertices": 0.0, "logical_degree": 3.0, "coupling_mass": 3.0, "contacts": 3.0, "mass_per_contact": 1.0, "max_contact_load": 1.5, "load_concentration": 1.5, "field": 0.0}}
{"chain": {"task_index": 14, "source": "minorminer", "break_rate": 0.0, "length": 1.0, "internal_edges": 0.0, "redundancy": 0.0, "cut_vertices": 0.0, "logical_degree": 2.0, "coupling_mass": 5.0, "contacts": 2.0, "mass_per_contact": 2.5, "max_contact_load": 2.5, "load_concentration": 1.0, "field": 0.0}}
{"chain": {"task_index": 14, "source": "minorminer", "break_rate": 0.0, "length": 1.0, "internal_edges": 0.0, "redundancy": 0.0, "cut_vertices": 0.0, "logical_degree": 2.0, "coupling_mass": 2.0, "contacts": 2.0, "mass_per_contact": 1.0, "max_contact_load": 1.0, "load_concentration": 1.0, "field": 0.0}}
{"chain": {"task_index": 14, "source": "minorminer", "break_rate": 0.0, "length": 1.0, "internal_edges": 0.0, "redundancy": 0.0, "cut_vertices": 0.0, "logical_degree": 2.0, "coupling_mass": 2.0, "contacts": 2.0, "mass_per_contact": 1.0, "max_contact_load": 1.0, "load_concentration": 1.0, "field": 0.0}}
{"chain": {"task_index": 14, "source": "minorminer", "break_rate": 0.0, "length": 1.0, "internal_edges": 0.0, "redundancy": 0.0, "cut_vertices": 0.0, "logical_degree": 2.0, "coupling_mass": 5.0, "contacts": 2.0, "mass_per_contact": 2.5, "max_contact_load": 3.5, "load_concentration": 1.4, "field": 0.0}}
{"chain": {"task_index": 14, "source": "minorminer", "break_rate": 0.0, "length": 1.0, "internal_edges": 0.0, "redundancy": 0.0, "cut_vertices": 0.0, "logical_degree": 2.0, "coupling_mass": 7.0, "contacts": 2.0, "mass_per_contact": 3.5, "max_contact_load": 3.5, "load_concentration": 1.0, "field": 0.0}}
{"chain": {"task_index": 14, "source": "minorminer", "break_rate": 0.0, "length": 1.0, "internal_edges": 0.0, "redundancy": 0.0, "cut_vertices": 0.0, "logical_degree": 4.0, "coupling_mass": 10.799999999999999, "contacts": 5.0, "mass_per_contact": 2.1599999999999997, "max_contact_load": 3.3, "load_concentration": 1.382198952879581, "field": 0.0}}
{"chain": {"task_index": 14, "source": "minorminer", "break_rate": 0.0, "length": 1.0, "internal_edges": 0.0, "redundancy": 0.0, "cut_vertices": 0.0, "logical_degree": 6.0, "coupling_mass": 8.6, "contacts": 6.0, "mass_per_contact": 1.4333333333333333, "max_contact_load": 2.9, "load_concentration": 2.0232558139534884, "field": 0.0}}
{"chain": {"task_index": 14, "source": "minorminer", "break_rate": 0.0, "length": 1.0, "internal_edges": 0.0, "redundancy": 0.0, "cut_vertices": 0.0, "logical_degree": 1.0, "coupling_mass": 3.5999999999999996, "contacts": 1.0, "mass_per_contact": 3.5999999999999996, "max_contact_load": 3.5999999999999996, "load_concentration": 1.0, "field": 0.0}}
{"chain": {"task_index": 14, "source": "minorminer", "break_rate": 0.0, "length": 1.0, "internal_edges": 0.0, "redundancy": 0.0, "cut_vertices": 0.0, "logical_degree": 4.0, "coupling_mass": 7.4, "contacts": 4.0, "mass_per_contact": 1.85, "max_contact_load": 3.3, "load_concentration": 1.7837837837837835, "field": 0.0}}
{"chain": {"task_index": 14, "source": "minorminer", "break_rate": 0.087890625, "length": 2.0, "internal_edges": 1.0, "redundancy": 0.0, "cut_vertices": 0.0, "logical_degree": 7.0, "coupling_mass": 15.6, "contacts": 8.0, "mass_per_contact": 1.95, "max_contact_load": 3.9, "load_concentration": 1.902439024390244, "field": 0.0}}
{"chain": {"task_index": 14, "source": "minorminer", "break_rate": 0.646484375, "length": 2.0, "internal_edges": 1.0, "redundancy": 0.0, "cut_vertices": 0.0, "logical_degree": 6.0, "coupling_mass": 13.399999999999999, "contacts": 7.0, "mass_per_contact": 1.9142857142857141, "max_contact_load": 3.3, "load_concentration": 1.5967741935483872, "field": 0.0}}
{"chain": {"task_index": 14, "source": "minorminer", "break_rate": 0.0, "length": 1.0, "internal_edges": 0.0, "redundancy": 0.0, "cut_vertices": 0.0, "logical_degree": 2.0, "coupling_mass": 2.0, "contacts": 2.0, "mass_per_contact": 1.0, "max_contact_load": 1.0, "load_concentration": 1.0, "field": 0.0}}
{"chain": {"task_index": 14, "source": "minorminer", "break_rate": 0.0, "length": 1.0, "internal_edges": 0.0, "redundancy": 0.0, "cut_vertices": 0.0, "logical_degree": 3.0, "coupling_mass": 4.799999999999999, "contacts": 4.0, "mass_per_contact": 1.1999999999999997, "max_contact_load": 2.1999999999999997, "load_concentration": 1.7368421052631577, "field": 0.0}}
{"chain": {"task_index": 14, "source": "minorminer", "break_rate": 0.0, "length": 1.0, "internal_edges": 0.0, "redundancy": 0.0, "cut_vertices": 0.0, "logical_degree": 0.0, "coupling_mass": 0.0, "contacts": 0.0, "mass_per_contact": 0.0, "max_contact_load": 0.0, "load_concentration": 0.0, "field": 0.0}}
{"chain": {"task_index": 14, "source": "minorminer", "break_rate": 0.0, "length": 1.0, "internal_edges": 0.0, "redundancy": 0.0, "cut_vertices": 0.0, "logical_degree": 3.0, "coupling_mass": 5.0, "contacts": 3.0, "mass_per_contact": 1.6666666666666667, "max_contact_load": 3.5, "load_concentration": 2.1, "field": 0.0}}
{"chain": {"task_index": 14, "source": "minorminer", "break_rate": 0.0, "length": 1.0, "internal_edges": 0.0, "redundancy": 0.0, "cut_vertices": 0.0, "logical_degree": 0.0, "coupling_mass": 0.0, "contacts": 0.0, "mass_per_contact": 0.0, "max_contact_load": 0.0, "load_concentration": 0.0, "field": 0.0}}
{"chain": {"task_index": 14, "source": "minorminer", "break_rate": 0.0, "length": 1.0, "internal_edges": 0.0, "redundancy": 0.0, "cut_vertices": 0.0, "logical_degree": 4.0, "coupling_mass": 12.0, "contacts": 4.0, "mass_per_contact": 3.0, "max_contact_load": 3.9, "load_concentration": 1.3, "field": 0.0}}
{"chain": {"task_index": 14, "source": "minorminer", "break_rate": 0.0, "length": 1.0, "internal_edges": 0.0, "redundancy": 0.0, "cut_vertices": 0.0, "logical_degree": 2.0, "coupling_mass": 2.0, "contacts": 2.0, "mass_per_contact": 1.0, "max_contact_load": 1.0, "load_concentration": 1.0, "field": 0.0}}
{"chain": {"task_index": 14, "source": "minorminer", "break_rate": 0.0, "length": 1.0, "internal_edges": 0.0, "redundancy": 0.0, "cut_vertices": 0.0, "logical_degree": 3.0, "coupling_mass": 7.800000000000001, "contacts": 3.0, "mass_per_contact": 2.6, "max_contact_load": 3.9, "load_concentration": 1.5, "field": 0.0}}
{"chain": {"task_index": 14, "source": "minorminer", "break_rate": 0.0, "length": 1.0, "internal_edges": 0.0, "redundancy": 0.0, "cut_vertices": 0.0, "logical_degree": 0.0, "coupling_mass": 0.0, "contacts": 0.0, "mass_per_contact": 0.0, "max_contact_load": 0.0, "load_concentration": 0.0, "field": 0.0}}
{"chain": {"task_index": 14, "source": "minorminer", "break_rate": 0.0, "length": 1.0, "internal_edges": 0.0, "redundancy": 0.0, "cut_vertices": 0.0, "logical_degree": 4.0, "coupling_mass": 7.0, "contacts": 4.0, "mass_per_contact": 1.75, "max_contact_load": 2.5, "load_concentration": 1.4285714285714286, "field": 0.0}}
{"chain": {"task_index": 14, "source": "minorminer", "break_rate": 0.0, "length": 1.0, "internal_edges": 0.0, "redundancy": 0.0, "cut_vertices": 0.0, "logical_degree": 2.0, "coupling_mass": 5.8, "contacts": 2.0, "mass_per_contact": 2.9, "max_contact_load": 2.9, "load_concentration": 1.0, "field": 0.0}}
{"chain": {"task_index": 14, "source": "minorminer", "break_rate": 0.0, "length": 1.0, "internal_edges": 0.0, "redundancy": 0.0, "cut_vertices": 0.0, "logical_degree": 3.0, "coupling_mass": 9.8, "contacts": 3.0, "mass_per_contact": 3.266666666666667, "max_contact_load": 3.9, "load_concentration": 1.193877551020408, "field": 0.0}}
{"chain": {"task_index": 15, "source": "policy0", "break_rate": 0.17041015625, "length": 8.0, "internal_edges": 8.0, "redundancy": 1.0, "cut_vertices": 3.0, "logical_degree": 3.0, "coupling_mass": 7.800000000000001, "contacts": 7.0, "mass_per_contact": 1.1142857142857143, "max_contact_load": 1.75, "load_concentration": 1.68, "field": 0.0}}
{"chain": {"task_index": 15, "source": "policy0", "break_rate": 0.0, "length": 1.0, "internal_edges": 0.0, "redundancy": 0.0, "cut_vertices": 0.0, "logical_degree": 0.0, "coupling_mass": 0.0, "contacts": 0.0, "mass_per_contact": 0.0, "max_contact_load": 0.0, "load_concentration": 0.0, "field": 0.0}}
{"chain": {"task_index": 15, "source": "policy0", "break_rate": 0.0, "length": 1.0, "internal_edges": 0.0, "redundancy": 0.0, "cut_vertices": 0.0, "logical_degree": 3.0, "coupling_mass": 6.2, "contacts": 4.0, "mass_per_contact": 1.55, "max_contact_load": 2.0, "load_concentration": 1.2903225806451613, "field": 0.0}}
{"chain": {"task_index": 15, "source": "policy0", "break_rate": 0.0458984375, "length": 4.0, "internal_edges": 4.0, "redundancy": 1.0, "cut_vertices": 1.0, "logical_degree": 3.0, "coupling_mass": 7.8, "contacts": 11.0, "mass_per_contact": 0.7090909090909091, "max_contact_load": 1.0999999999999999, "load_concentration": 1.3664596273291922, "field": 0.0}}
{"chain": {"task_index": 15, "source": "policy0", "break_rate": 0.0, "length": 1.0, "internal_edges": 0.0, "redundancy": 0.0, "cut_vertices": 0.0, "logical_degree": 0.0, "coupling_mass": 0.0, "contacts": 0.0, "mass_per_contact": 0.0, "max_contact_load": 0.0, "load_concentration": 0.0, "field": 0.0}}
{"chain": {"task_index": 15, "source": "policy0", "break_rate": 0.0341796875, "length": 2.0, "internal_edges": 1.0, "redundancy": 0.0, "cut_vertices": 0.0, "logical_degree": 2.0, "coupling_mass": 5.8, "contacts": 2.0, "mass_per_contact": 2.9, "max_contact_load": 3.9, "load_concentration": 1.3448275862068966, "field": 0.0}}
{"chain": {"task_index": 15, "source": "policy0", "break_rate": 0.0, "length": 1.0, "internal_edges": 0.0, "redundancy": 0.0, "cut_vertices": 0.0, "logical_degree": 4.0, "coupling_mass": 7.8, "contacts": 4.0, "mass_per_contact": 1.95, "max_contact_load": 3.3, "load_concentration": 1.6923076923076923, "field": 0.0}}
{"chain": {"task_index": 15, "source": "policy0", "break_rate": 0.6220703125, "length": 4.0, "internal_edges": 3.0, "redundancy": 0.0, "cut_vertices": 1.0, "logical_degree": 4.0, "coupling_mass": 8.6, "contacts": 8.0, "mass_per_contact": 1.075, "max_contact_load": 3.9, "load_concentration": 2.0129032258064514, "field": 0.0}}
{"chain": {"task_index": 15, "source": "policy0", "break_rate": 0.0, "length": 1.0, "internal_edges": 0.0, "redundancy": 0.0, "cut_vertices": 0.0, "logical_degree": 2.0, "coupling_mass": 7.0, "contacts": 3.0, "mass_per_contact": 2.3333333333333335, "max_contact_load": 3.5, "load_concentration": 1.3333333333333333, "field": 0.0}}
{"chain": {"task_index": 15, "source": "policy0", "break_rate": 0.0, "length": 1.0, "internal_edges": 0.0, "redundancy": 0.0, "cut_vertices": 0.0, "logical_degree": 0.0, "coupling_mass": 0.0, "contacts": 0.0, "mass_per_contact": 0.0, "max_contact_load": 0.0, "load_concentration": 0.0, "field": 0.0}}
{"chain": {"task_index": 15, "source": "policy0", "break_rate": 0.0, "length": 1.0, "internal_edges": 0.0, "redundancy": 0.0, "cut_vertices": 0.0, "logical_degree": 3.0, "coupling_mass": 4.6, "contacts": 5.0, "mass_per_contact": 0.9199999999999999, "max_contact_load": 1.9, "load_concentration": 1.7538461538461538, "field": 0.0}}
{"chain": {"task_index": 15, "source": "policy0", "break_rate": 0.1591796875, "length": 7.0, "internal_edges": 6.0, "redundancy": 0.0, "cut_vertices": 5.0, "logical_degree": 4.0, "coupling_mass": 4.799999999999999, "contacts": 7.0, "mass_per_contact": 0.6857142857142856, "max_contact_load": 1.4, "load_concentration": 2.0, "field": 0.0}}
{"chain": {"task_index": 15, "source": "policy0", "break_rate": 0.0, "length": 1.0, "internal_edges": 0.0, "redundancy": 0.0, "cut_vertices": 0.0, "logical_degree": 0.0, "coupling_mass": 0.0, "contacts": 0.0, "mass_per_contact": 0.0, "max_contact_load": 0.0, "load_concentration": 0.0, "field": 0.0}}
{"chain": {"task_index": 15, "source": "policy0", "break_rate": 0.20068359375, "length": 2.0, "internal_edges": 1.0, "redundancy": 0.0, "cut_vertices": 0.0, "logical_degree": 3.0, "coupling_mass": 9.0, "contacts": 4.0, "mass_per_contact": 2.25, "max_contact_load": 3.9, "load_concentration": 1.570469798657718, "field": 0.0}}
{"chain": {"task_index": 15, "source": "policy0", "break_rate": 0.0244140625, "length": 5.0, "internal_edges": 5.0, "redundancy": 1.0, "cut_vertices": 2.0, "logical_degree": 3.0, "coupling_mass": 4.0, "contacts": 8.0, "mass_per_contact": 0.5, "max_contact_load": 1.4, "load_concentration": 1.9999999999999998, "field": 0.0}}
{"chain": {"task_index": 15, "source": "policy0", "break_rate": 0.03125, "length": 4.0, "internal_edges": 4.0, "redundancy": 1.0, "cut_vertices": 1.0, "logical_degree": 2.0, "coupling_mass": 4.0, "contacts": 2.0, "mass_per_contact": 2.0, "max_contact_load": 2.0, "load_concentration": 1.0, "field": 0.0}}
{"chain": {"task_index": 15, "source": "policy0", "break_rate": 0.0, "length": 1.0, "internal_edges": 0.0, "redundancy": 0.0, "cut_vertices": 0.0, "logical_degree": 0.0, "coupling_mass": 0.0, "contacts": 0.0, "mass_per_contact": 0.0, "max_contact_load": 0.0, "load_concentration": 0.0, "field": 0.0}}
{"chain": {"task_index": 15, "source": "policy0", "break_rate": 0.0634765625, "length": 5.0, "internal_edges": 5.0, "redundancy": 1.0, "cut_vertices": 2.0, "logical_degree": 2.0, "coupling_mass": 0.8, "contacts": 4.0, "mass_per_contact": 0.2, "max_contact_load": 0.4, "load_concentration": 1.5, "field": 0.0}}
{"chain": {"task_index": 15, "source": "policy0", "break_rate": 0.033203125, "length": 2.0, "internal_edges": 1.0, "redundancy": 0.0, "cut_vertices": 0.0, "logical_degree": 0.0, "coupling_mass": 0.0, "contacts": 0.0, "mass_per_contact": 0.0, "max_contact_load": 0.0, "load_concentration": 0.0, "field": 0.0}}
{"chain": {"task_index": 15, "source": "policy0", "break_rate": 0.0537109375, "length": 2.0, "internal_edges": 1.0, "redundancy": 0.0, "cut_vertices": 0.0, "logical_degree": 2.0, "coupling_mass": 3.0, "contacts": 3.0, "mass_per_contact": 1.0, "max_contact_load": 1.5, "load_concentration": 1.3333333333333333, "field": 0.0}}
{"chain": {"task_index": 15, "source": "policy0", "break_rate": 0.12158203125, "length": 3.0, "internal_edges": 2.0, "redundancy": 0.0, "cut_vertices": 1.0, "logical_degree": 3.0, "coupling_mass": 5.4, "contacts": 15.0, "mass_per_contact": 0.36000000000000004, "max_contact_load": 0.5999999999999999, "load_concentration": 1.4013840830449824, "field": 0.0}}
{"chain": {"task_index": 15, "source": "policy0", "break_rate": 0.0, "length": 1.0, "internal_edges": 0.0, "redundancy": 0.0, "cut_vertices": 0.0, "logical_degree": 0.0, "coupling_mass": 0.0, "contacts": 0.0, "mass_per_contact": 0.0, "max_contact_load": 0.0, "load_concentration": 0.0, "field": 0.0}}
{"chain": {"task_index": 15, "source": "policy0", "break_rate": 0.0, "length": 1.0, "internal_edges": 0.0, "redundancy": 0.0, "cut_vertices": 0.0, "logical_degree": 2.0, "coupling_mass": 0.8, "contacts": 4.0, "mass_per_contact": 0.2, "max_contact_load": 0.4, "load_concentration": 1.5, "field": 0.0}}
{"chain": {"task_index": 15, "source": "policy0", "break_rate": 0.0, "length": 1.0, "internal_edges": 0.0, "redundancy": 0.0, "cut_vertices": 0.0, "logical_degree": 4.0, "coupling_mass": 7.800000000000001, "contacts": 5.0, "mass_per_contact": 1.56, "max_contact_load": 3.9, "load_concentration": 2.108108108108108, "field": 0.0}}
{"chain": {"task_index": 15, "source": "policy0", "break_rate": 0.0068359375, "length": 4.0, "internal_edges": 4.0, "redundancy": 1.0, "cut_vertices": 0.0, "logical_degree": 2.0, "coupling_mass": 2.8, "contacts": 3.0, "mass_per_contact": 0.9333333333333332, "max_contact_load": 1.0999999999999999, "load_concentration": 1.2941176470588236, "field": 0.0}}
{"chain": {"task_index": 15, "source": "policy0", "break_rate": 0.12744140625, "length": 2.0, "internal_edges": 1.0, "redundancy": 0.0, "cut_vertices": 0.0, "logical_degree": 6.0, "coupling_mass": 12.600000000000001, "contacts": 10.0, "mass_per_contact": 1.2600000000000002, "max_contact_load": 3.9, "load_concentration": 2.0892857142857144, "field": 0.0}}
{"chain": {"task_index": 15, "source": "policy0", "break_rate": 0.095703125, "length": 4.0, "internal_edges": 3.0, "redundancy": 0.0, "cut_vertices": 1.0, "logical_degree": 5.0, "coupling_mass": 7.800000000000001, "contacts": 13.0, "mass_per_contact": 0.6000000000000001, "max_contact_load": 1.5, "load_concentration": 2.170767004341534, "field": 0.0}}
{"chain": {"task_index": 15, "source": "policy0", "break_rate": 0.05419921875, "length": 6.0, "internal_edges": 7.0, "redundancy": 2.0, "cut_vertices": 2.0, "logical_degree": 0.0, "coupling_mass": 0.0, "contacts": 0.0, "mass_per_contact": 0.0, "max_contact_load": 0.0, "load_concentration": 0.0, "field": 0.0}}
{"chain": {"task_index": 15, "source": "policy0", "break_rate": 0.0283203125, "length": 2.0, "internal_edges": 1.0, "redundancy": 0.0, "cut_vertices": 0.0, "logical_degree": 2.0, "coupling_mass": 5.0, "contacts": 2.0, "mass_per_contact": 2.5, "max_contact_load": 3.9, "load_concentration": 1.56, "field": 0.0}}
{"chain": {"task_index": 15, "source": "policy0", "break_rate": 0.0576171875, "length": 7.0, "internal_edges": 6.0, "redundancy": 0.0, "cut_vertices": 4.0, "logical_degree": 4.0, "coupling_mass": 9.6, "contacts": 14.0, "mass_per_contact": 0.6857142857142857, "max_contact_load": 3.8, "load_concentration": 2.878787878787879, "field": 0.0}}
{"chain": {"task_index": 15, "source": "policy0", "break_rate": 0.03125, "length": 6.0, "internal_edges": 6.0, "redundancy": 1.0, "cut_vertices": 1.0, "logical_degree": 2.0, "coupling_mass": 7.0, "contacts": 13.0, "mass_per_contact": 0.5384615384615384, "max_contact_load": 0.975, "load_concentration": 1.4778947368421052, "field": 0.0}}
{"chain": {"task_index": 15, "source": "policy0", "break_rate": 0.0859375, "length": 3.0, "internal_edges": 2.0, "redundancy": 0.0, "cut_vertices": 1.0, "logical_degree": 2.0, "coupling_mass": 5.0, "contacts": 3.0, "mass_per_contact": 1.6666666666666667, "max_contact_load": 3.5, "load_concentration": 1.6470588235294117, "field": 0.0}}
{"chain": {"task_index": 15, "source": "policy1", "break_rate": 0.0, "length": 1.0, "internal_edges": 0.0, "redundancy": 0.0, "cut_vertices": 0.0, "logical_degree": 3.0, "coupling_mass": 7.800000000000001, "contacts": 3.0, "mass_per_contact": 2.6, "max_contact_load": 3.9, "load_concentration": 1.5, "field": 0.0}}
{"chain": {"task_index": 15, "source": "policy1", "break_rate": 0.02978515625, "length": 2.0, "internal_edges": 1.0, "redundancy": 0.0, "cut_vertices": 0.0, "logical_degree": 0.0, "coupling_mass": 0.0, "contacts": 0.0, "mass_per_contact": 0.0, "max_contact_load": 0.0, "load_concentration": 0.0, "field": 0.0}}
{"chain": {"task_index": 15, "source": "policy1", "break_rate": 0.0, "length": 1.0, "internal_edges": 0.0, "redundancy": 0.0, "cut_vertices": 0.0, "logical_degree": 3.0, "coupling_mass": 6.2, "contacts": 3.0, "mass_per_contact": 2.066666666666667, "max_contact_load": 3.1, "load_concentration": 1.5, "field": 0.0}}
{"chain": {"task_index": 15, "source": "policy1", "break_rate": 0.0, "length": 1.0, "internal_edges": 0.0, "redundancy": 0.0, "cut_vertices": 0.0, "logical_degree": 3.0, "coupling_mass": 7.8, "contacts": 4.0, "mass_per_contact": 1.95, "max_contact_load": 3.9, "load_concentration": 1.7462686567164178, "field": 0.0}}
{"chain": {"task_index": 15, "source": "policy1", "break_rate": 0.02099609375, "length": 2.0, "internal_edges": 1.0, "redundancy": 0.0, "cut_vertices": 0.0, "logical_degree": 0.0, "coupling_mass": 0.0, "contacts": 0.0, "mass_per_contact": 0.0, "max_contact_load": 0.0, "load_concentration": 0.0, "field": 0.0}}
{"chain": {"task_index": 15, "source": "policy1", "break_rate": 0.04345703125, "length": 4.0, "internal_edges": 3.0, "redundancy": 0.0, "cut_vertices": 2.0, "logical_degree": 2.0, "coupling_mass": 5.8, "contacts": 4.0, "mass_per_contact": 1.45, "max_contact_load": 1.9, "load_concentration": 1.1874999999999998, "field": 0.0}}
{"chain": {"task_index": 15, "source": "policy1", "break_rate": 0.0517578125, "length": 4.0, "internal_edges": 5.0, "redundancy": 2.0, "cut_vertices": 0.0, "logical_degree": 4.0, "coupling_mass": 7.8, "contacts": 6.0, "mass_per_contact": 1.3, "max_contact_load": 2.5, "load_concentration": 1.6528925619834711, "field": 0.0}}
{"chain": {"task_index": 15, "source": "policy1", "break_rate": 0.66064453125, "length": 5.0, "internal_edges": 4.0, "redundancy": 0.0, "cut_vertices": 2.0, "logical_degree": 4.0, "coupling_mass": 8.6, "contacts": 5.0, "mass_per_contact": 1.72, "max_contact_load": 3.9, "load_concentration": 2.2446043165467624, "field": 0.0}}
{"chain": {"task_index": 15, "source": "policy1", "break_rate": 0.0, "length": 1.0, "internal_edges": 0.0, "redundancy": 0.0, "cut_vertices": 0.0, "logical_degree": 2.0, "coupling_mass": 7.0, "contacts": 2.0, "mass_per_contact": 3.5, "max_contact_load": 3.5, "load_concentration": 1.0, "field": 0.0}}
{"chain": {"task_index": 15, "source": "policy1", "break_rate": 0.0, "length": 1.0, "internal_edges": 0.0, "redundancy": 0.0, "cut_vertices": 0.0, "logical_degree": 0.0, "coupling_mass": 0.0, "contacts": 0.0, "mass_per_contact": 0.0, "max_contact_load": 0.0, "load_concentration": 0.0, "field": 0.0}}
{"chain": {"task_index": 15, "source": "policy1", "break_rate": 0.08740234375, "length": 4.0, "internal_edges": 3.0, "redundancy": 0.0, "cut_vertices": 2.0, "logical_degree": 3.0, "coupling_mass": 4.6, "contacts": 3.0, "mass_per_contact": 1.5333333333333332, "max_contact_load": 1.9, "load_concentration": 1.2391304347826086, "field": 0.0}}
{"chain": {"task_index": 15, "source": "policy1", "break_rate": 0.03076171875, "length": 4.0, "internal_edges": 3.0, "redundancy": 0.0, "cut_vertices": 1.0, "logical_degree": 4.0, "coupling_mass": 4.799999999999999, "contacts": 6.0, "mass_per_contact": 0.7999999999999998, "max_contact_load": 1.4, "load_concentration": 1.6, "field": 0.0}}
{"chain": {"task_index": 15, "source": "policy1", "break_rate": 0.0537109375, "length": 3.0, "internal_edges": 2.0, "redundancy": 0.0, "cut_vertices": 1.0, "logical_degree": 0.0, "coupling_mass": 0.0, "contacts": 0.0, "mass_per_contact": 0.0, "max_contact_load": 0.0, "load_concentration": 0.0, "field": 0.0}}
{"chain": {"task_index": 15, "source": "policy1", "break_rate": 0.0, "length": 1.0, "internal_edges": 0.0, "redundancy": 0.0, "cut_vertices": 0.0, "logical_degree": 3.0, "coupling_mass": 9.0, "contacts": 3.0, "mass_per_contact": 3.0, "max_contact_load": 3.9, "load_concentration": 1.3, "field": 0.0}}
{"chain": {"task_index": 15, "source": "policy1", "break_rate": 0.0, "length": 1.0, "internal_edges": 0.0, "redundancy": 0.0, "cut_vertices": 0.0, "logical_degree": 3.0, "coupling_mass": 4.0, "contacts": 3.0, "mass_per_contact": 1.3333333333333333, "max_contact_load": 2.0, "load_concentration": 1.5, "field": 0.0}}
{"chain": {"task_index": 15, "source": "policy1", "break_rate": 0.0, "length": 1.0, "internal_edges": 0.0, "redundancy": 0.0, "cut_vertices": 0.0, "logical_degree": 2.0, "coupling_mass": 4.0, "contacts": 2.0, "mass_per_contact": 2.0, "max_contact_load": 2.0, "load_concentration": 1.0, "field": 0.0}}
{"chain": {"task_index": 15, "source": "policy1", "break_rate": 0.2548828125, "length": 3.0, "internal_edges": 3.0, "redundancy": 1.0, "cut_vertices": 0.0, "logical_degree": 0.0, "coupling_mass": 0.0, "contacts": 0.0, "mass_per_contact": 0.0, "max_contact_load": 0.0, "load_concentration": 0.0, "field": 0.0}}
{"chain": {"task_index": 15, "source": "policy1", "break_rate": 0.0576171875, "length": 3.0, "internal_edges": 2.0, "redundancy": 0.0, "cut_vertices": 1.0, "logical_degree": 2.0, "coupling_mass": 0.8, "contacts": 2.0, "mass_per_contact": 0.4, "max_contact_load": 0.4, "load_concentration": 1.0, "field": 0.0}}
{"chain": {"task_index": 15, "source": "policy1", "break_rate": 0.02587890625, "length": 2.0, "internal_edges": 1.0, "redundancy": 0.0, "cut_vertices": 0.0, "logical_degree": 0.0, "coupling_mass": 0.0, "contacts": 0.0, "mass_per_contact": 0.0, "max_contact_load": 0.0, "load_concentration": 0.0, "field": 0.0}}
{"chain": {"task_index": 15, "source": "policy1", "break_rate": 0.0, "length": 1.0, "internal_edges": 0.0, "redundancy": 0.0, "cut_vertices": 0.0, "logical_degree": 2.0, "coupling_mass": 3.0, "contacts": 4.0, "mass_per_contact": 0.75, "max_contact_load": 1.5, "load_concentration": 1.5, "field": 0.0}}
{"chain": {"task_index": 15, "source": "policy1", "break_rate": 0.0, "length": 1.0, "internal_edges": 0.0, "redundancy": 0.0, "cut_vertices": 0.0, "logical_degree": 3.0, "coupling_mass": 5.4, "contacts": 3.0, "mass_per_contact": 1.8, "max_contact_load": 3.1, "load_concentration": 1.7222222222222223, "field": 0.0}}
{"chain": {"task_index": 15, "source": "policy1", "break_rate": 0.0, "length": 1.0, "internal_edges": 0.0, "redundancy": 0.0, "cut_vertices": 0.0, "logical_degree": 0.0, "coupling_mass": 0.0, "contacts": 0.0, "mass_per_contact": 0.0, "max_contact_load": 0.0, "load_concentration": 0.0, "field": 0.0}}
{"chain": {"task_index": 15, "source": "policy1", "break_rate": 0.0, "length": 1.0, "internal_edges": 0.0, "redundancy": 0.0, "cut_vertices": 0.0, "logical_degree": 2.0, "coupling_mass": 0.8, "contacts": 2.0, "mass_per_contact": 0.4, "max_contact_load": 0.4, "load_concentration": 1.0, "field": 0.0}}
{"chain": {"task_index": 15, "source": "policy1", "break_rate": 0.0, "length": 1.0, "internal_edges": 0.0, "redundancy": 0.0, "cut_vertices": 0.0, "logical_degree": 4.0, "coupling_mass": 7.800000000000001, "contacts": 4.0, "mass_per_contact": 1.9500000000000002, "max_contact_load": 3.9, "load_concentration": 2.0, "field": 0.0}}
{"chain": {"task_index": 15, "source": "policy1", "break_rate": 0.03466796875, "length": 4.0, "internal_edges": 3.0, "redundancy": 0.0, "cut_vertices": 2.0, "logical_degree": 2.0, "coupling_mass": 2.8, "contacts": 3.0, "mass_per_contact": 0.9333333333333332, "max_contact_load": 1.0999999999999999, "load_concentration": 1.2941176470588236, "field": 0.0}}
{"chain": {"task_index": 15, "source": "policy1", "break_rate": 0.3232421875, "length": 3.0, "internal_edges": 2.0, "redundancy": 0.0, "cut_vertices": 1.0, "logical_degree": 6.0, "coupling_mass": 12.600000000000001, "contacts": 11.0, "mass_per_contact": 1.1454545454545455, "max_contact_load": 1.9, "load_concentration": 1.5944055944055944, "field": 0.0}}
{"chain": {"task_index": 15, "source": "policy1", "break_rate": 0.3017578125, "length": 6.0, "internal_edges": 5.0, "redundancy": 0.0, "cut_vertices": 2.0, "logical_degree": 5.0, "coupling_mass": 7.800000000000001, "contacts": 9.0, "mass_per_contact": 0.8666666666666667, "max_contact_load": 3.9, "load_concentration": 3.3238636363636362, "field": 0.0}}
{"chain": {"task_index": 15, "source": "policy1", "break_rate": 0.0, "length": 1.0, "internal_edges": 0.0, "redundancy": 0.0, "cut_vertices": 0.0, "logical_degree": 0.0, "coupling_mass": 0.0, "contacts": 0.0, "mass_per_contact": 0.0, "max_contact_load": 0.0, "load_concentration": 0.0, "field": 0.0}}
{"chain": {"task_index": 15, "source": "policy1", "break_rate": 0.0, "length": 1.0, "internal_edges": 0.0, "redundancy": 0.0, "cut_vertices": 0.0, "logical_degree": 2.0, "coupling_mass": 5.0, "contacts": 2.0, "mass_per_contact": 2.5, "max_contact_load": 3.9, "load_concentration": 1.56, "field": 0.0}}
{"chain": {"task_index": 15, "source": "policy1", "break_rate": 0.00146484375, "length": 5.0, "internal_edges": 6.0, "redundancy": 2.0, "cut_vertices": 0.0, "logical_degree": 4.0, "coupling_mass": 9.6, "contacts": 10.0, "mass_per_contact": 0.96, "max_contact_load": 2.0, "load_concentration": 1.732851985559567, "field": 0.0}}
{"chain": {"task_index": 15, "source": "policy1", "break_rate": 0.0, "length": 1.0, "internal_edges": 0.0, "redundancy": 0.0, "cut_vertices": 0.0, "logical_degree": 2.0, "coupling_mass": 7.0, "contacts": 2.0, "mass_per_contact": 3.5, "max_contact_load": 3.9, "load_concentration": 1.1142857142857143, "field": 0.0}}
{"chain": {"task_index": 15, "source": "policy1", "break_rate": 0.0, "length": 1.0, "internal_edges": 0.0, "redundancy": 0.0, "cut_vertices": 0.0, "logical_degree": 2.0, "coupling_mass": 5.0, "contacts": 2.0, "mass_per_contact": 2.5, "max_contact_load": 3.5, "load_concentration": 1.4, "field": 0.0}}
{"chain": {"task_index": 15, "source": "minorminer", "break_rate": 0.0, "length": 1.0, "internal_edges": 0.0, "redundancy": 0.0, "cut_vertices": 0.0, "logical_degree": 3.0, "coupling_mass": 7.800000000000001, "contacts": 3.0, "mass_per_contact": 2.6, "max_contact_load": 3.9, "load_concentration": 1.5, "field": 0.0}}
{"chain": {"task_index": 15, "source": "minorminer", "break_rate": 0.0, "length": 1.0, "internal_edges": 0.0, "redundancy": 0.0, "cut_vertices": 0.0, "logical_degree": 0.0, "coupling_mass": 0.0, "contacts": 0.0, "mass_per_contact": 0.0, "max_contact_load": 0.0, "load_concentration": 0.0, "field": 0.0}}
{"chain": {"task_index": 15, "source": "minorminer", "break_rate": 0.0, "length": 1.0, "internal_edges": 0.0, "redundancy": 0.0, "cut_vertices": 0.0, "logical_degree": 3.0, "coupling_mass": 6.2, "contacts": 3.0, "mass_per_contact": 2.066666666666667, "max_contact_load": 3.1, "load_concentration": 1.5, "field": 0.0}}
{"chain": {"task_index": 15, "source": "minorminer", "break_rate": 0.0, "length": 1.0, "internal_edges": 0.0, "redundancy": 0.0, "cut_vertices": 0.0, "logical_degree": 3.0, "coupling_mass": 7.8, "contacts": 3.0, "mass_per_contact": 2.6, "max_contact_load": 3.9, "load_concentration": 1.5, "field": 0.0}}
{"chain": {"task_index": 15, "source": "minorminer", "break_rate": 0.0, "length": 1.0, "internal_edges": 0.0, "redundancy": 0.0, "cut_vertices": 0.0, "logical_degree": 0.0, "coupling_mass": 0.0, "contacts": 0.0, "mass_per_contact": 0.0, "max_contact_load": 0.0, "load_concentration": 0.0, "field": 0.0}}
{"chain": {"task_index": 15, "source": "minorminer", "break_rate": 0.0, "length": 1.0, "internal_edges": 0.0, "redundancy": 0.0, "cut_vertices": 0.0, "logical_degree": 2.0, "coupling_mass": 5.8, "contacts": 2.0, "mass_per_contact": 2.9, "max_contact_load": 3.9, "load_concentration": 1.3448275862068966, "field": 0.0}}
{"chain": {"task_index": 15, "source": "minorminer", "break_rate": 0.0, "length": 1.0, "internal_edges": 0.0, "redundancy": 0.0, "cut_vertices": 0.0, "logical_degree": 4.0, "coupling_mass": 7.8, "contacts": 4.0, "mass_per_contact": 1.95, "max_contact_load": 3.3, "load_concentration": 1.6923076923076923, "field": 0.0}}
{"chain": {"task_index": 15, "source": "minorminer", "break_rate": 0.0, "length": 1.0, "internal_edges": 0.0, "redundancy": 0.0, "cut_vertices": 0.0, "logical_degree": 4.0, "coupling_mass": 8.6, "contacts": 4.0, "mass_per_contact": 2.15, "max_contact_load": 3.9, "load_concentration": 1.8139534883720931, "field": 0.0}}
{"chain": {"task_index": 15, "source": "minorminer", "break_rate": 0.0, "length": 1.0, "internal_edges": 0.0, "redundancy": 0.0, "cut_vertices": 0.0, "logical_degree": 2.0, "coupling_mass": 7.0, "contacts": 2.0, "mass_per_contact": 3.5, "max_contact_load": 3.5, "load_concentration": 1.0, "field": 0.0}}
{"chain": {"task_index": 15, "source": "minorminer", "break_rate": 0.0, "length": 1.0, "internal_edges": 0.0, "redundancy": 0.0, "cut_vertices": 0.0, "logical_degree": 0.0, "coupling_mass": 0.0, "contacts": 0.0, "mass_per_contact": 0.0, "max_contact_load": 0.0, "load_concentration": 0.0, "field": 0.0}}
{"chain": {"task_index": 15, "source": "minorminer", "break_rate": 0.0, "length": 1.0, "internal_edges": 0.0, "redundancy": 0.0, "cut_vertices": 0.0, "logical_degree": 3.0, "coupling_mass": 4.6, "contacts": 3.0, "mass_per_contact": 1.5333333333333332, "max_contact_load": 1.9, "load_concentration": 1.2391304347826086, "field": 0.0}}
{"chain": {"task_index": 15, "source": "minorminer", "break_rate": 0.0, "length": 1.0, "internal_edges": 0.0, "redundancy": 0.0, "cut_vertices": 0.0, "logical_degree": 4.0, "coupling_mass": 4.799999999999999, "contacts": 4.0, "mass_per_contact": 1.1999999999999997, "max_contact_load": 2.4, "load_concentration": 2.0, "field": 0.0}}
{"chain": {"task_index": 15, "source": "minorminer", "break_rate": 0.0, "length": 1.0, "internal_edges": 0.0, "redundancy": 0.0, "cut_vertices": 0.0, "logical_degree": 0.0, "coupling_mass": 0.0, "contacts": 0.0, "mass_per_contact": 0.0, "max_contact_load": 0.0, "load_concentration": 0.0, "field": 0.0}}
{"chain": {"task_index": 15, "source": "minorminer", "break_rate": 0.0, "length": 1.0, "internal_edges": 0.0, "redundancy": 0.0, "cut_vertices": 0.0, "logical_degree": 3.0, "coupling_mass": 9.0, "contacts": 3.0, "mass_per_contact": 3.0, "max_contact_load": 3.9, "load_concentration": 1.3, "field": 0.0}}
{"chain": {"task_index": 15, "source": "minorminer", "break_rate": 0.0, "length": 1.0, "internal_edges": 0.0, "redundancy": 0.0, "cut_vertices": 0.0, "logical_degree": 3.0, "coupling_mass": 4.0, "contacts": 3.0, "mass_per_contact": 1.3333333333333333, "max_contact_load": 2.0, "load_concentration": 1.5, "field": 0.0}}
{"chain": {"task_index": 15, "source": "minorminer", "break_rate": 0.0, "length": 1.0, "internal_edges": 0.0, "redundancy": 0.0, "cut_vertices": 0.0, "logical_degree": 2.0, "coupling_mass": 4.0, "contacts": 2.0, "mass_per_contact": 2.0, "max_contact_load": 2.0, "load_concentration": 1.0, "field": 0.0}}
{"chain": {"task_index": 15, "source": "minorminer", "break_rate": 0.0, "length": 1.0, "internal_edges": 0.0, "redundancy": 0.0, "cut_vertices": 0.0, "logical_degree": 0.0, "coupling_mass": 0.0, "contacts": 0.0, "mass_per_contact": 0.0, "max_contact_load": 0.0, "load_concentration": 0.0, "field": 0.0}}
{"chain": {"task_index": 15, "source": "minorminer", "break_rate": 0.0, "length": 1.0, "internal_edges": 0.0, "redundancy": 0.0, "cut_vertices": 0.0, "logical_degree": 2.0, "coupling_mass": 0.8, "contacts": 2.0, "mass_per_contact": 0.4, "max_contact_load": 0.4, "load_concentration": 1.0, "field": 0.0}}
{"chain": {"task_index": 15, "source": "minorminer", "break_rate": 0.0, "length": 1.0, "internal_edges": 0.0, "redundancy": 0.0, "cut_vertices": 0.0, "logical_degree": 0.0, "coupling_mass": 0.0, "contacts": 0.0, "mass_per_contact": 0.0, "max_contact_load": 0.0, "load_concentration": 0.0, "field": 0.0}}
{"chain": {"task_index": 15, "source": "minorminer", "break_rate": 0.0, "length": 1.0, "internal_edges": 0.0, "redundancy": 0.0, "cut_vertices": 0.0, "logical_degree": 2.0, "coupling_mass": 3.0, "contacts": 2.0, "mass_per_contact": 1.5, "max_contact_load": 1.5, "load_concentration": 1.0, "field": 0.0}}
{"chain": {"task_index": 15, "source": "minorminer", "break_rate": 0.0, "length": 1.0, "internal_edges": 0.0, "redundancy": 0.0, "cut_vertices": 0.0, "logical_degree": 3.0, "coupling_mass": 5.4, "contacts": 3.0, "mass_per_contact": 1.8, "max_contact_load": 3.1, "load_concentration": 1.7222222222222223, "field": 0.0}}
{"chain": {"task_index": 15, "source": "minorminer", "break_rate": 0.0, "length": 1.0, "internal_edges": 0.0, "redundancy": 0.0, "cut_vertices": 0.0, "logical_degree": 0.0, "coupling_mass": 0.0, "contacts": 0.0, "mass_per_contact": 0.0, "max_contact_load": 0.0, "load_concentration": 0.0, "field": 0.0}}
{"chain": {"task_index": 15, "source": "minorminer", "break_rate": 0.0, "length": 1.0, "internal_edges": 0.0, "redundancy": 0.0, "cut_vertices": 0.0, "logical_degree": 2.0, "coupling_mass": 0.8, "contacts": 2.0, "mass_per_contact": 0.4, "max_contact_load": 0.4, "load_concentration": 1.0, "field": 0.0}}
{"chain": {"task_index": 15, "source": "minorminer", "break_rate": 0.0, "length": 1.0, "internal_edges": 0.0, "redundancy": 0.0, "cut_vertices": 0.0, "logical_degree": 4.0, "coupling_mass": 7.800000000000001, "contacts": 4.0, "mass_per_contact": 1.9500000000000002, "max_contact_load": 3.9, "load_concentration": 2.0, "field": 0.0}}
{"chain": {"task_index": 15, "source": "minorminer", "break_rate": 0.0, "length": 1.0, "internal_edges": 0.0, "redundancy": 0.0, "cut_vertices": 0.0, "logical_degree": 2.0, "coupling_mass": 2.8, "contacts": 2.0, "mass_per_contact": 1.4, "max_contact_load": 2.1999999999999997, "load_concentration": 1.5714285714285714, "field": 0.0}}
{"chain": {"task_index": 15, "source": "minorminer", "break_rate": 0.0, "length": 1.0, "internal_edges": 0.0, "redundancy": 0.0, "cut_vertices": 0.0, "logical_degree": 6.0, "coupling_mass": 12.600000000000001, "contacts": 6.0, "mass_per_contact": 2.1, "max_contact_load": 3.9, "load_concentration": 1.857142857142857, "field": 0.0}}
{"chain": {"task_index": 15, "source": "minorminer", "break_rate": 0.0, "length": 1.0, "internal_edges": 0.0, "redundancy": 0.0, "cut_vertices": 0.0, "logical_degree": 5.0, "coupling_mass": 7.800000000000001, "contacts": 5.0, "mass_per_contact": 1.56, "max_contact_load": 3.9, "load_concentration": 2.5, "field": 0.0}}
{"chain": {"task_index": 15, "source": "minorminer", "break_rate": 0.0, "length": 1.0, "internal_edges": 0.0, "redundancy": 0.0, "cut_vertices": 0.0, "logical_degree": 0.0, "coupling_mass": 0.0, "contacts": 0.0, "mass_per_contact": 0.0, "max_contact_load": 0.0, "load_concentration": 0.0, "field": 0.0}}
{"chain": {"task_index": 15, "source": "minorminer", "break_rate": 0.0, "length": 1.0, "internal_edges": 0.0, "redundancy": 0.0, "cut_vertices": 0.0, "logical_degree": 2.0, "coupling_mass": 5.0, "contacts": 2.0, "mass_per_contact": 2.5, "max_contact_load": 3.9, "load_concentration": 1.56, "field": 0.0}}
{"chain": {"task_index": 15, "source": "minorminer", "break_rate": 0.0, "length": 1.0, "internal_edges": 0.0, "redundancy": 0.0, "cut_vertices": 0.0, "logical_degree": 4.0, "coupling_mass": 9.6, "contacts": 4.0, "mass_per_contact": 2.4, "max_contact_load": 3.8, "load_concentration": 1.5833333333333333, "field": 0.0}}
{"chain": {"task_index": 15, "source": "minorminer", "break_rate": 0.0, "length": 1.0, "internal_edges": 0.0, "redundancy": 0.0, "cut_vertices": 0.0, "logical_degree": 2.0, "coupling_mass": 7.0, "contacts": 2.0, "mass_per_contact": 3.5, "max_contact_load": 3.9, "load_concentration": 1.1142857142857143, "field": 0.0}}
{"chain": {"task_index": 15, "source": "minorminer", "break_rate": 0.0, "length": 1.0, "internal_edges": 0.0, "redundancy": 0.0, "cut_vertices": 0.0, "logical_degree": 2.0, "coupling_mass": 5.0, "contacts": 2.0, "mass_per_contact": 2.5, "max_contact_load": 3.5, "load_concentration": 1.4, "field": 0.0}}
{"chains_total": 1347, "chains_multi_qubit": 639, "singleton_fraction": 0.5256124721603563}

  chains: 421 train on 10 instances, 218 held out on 6 instances
  held-out rank correlation, structure +0.505
  held-out rank correlation, length alone +0.444

  feature                  weight
  max_contact_load         0.0933
  coupling_mass           -0.0675
  cut_vertices             0.0640
  logical_degree           0.0559
  load_concentration      -0.0494
  length                   0.0050
  redundancy              -0.0048
  contacts                -0.0040
  mass_per_contact         0.0035
  internal_edges           0.0023
  field                    0.0000
{"summary": "break_predictors", "chains_train": 421, "chains_heldout": 218, "rho_structure": 0.5047397799973825, "rho_length_alone": 0.44426938841631847, "weights": {"length": 0.00496821717722023, "internal_edges": 0.0023049458532115497, "redundancy": -0.004830555909605364, "cut_vertices": 0.0639534598701145, "logical_degree": 0.055860614255196187, "coupling_mass": -0.06750940648537539, "contacts": -0.004037301600384994, "mass_per_contact": 0.0035409168590745154, "max_contact_load": 0.09333071888306525, "load_concentration": -0.04943117537820842, "field": 0.0}, "scored_on": "multi-qubit chains only; singletons cannot break", "reading": "a held-out rank correlation well above the length-alone baseline says the observation carries what decides breaking and the difficulty is credit assignment; near or below it says the observation is missing the quantity"}
BREAK PREDICTORS DONE
