task_index,source,break_rate,length,internal_edges,redundancy,cut_vertices,logical_degree,coupling_mass,contacts,mass_per_contact,max_contact_load,load_concentration,field
0,policy0,0.21044921875,9.0,9.0,1.0,2.0,5.0,7.0,21.0,0.3333333333333333,0.6666666666666666,1.8617021276595744,0.0
0,policy0,0.525390625,5.0,4.0,0.0,3.0,2.0,7.0,3.0,2.3333333333333335,3.5,1.3333333333333333,0.0
0,policy0,0.0,1.0,0.0,0.0,0.0,0.0,0.0,0.0,0.0,0.0,0.0,0.0
0,policy0,0.81787109375,3.0,2.0,0.0,1.0,3.0,7.0,7.0,1.0,2.9,1.8125,0.0
0,policy0,0.0,1.0,0.0,0.0,0.0,0.0,0.0,0.0,0.0,0.0,0.0,0.0
0,policy0,0.0,1.0,0.0,0.0,0.0,0.0,0.0,0.0,0.0,0.0,0.0,0.0
0,policy0,0.0,1.0,0.0,0.0,0.0,0.0,0.0,0.0,0.0,0.0,0.0,0.0
0,policy0,0.06005859375,3.0,2.0,0.0,1.0,2.0,2.8,3.0,0.9333333333333332,0.9999999999999999,1.0526315789473684,0.0
0,policy0,0.0078125,3.0,2.0,0.0,1.0,2.0,4.0,10.0,0.4,0.43333333333333335,1.1063829787234043,0.0
0,policy0,0.0,1.0,0.0,0.0,0.0,0.0,0.0,0.0,0.0,0.0,0.0,0.0
0,policy0,0.0009765625,2.0,1.0,0.0,0.0,4.0,8.6,10.0,0.86,3.9,2.748898678414097,0.0
0,policy0,0.03369140625,2.0,1.0,0.0,0.0,0.0,0.0,0.0,0.0,0.0,0.0,0.0
0,policy0,0.0,1.0,0.0,0.0,0.0,0.0,0.0,0.0,0.0,0.0,0.0,0.0
0,policy0,0.0,1.0,0.0,0.0,0.0,2.0,5.0,3.0,1.6666666666666667,2.1,1.183098591549296,0.0
0,policy0,0.208984375,6.0,5.0,0.0,3.0,7.0,11.200000000000001,30.0,0.37333333333333335,2.9,3.908917246122106,0.0
0,policy0,0.251953125,4.0,4.0,1.0,0.0,0.0,0.0,0.0,0.0,0.0,0.0,0.0
0,policy0,0.0,1.0,0.0,0.0,0.0,3.0,2.8000000000000003,5.0,0.56,1.2000000000000002,1.6875000000000002,0.0
0,policy0,0.10888671875,4.0,3.0,0.0,2.0,0.0,0.0,0.0,0.0,0.0,0.0,0.0
0,policy0,0.0,1.0,0.0,0.0,0.0,2.0,6.2,2.0,3.1,3.5,1.129032258064516,0.0
0,policy0,0.0,1.0,0.0,0.0,0.0,3.0,3.5999999999999996,6.0,0.6,0.8,1.2857142857142858,0.0
0,policy0,0.29638671875,7.0,7.0,1.0,3.0,3.0,7.799999999999999,6.0,1.2999999999999998,1.95,1.5,0.0
0,policy0,0.03125,2.0,1.0,0.0,0.0,0.0,0.0,0.0,0.0,0.0,0.0,0.0
0,policy0,0.13330078125,2.0,1.0,0.0,0.0,3.0,6.6,7.0,0.9428571428571428,2.9,1.8913043478260871,0.0
0,policy0,0.0,1.0,0.0,0.0,0.0,0.0,0.0,0.0,0.0,0.0,0.0,0.0
0,policy0,0.04736328125,3.0,2.0,0.0,1.0,2.0,5.0,8.0,0.625,1.95,1.828125,0.0
0,policy0,0.2392578125,7.0,6.0,0.0,4.0,3.0,5.0,13.0,0.38461538461538464,3.9,2.845945945945946,0.0
0,policy0,0.0107421875,5.0,5.0,1.0,2.0,4.0,8.6,7.0,1.2285714285714284,1.75,1.5555555555555556,0.0
0,policy0,0.0576171875,3.0,2.0,0.0,1.0,2.0,2.8,2.0,1.4,2.4,1.7142857142857144,0.0
0,policy0,0.0380859375,2.0,1.0,0.0,0.0,0.0,0.0,0.0,0.0,0.0,0.0,0.0
0,policy0,0.0,1.0,0.0,0.0,0.0,3.0,8.6,4.0,2.15,3.9,1.5194805194805197,0.0
0,policy0,0.07275390625,3.0,2.0,0.0,1.0,3.0,4.2,9.0,0.4666666666666667,1.05,1.4104477611940298,0.0
0,policy0,0.0,1.0,0.0,0.0,0.0,2.0,6.2,3.0,2.066666666666667,2.7,1.2134831460674158,0.0
0,policy0,0.0830078125,3.0,2.0,0.0,1.0,4.0,9.0,7.0,1.2857142857142858,3.9,1.8245614035087718,0.0
0,policy1,0.33984375,3.0,2.0,0.0,1.0,5.0,7.0,10.0,0.7,2.5,2.0226537216828477,0.0
0,policy1,0.0,1.0,0.0,0.0,0.0,2.0,7.0,2.0,3.5,3.5,1.0,0.0
0,policy1,0.03662109375,2.0,1.0,0.0,0.0,0.0,0.0,0.0,0.0,0.0,0.0,0.0
0,policy1,0.39697265625,5.0,4.0,0.0,2.0,3.0,7.0,5.0,1.4,2.9,1.864285714285714,0.0
0,policy1,0.06689453125,3.0,2.0,0.0,1.0,0.0,0.0,0.0,0.0,0.0,0.0,0.0
0,policy1,0.0,1.0,0.0,0.0,0.0,0.0,0.0,0.0,0.0,0.0,0.0,0.0
0,policy1,0.0,1.0,0.0,0.0,0.0,0.0,0.0,0.0,0.0,0.0,0.0,0.0
0,policy1,0.1875,5.0,4.0,0.0,3.0,2.0,2.8,6.0,0.4666666666666666,1.7999999999999998,1.8,0.0
0,policy1,0.0,1.0,0.0,0.0,0.0,2.0,4.0,2.0,2.0,2.6,1.3,0.0
0,policy1,0.0,1.0,0.0,0.0,0.0,0.0,0.0,0.0,0.0,0.0,0.0,0.0
0,policy1,0.0,1.0,0.0,0.0,0.0,4.0,8.6,5.0,1.72,2.5,1.5037593984962405,0.0
0,policy1,0.03466796875,2.0,1.0,0.0,0.0,0.0,0.0,0.0,0.0,0.0,0.0,0.0
0,policy1,0.04541015625,5.0,5.0,1.0,1.0,0.0,0.0,0.0,0.0,0.0,0.0,0.0
0,policy1,0.08203125,4.0,3.0,0.0,2.0,2.0,5.0,3.0,1.6666666666666667,2.1,1.183098591549296,0.0
0,policy1,0.02099609375,3.0,2.0,0.0,1.0,7.0,11.200000000000001,13.0,0.8615384615384616,2.6,2.2515463917525773,0.0
0,policy1,0.03173828125,2.0,1.0,0.0,0.0,0.0,0.0,0.0,0.0,0.0,0.0,0.0
0,policy1,0.01220703125,2.0,1.0,0.0,0.0,3.0,2.8000000000000003,6.0,0.46666666666666673,0.6000000000000001,1.2857142857142858,0.0
0,policy1,0.1162109375,6.0,6.0,1.0,3.0,0.0,0.0,0.0,0.0,0.0,0.0,0.0
0,policy1,0.0,1.0,0.0,0.0,0.0,2.0,6.2,3.0,2.066666666666667,3.5,1.4432989690721651,0.0
0,policy1,0.03857421875,2.0,1.0,0.0,0.0,3.0,3.5999999999999996,5.0,0.72,2.0,1.9565217391304346,0.0
0,policy1,0.0,1.0,0.0,0.0,0.0,3.0,7.799999999999999,3.0,2.5999999999999996,3.9,1.5,0.0
0,policy1,0.0,1.0,0.0,0.0,0.0,0.0,0.0,0.0,0.0,0.0,0.0,0.0
0,policy1,0.0,1.0,0.0,0.0,0.0,3.0,6.6,6.0,1.0999999999999999,2.5,1.8442622950819674,0.0
0,policy1,0.0,1.0,0.0,0.0,0.0,0.0,0.0,0.0,0.0,0.0,0.0,0.0
0,policy1,0.06298828125,2.0,1.0,0.0,0.0,2.0,5.0,5.0,1.0,3.9,1.8682634730538923,0.0
0,policy1,0.4072265625,12.0,15.0,4.0,4.0,3.0,5.0,9.0,0.5555555555555556,1.95,2.457983193277311,0.0
0,policy1,0.07373046875,3.0,2.0,0.0,1.0,4.0,8.6,10.0,0.86,1.45,1.5890410958904109,0.0
0,policy1,0.00830078125,2.0,1.0,0.0,0.0,2.0,2.8,5.0,0.5599999999999999,1.2,1.8,0.0
0,policy1,0.0302734375,2.0,1.0,0.0,0.0,0.0,0.0,0.0,0.0,0.0,0.0,0.0
0,policy1,0.0693359375,3.0,2.0,0.0,1.0,3.0,8.6,4.0,2.15,3.9,1.5194805194805197,0.0
0,policy1,0.0693359375,7.0,8.0,2.0,1.0,3.0,4.2,10.0,0.42000000000000004,2.1,2.4466019417475726,0.0
0,policy1,0.31494140625,3.0,2.0,0.0,1.0,2.0,6.2,3.0,2.066666666666667,3.5,1.4432989690721651,0.0
0,policy1,0.00927734375,2.0,1.0,0.0,0.0,4.0,9.0,5.0,1.8,3.9,2.0,0.0
0,minorminer,0.0,1.0,0.0,0.0,0.0,5.0,7.0,5.0,1.4,2.5,1.7857142857142858,0.0
0,minorminer,0.0,1.0,0.0,0.0,0.0,2.0,7.0,2.0,3.5,3.5,1.0,0.0
0,minorminer,0.0,1.0,0.0,0.0,0.0,0.0,0.0,0.0,0.0,0.0,0.0,0.0
0,minorminer,0.0,1.0,0.0,0.0,0.0,3.0,7.0,3.0,2.3333333333333335,3.5,1.5,0.0
0,minorminer,0.0,1.0,0.0,0.0,0.0,0.0,0.0,0.0,0.0,0.0,0.0,0.0
0,minorminer,0.0,1.0,0.0,0.0,0.0,0.0,0.0,0.0,0.0,0.0,0.0,0.0
0,minorminer,0.0,1.0,0.0,0.0,0.0,0.0,0.0,0.0,0.0,0.0,0.0,0.0
0,minorminer,0.0,1.0,0.0,0.0,0.0,2.0,2.8,2.0,1.4,1.7999999999999998,1.2857142857142856,0.0
0,minorminer,0.0,1.0,0.0,0.0,0.0,2.0,4.0,2.0,2.0,2.6,1.3,0.0
0,minorminer,0.0,1.0,0.0,0.0,0.0,0.0,0.0,0.0,0.0,0.0,0.0,0.0
0,minorminer,0.0,1.0,0.0,0.0,0.0,4.0,8.6,5.0,1.72,3.9,2.122448979591837,0.0
0,minorminer,0.0,1.0,0.0,0.0,0.0,0.0,0.0,0.0,0.0,0.0,0.0,0.0
0,minorminer,0.0,1.0,0.0,0.0,0.0,0.0,0.0,0.0,0.0,0.0,0.0,0.0
0,minorminer,0.0,1.0,0.0,0.0,0.0,2.0,5.0,2.0,2.5,2.9,1.16,0.0
0,minorminer,0.0078125,2.0,1.0,0.0,0.0,7.0,11.200000000000001,8.0,1.4000000000000001,2.9,2.0402010050251254,0.0
0,minorminer,0.0,1.0,0.0,0.0,0.0,0.0,0.0,0.0,0.0,0.0,0.0,0.0
0,minorminer,0.0,1.0,0.0,0.0,0.0,3.0,2.8000000000000003,3.0,0.9333333333333335,1.2000000000000002,1.2857142857142858,0.0
0,minorminer,0.0,1.0,0.0,0.0,0.0,0.0,0.0,0.0,0.0,0.0,0.0,0.0
0,minorminer,0.0,1.0,0.0,0.0,0.0,2.0,6.2,2.0,3.1,3.5,1.129032258064516,0.0
0,minorminer,0.0,1.0,0.0,0.0,0.0,3.0,3.5999999999999996,3.0,1.2,2.0,1.6666666666666667,0.0
0,minorminer,0.0,1.0,0.0,0.0,0.0,3.0,7.799999999999999,3.0,2.5999999999999996,3.9,1.5,0.0
0,minorminer,0.0,1.0,0.0,0.0,0.0,0.0,0.0,0.0,0.0,0.0,0.0,0.0
0,minorminer,0.0,1.0,0.0,0.0,0.0,3.0,6.6,3.0,2.1999999999999997,2.9,1.3181818181818183,0.0
0,minorminer,0.0,1.0,0.0,0.0,0.0,0.0,0.0,0.0,0.0,0.0,0.0,0.0
0,minorminer,0.0,1.0,0.0,0.0,0.0,2.0,5.0,2.0,2.5,3.9,1.56,0.0
0,minorminer,0.0,1.0,0.0,0.0,0.0,3.0,5.0,3.0,1.6666666666666667,3.9,2.34,0.0
0,minorminer,0.0,1.0,0.0,0.0,0.0,4.0,8.6,4.0,2.15,3.5,1.627906976744186,0.0
0,minorminer,0.0,1.0,0.0,0.0,0.0,2.0,2.8,2.0,1.4,2.4,1.7142857142857144,0.0
0,minorminer,0.0,1.0,0.0,0.0,0.0,0.0,0.0,0.0,0.0,0.0,0.0,0.0
0,minorminer,0.0,1.0,0.0,0.0,0.0,3.0,8.6,3.0,2.8666666666666667,3.9,1.3604651162790697,0.0
0,minorminer,0.0,1.0,0.0,0.0,0.0,3.0,4.2,3.0,1.4000000000000001,2.1,1.5,0.0
0,minorminer,0.0,1.0,0.0,0.0,0.0,2.0,6.2,2.0,3.1,3.5,1.129032258064516,0.0
0,minorminer,0.0,1.0,0.0,0.0,0.0,4.0,9.0,4.0,2.25,3.9,1.7333333333333334,0.0
1,policy0,0.01416015625,2.0,1.0,0.0,0.0,2.0,5.0,5.0,1.0,1.25,1.2,0.0
1,policy0,0.0087890625,2.0,1.0,0.0,0.0,6.0,12.799999999999999,6.0,2.1333333333333333,3.9,1.828125,0.0
1,policy0,0.04150390625,6.0,6.0,1.0,3.0,5.0,14.8,18.0,0.8222222222222223,2.5,2.0215633423180592,0.0
1,policy0,0.04541015625,3.0,2.0,0.0,1.0,2.0,5.0,4.0,1.25,2.5,1.5,0.0
1,policy0,0.0283203125,2.0,1.0,0.0,0.0,2.0,7.0,4.0,1.75,1.95,1.1142857142857143,0.0
1,policy0,0.72607421875,2.0,1.0,0.0,0.0,2.0,6.2,3.0,2.066666666666667,3.1,1.3333333333333333,0.0
1,policy0,0.0,1.0,0.0,0.0,0.0,3.0,7.8,5.0,1.56,3.1,1.6807228915662653,0.0
1,policy0,0.04638671875,3.0,2.0,0.0,1.0,2.0,5.0,3.0,1.6666666666666667,2.1,1.183098591549296,0.0
1,policy0,0.0,1.0,0.0,0.0,0.0,2.0,5.0,3.0,1.6666666666666667,2.5,1.3333333333333333,0.0
1,policy0,0.00634765625,3.0,2.0,0.0,1.0,3.0,5.6,5.0,1.1199999999999999,1.8,1.6199999999999999,0.0
1,policy0,0.0078125,3.0,2.0,0.0,1.0,3.0,3.5999999999999996,4.0,0.8999999999999999,1.2999999999999998,1.471698113207547,0.0
1,policy0,0.03515625,3.0,2.0,0.0,1.0,3.0,7.0,4.0,1.75,3.5,1.6666666666666665,0.0
1,policy0,0.04052734375,7.0,9.0,3.0,2.0,3.0,7.8,10.0,0.78,3.3,1.6363636363636362,0.0
1,policy0,0.0107421875,3.0,2.0,0.0,1.0,3.0,7.0,8.0,0.875,1.1666666666666667,1.253731343283582,0.0
1,policy0,0.09033203125,2.0,1.0,0.0,0.0,4.0,7.2,7.0,1.0285714285714287,2.5,1.8779342723004695,0.0
1,policy0,0.10693359375,4.0,3.0,0.0,2.0,3.0,7.800000000000001,4.0,1.9500000000000002,3.5,1.6535433070866141,0.0
1,policy0,0.017578125,2.0,1.0,0.0,0.0,0.0,0.0,0.0,0.0,0.0,0.0,0.0
1,policy0,0.04833984375,3.0,2.0,0.0,1.0,5.0,12.8,9.0,1.4222222222222223,1.9,1.2895927601809956,0.0
1,policy0,0.0,1.0,0.0,0.0,0.0,2.0,5.0,4.0,1.25,1.3,1.0833333333333333,0.0
1,policy0,0.00830078125,2.0,1.0,0.0,0.0,0.0,0.0,0.0,0.0,0.0,0.0,0.0
1,policy0,0.0,3.0,3.0,1.0,0.0,2.0,7.8,5.0,1.56,1.95,1.2,0.0
1,policy0,0.0,1.0,0.0,0.0,0.0,3.0,6.8,4.0,1.7,3.1,1.5897435897435899,0.0
1,policy0,0.02490234375,4.0,4.0,1.0,0.0,2.0,7.0,3.0,2.3333333333333335,3.5,1.3333333333333333,0.0
1,policy0,0.01904296875,4.0,4.0,1.0,1.0,0.0,0.0,0.0,0.0,0.0,0.0,0.0
1,policy0,0.0,1.0,0.0,0.0,0.0,2.0,7.0,3.0,2.3333333333333335,3.5,1.3333333333333333,0.0
1,policy0,0.0,1.0,0.0,0.0,0.0,0.0,0.0,0.0,0.0,0.0,0.0,0.0
1,policy0,0.00146484375,2.0,1.0,0.0,0.0,2.0,5.8,2.0,2.9,3.9,1.3448275862068966,0.0
1,policy0,0.05908203125,2.0,1.0,0.0,0.0,2.0,7.0,4.0,1.75,3.1,1.409090909090909,0.0
1,policy0,0.16162109375,3.0,2.0,0.0,1.0,2.0,2.8,3.0,0.9333333333333332,1.4,1.3333333333333335,0.0
1,policy1,0.0341796875,3.0,2.0,0.0,1.0,2.0,5.0,9.0,0.5555555555555556,0.625,1.1111111111111112,0.0
1,policy1,0.00634765625,2.0,1.0,0.0,0.0,6.0,12.799999999999999,8.0,1.5999999999999999,3.9,2.1176470588235294,0.0
1,policy1,0.0322265625,6.0,7.0,2.0,2.0,5.0,14.8,9.0,1.6444444444444446,2.9,1.6384180790960452,0.0
1,policy1,0.09912109375,2.0,1.0,0.0,0.0,2.0,5.0,7.0,0.7142857142857143,1.25,1.4285714285714286,0.0
1,policy1,0.2236328125,2.0,1.0,0.0,0.0,2.0,7.0,4.0,1.75,3.1,1.409090909090909,0.0
1,policy1,0.0,1.0,0.0,0.0,0.0,2.0,6.2,3.0,2.066666666666667,3.1,1.3333333333333333,0.0
1,policy1,0.0,1.0,0.0,0.0,0.0,3.0,7.8,3.0,2.6,3.4,1.3076923076923077,0.0
1,policy1,0.0,1.0,0.0,0.0,0.0,2.0,5.0,2.0,2.5,2.9,1.16,0.0
1,policy1,0.00830078125,2.0,1.0,0.0,0.0,2.0,5.0,6.0,0.8333333333333334,1.25,1.3333333333333333,0.0
1,policy1,0.0234375,3.0,2.0,0.0,1.0,3.0,5.6,6.0,0.9333333333333332,3.4,2.300751879699248,0.0
1,policy1,0.0,3.0,3.0,1.0,0.0,3.0,3.5999999999999996,6.0,0.6,1.2999999999999998,1.6363636363636362,0.0
1,policy1,0.28515625,2.0,1.0,0.0,0.0,3.0,7.0,4.0,1.75,3.5,1.6666666666666665,0.0
1,policy1,0.0,1.0,0.0,0.0,0.0,3.0,7.8,4.0,1.95,3.3,1.4558823529411764,0.0
1,policy1,0.0,1.0,0.0,0.0,0.0,3.0,7.0,4.0,1.75,2.5,1.4285714285714286,0.0
1,policy1,0.54931640625,3.0,2.0,0.0,1.0,4.0,7.2,4.0,1.8,2.5,1.3888888888888888,0.0
1,policy1,0.29150390625,2.0,1.0,0.0,0.0,3.0,7.800000000000001,3.0,2.6,3.5,1.346153846153846,0.0
1,policy1,0.03076171875,3.0,2.0,0.0,1.0,0.0,0.0,0.0,0.0,0.0,0.0,0.0
1,policy1,0.0,3.0,3.0,1.0,0.0,5.0,12.8,8.0,1.6,2.9,1.6477272727272725,0.0
1,policy1,0.0,1.0,0.0,0.0,0.0,2.0,5.0,3.0,1.6666666666666667,1.95,1.278688524590164,0.0
1,policy1,0.0,1.0,0.0,0.0,0.0,0.0,0.0,0.0,0.0,0.0,0.0,0.0
1,policy1,0.01171875,2.0,1.0,0.0,0.0,2.0,7.8,6.0,1.3,1.3,1.0,0.0
1,policy1,0.0,1.0,0.0,0.0,0.0,3.0,6.8,5.0,1.3599999999999999,3.1,1.8787878787878787,0.0
1,policy1,0.0,1.0,0.0,0.0,0.0,2.0,7.0,3.0,2.3333333333333335,3.5,1.3333333333333333,0.0
1,policy1,0.01513671875,2.0,1.0,0.0,0.0,0.0,0.0,0.0,0.0,0.0,0.0,0.0
1,policy1,0.0,1.0,0.0,0.0,0.0,2.0,7.0,3.0,2.3333333333333335,3.5,1.3333333333333333,0.0
1,policy1,0.0,1.0,0.0,0.0,0.0,0.0,0.0,0.0,0.0,0.0,0.0,0.0
1,policy1,0.01806640625,2.0,1.0,0.0,0.0,2.0,5.8,2.0,2.9,3.9,1.3448275862068966,0.0
1,policy1,0.01220703125,2.0,1.0,0.0,0.0,2.0,7.0,5.0,1.4,1.55,1.087719298245614,0.0
1,policy1,0.03076171875,2.0,1.0,0.0,0.0,2.0,2.8,3.0,0.9333333333333332,1.4,1.3333333333333335,0.0
1,minorminer,0.0,1.0,0.0,0.0,0.0,2.0,5.0,2.0,2.5,2.5,1.0,0.0
1,minorminer,0.00048828125,2.0,1.0,0.0,0.0,6.0,12.799999999999999,7.0,1.8285714285714285,3.9,2.0259740259740258,0.0
1,minorminer,0.0,1.0,0.0,0.0,0.0,5.0,14.8,6.0,2.466666666666667,3.9,1.4391143911439115,0.0
1,minorminer,0.0,1.0,0.0,0.0,0.0,2.0,5.0,2.0,2.5,2.5,1.0,0.0
1,minorminer,0.0,1.0,0.0,0.0,0.0,2.0,7.0,2.0,3.5,3.9,1.1142857142857143,0.0
1,minorminer,0.0,1.0,0.0,0.0,0.0,2.0,6.2,2.0,3.1,3.1,1.0,0.0
1,minorminer,0.0,1.0,0.0,0.0,0.0,3.0,7.8,3.0,2.6,3.4,1.3076923076923077,0.0
1,minorminer,0.0,1.0,0.0,0.0,0.0,2.0,5.0,2.0,2.5,2.9,1.16,0.0
1,minorminer,0.0,1.0,0.0,0.0,0.0,2.0,5.0,2.0,2.5,2.5,1.0,0.0
1,minorminer,0.0,1.0,0.0,0.0,0.0,3.0,5.6,3.0,1.8666666666666665,3.4,1.8214285714285716,0.0
1,minorminer,0.0,1.0,0.0,0.0,0.0,3.0,3.5999999999999996,3.0,1.2,1.9,1.5833333333333333,0.0
1,minorminer,0.0,1.0,0.0,0.0,0.0,3.0,7.0,3.0,2.3333333333333335,3.5,1.5,0.0
1,minorminer,0.0,1.0,0.0,0.0,0.0,3.0,7.8,3.0,2.6,3.3,1.2692307692307692,0.0
1,minorminer,0.0,1.0,0.0,0.0,0.0,3.0,7.0,3.0,2.3333333333333335,3.5,1.5,0.0
1,minorminer,0.0,1.0,0.0,0.0,0.0,4.0,7.2,4.0,1.8,2.5,1.3888888888888888,0.0
1,minorminer,0.0,1.0,0.0,0.0,0.0,3.0,7.800000000000001,3.0,2.6,3.5,1.346153846153846,0.0
1,minorminer,0.0,1.0,0.0,0.0,0.0,0.0,0.0,0.0,0.0,0.0,0.0,0.0
1,minorminer,0.0,1.0,0.0,0.0,0.0,5.0,12.8,5.0,2.56,3.5,1.3671875,0.0
1,minorminer,0.0,1.0,0.0,0.0,0.0,2.0,5.0,2.0,2.5,3.9,1.56,0.0
1,minorminer,0.0,1.0,0.0,0.0,0.0,0.0,0.0,0.0,0.0,0.0,0.0,0.0
1,minorminer,0.0,1.0,0.0,0.0,0.0,2.0,7.8,2.0,3.9,3.9,1.0,0.0
1,minorminer,0.0,1.0,0.0,0.0,0.0,3.0,6.8,3.0,2.2666666666666666,3.1,1.3676470588235294,0.0
1,minorminer,0.0,1.0,0.0,0.0,0.0,2.0,7.0,2.0,3.5,3.5,1.0,0.0
1,minorminer,0.0,1.0,0.0,0.0,0.0,0.0,0.0,0.0,0.0,0.0,0.0,0.0
1,minorminer,0.0,1.0,0.0,0.0,0.0,2.0,7.0,2.0,3.5,3.5,1.0,0.0
1,minorminer,0.0,1.0,0.0,0.0,0.0,0.0,0.0,0.0,0.0,0.0,0.0,0.0
1,minorminer,0.0,1.0,0.0,0.0,0.0,2.0,5.8,2.0,2.9,3.9,1.3448275862068966,0.0
1,minorminer,0.0,1.0,0.0,0.0,0.0,2.0,7.0,2.0,3.5,3.9,1.1142857142857143,0.0
1,minorminer,0.0,1.0,0.0,0.0,0.0,2.0,2.8,2.0,1.4,1.4,1.0,0.0
2,policy0,0.10986328125,5.0,5.0,1.0,2.0,5.0,6.2,16.0,0.3875,2.1,2.791728212703102,0.0
2,policy0,0.0185546875,6.0,5.0,0.0,4.0,6.0,8.8,21.0,0.41904761904761906,2.0,2.583732057416268,0.0
2,policy0,0.0,1.0,0.0,0.0,0.0,7.0,16.8,8.0,2.1,2.9,1.367003367003367,0.0
2,policy0,0.0,1.0,0.0,0.0,0.0,0.0,0.0,0.0,0.0,0.0,0.0,0.0
2,policy0,0.04736328125,2.0,1.0,0.0,0.0,2.0,6.2,4.0,1.55,2.7,1.396551724137931,0.0
2,policy0,0.03076171875,2.0,1.0,0.0,0.0,0.0,0.0,0.0,0.0,0.0,0.0,0.0
2,policy0,0.01953125,4.0,4.0,1.0,1.0,5.0,10.4,20.0,0.52,1.95,2.202007528230866,0.0
2,policy0,0.0,1.0,0.0,0.0,0.0,0.0,0.0,0.0,0.0,0.0,0.0,0.0
2,policy0,0.03955078125,4.0,4.0,1.0,1.0,2.0,5.0,2.0,2.5,3.6999999999999997,1.48,0.0
2,policy0,0.0048828125,2.0,1.0,0.0,0.0,3.0,5.0,10.0,0.5,1.1,1.7368421052631577,0.0
2,policy0,0.56787109375,4.0,3.0,0.0,2.0,3.0,5.0,8.0,0.625,2.5,2.25,0.0
2,policy0,0.02880859375,2.0,1.0,0.0,0.0,0.0,0.0,0.0,0.0,0.0,0.0,0.0
2,policy0,0.0,1.0,0.0,0.0,0.0,3.0,5.0,3.0,1.6666666666666667,2.5,1.5,0.0
2,policy0,0.0,1.0,0.0,0.0,0.0,4.0,7.0,5.0,1.4,3.5,2.1705426356589146,0.0
2,policy0,0.0009765625,2.0,1.0,0.0,0.0,3.0,5.800000000000001,3.0,1.9333333333333336,2.9,1.5,0.0
2,policy0,0.02587890625,2.0,1.0,0.0,0.0,0.0,0.0,0.0,0.0,0.0,0.0,0.0
2,policy0,0.11376953125,2.0,1.0,0.0,0.0,2.0,6.2,3.0,2.066666666666667,2.7,1.2134831460674158,0.0
2,policy0,0.0,1.0,0.0,0.0,0.0,2.0,0.8,2.0,0.4,0.4,1.0,0.0
2,policy0,0.0,1.0,0.0,0.0,0.0,0.0,0.0,0.0,0.0,0.0,0.0,0.0
2,policy0,0.033203125,8.0,14.0,7.0,1.0,0.0,0.0,0.0,0.0,0.0,0.0,0.0
2,policy0,0.0,2.0,1.0,0.0,0.0,5.0,12.600000000000001,9.0,1.4000000000000001,3.5,2.147239263803681,0.0
2,policy0,0.087890625,4.0,3.0,0.0,1.0,2.0,7.0,5.0,1.4,1.75,1.2,0.0
2,policy0,0.16943359375,2.0,1.0,0.0,0.0,2.0,5.0,4.0,1.25,3.6999999999999997,1.7903225806451615,0.0
2,policy0,0.0,1.0,0.0,0.0,0.0,2.0,5.8,3.0,1.9333333333333333,1.95,1.012987012987013,0.0
2,policy0,0.0,1.0,0.0,0.0,0.0,2.0,1.2,3.0,0.39999999999999997,1.0,1.8181818181818181,0.0
2,policy0,0.0,1.0,0.0,0.0,0.0,2.0,5.0,2.0,2.5,3.9,1.56,0.0
2,policy0,0.2900390625,4.0,3.0,0.0,2.0,4.0,6.6000000000000005,15.0,0.44000000000000006,3.9,2.6242990654205607,0.0
2,policy1,0.0,1.0,0.0,0.0,0.0,5.0,6.2,8.0,0.775,2.1,2.266187050359712,0.0
2,policy1,0.01513671875,3.0,2.0,0.0,1.0,6.0,8.8,18.0,0.48888888888888893,0.7999999999999999,1.6744186046511627,0.0
2,policy1,0.005859375,3.0,2.0,0.0,1.0,7.0,16.8,17.0,0.9882352941176471,3.9,2.7460184409052806,0.0
2,policy1,0.0,1.0,0.0,0.0,0.0,0.0,0.0,0.0,0.0,0.0,0.0,0.0
2,policy1,0.9052734375,3.0,2.0,0.0,1.0,2.0,6.2,2.0,3.1,3.5,1.129032258064516,0.0
2,policy1,0.0634765625,3.0,2.0,0.0,1.0,0.0,0.0,0.0,0.0,0.0,0.0,0.0
2,policy1,0.1748046875,5.0,4.0,0.0,2.0,5.0,10.4,6.0,1.7333333333333334,3.9,2.0,0.0
2,policy1,0.0,1.0,0.0,0.0,0.0,0.0,0.0,0.0,0.0,0.0,0.0,0.0
2,policy1,0.0,1.0,0.0,0.0,0.0,2.0,5.0,2.0,2.5,3.6999999999999997,1.48,0.0
2,policy1,0.2080078125,7.0,7.0,1.0,4.0,3.0,5.0,11.0,0.45454545454545453,3.5,2.560975609756098,0.0
2,policy1,0.07470703125,3.0,2.0,0.0,1.0,3.0,5.0,13.0,0.38461538461538464,0.625,1.530612244897959,0.0
2,policy1,0.03759765625,5.0,5.0,1.0,1.0,0.0,0.0,0.0,0.0,0.0,0.0,0.0
2,policy1,0.02099609375,3.0,2.0,0.0,1.0,3.0,5.0,9.0,0.5555555555555556,2.5,2.295918367346939,0.0
2,policy1,0.04541015625,4.0,3.0,0.0,2.0,4.0,7.0,7.0,1.0,3.5,2.485207100591716,0.0
2,policy1,0.0,1.0,0.0,0.0,0.0,3.0,5.800000000000001,4.0,1.4500000000000002,2.5,1.7241379310344829,0.0
2,policy1,0.029296875,2.0,1.0,0.0,0.0,0.0,0.0,0.0,0.0,0.0,0.0,0.0
2,policy1,0.0,1.0,0.0,0.0,0.0,2.0,6.2,2.0,3.1,3.5,1.129032258064516,0.0
2,policy1,0.0,1.0,0.0,0.0,0.0,2.0,0.8,2.0,0.4,0.4,1.0,0.0
2,policy1,0.0458984375,3.0,2.0,0.0,1.0,0.0,0.0,0.0,0.0,0.0,0.0,0.0
2,policy1,0.0,1.0,0.0,0.0,0.0,0.0,0.0,0.0,0.0,0.0,0.0,0.0
2,policy1,0.0234375,3.0,2.0,0.0,1.0,5.0,12.600000000000001,8.0,1.5750000000000002,3.9,1.9306930693069306,0.0
2,policy1,0.0,1.0,0.0,0.0,0.0,2.0,7.0,2.0,3.5,3.5,1.0,0.0
2,policy1,0.1640625,2.0,1.0,0.0,0.0,2.0,5.0,3.0,1.6666666666666667,3.6999999999999997,1.7011494252873562,0.0
2,policy1,0.10791015625,4.0,3.0,0.0,2.0,2.0,5.8,4.0,1.45,3.9,1.7205882352941178,0.0
2,policy1,0.0,1.0,0.0,0.0,0.0,2.0,1.2,2.0,0.6,1.0,1.6666666666666667,0.0
2,policy1,0.0,1.0,0.0,0.0,0.0,2.0,5.0,3.0,1.6666666666666667,3.9,1.7528089887640448,0.0
2,policy1,0.0830078125,3.0,2.0,0.0,1.0,4.0,6.6000000000000005,13.0,0.5076923076923078,3.9,3.1304347826086953,0.0
2,minorminer,0.15576171875,2.0,1.0,0.0,0.0,5.0,6.2,8.0,0.775,1.8,2.1176470588235294,0.0
2,minorminer,0.0,1.0,0.0,0.0,0.0,6.0,8.8,6.0,1.4666666666666668,2.4,1.6363636363636362,0.0
2,minorminer,0.13232421875,2.0,1.0,0.0,0.0,7.0,16.8,10.0,1.6800000000000002,3.9,1.9293286219081272,0.0
2,minorminer,0.0,1.0,0.0,0.0,0.0,0.0,0.0,0.0,0.0,0.0,0.0,0.0
2,minorminer,0.0,1.0,0.0,0.0,0.0,2.0,6.2,2.0,3.1,3.5,1.129032258064516,0.0
2,minorminer,0.0,1.0,0.0,0.0,0.0,0.0,0.0,0.0,0.0,0.0,0.0,0.0
2,minorminer,0.0,1.0,0.0,0.0,0.0,5.0,10.4,5.0,2.08,3.9,1.875,0.0
2,minorminer,0.0,1.0,0.0,0.0,0.0,0.0,0.0,0.0,0.0,0.0,0.0,0.0
2,minorminer,0.0,1.0,0.0,0.0,0.0,2.0,5.0,2.0,2.5,3.6999999999999997,1.48,0.0
2,minorminer,0.0,1.0,0.0,0.0,0.0,3.0,5.0,3.0,1.6666666666666667,3.5,2.1,0.0
2,minorminer,0.0,1.0,0.0,0.0,0.0,3.0,5.0,4.0,1.25,2.0,1.6,0.0
2,minorminer,0.0,1.0,0.0,0.0,0.0,0.0,0.0,0.0,0.0,0.0,0.0,0.0
2,minorminer,0.0,1.0,0.0,0.0,0.0,3.0,5.0,3.0,1.6666666666666667,2.5,1.5,0.0
2,minorminer,0.0,1.0,0.0,0.0,0.0,4.0,7.0,5.0,1.4,3.5,2.1705426356589146,0.0
2,minorminer,0.0,1.0,0.0,0.0,0.0,3.0,5.800000000000001,3.0,1.9333333333333336,2.9,1.5,0.0
2,minorminer,0.0,1.0,0.0,0.0,0.0,0.0,0.0,0.0,0.0,0.0,0.0,0.0
2,minorminer,0.0,1.0,0.0,0.0,0.0,2.0,6.2,2.0,3.1,3.5,1.129032258064516,0.0
2,minorminer,0.0,1.0,0.0,0.0,0.0,2.0,0.8,2.0,0.4,0.4,1.0,0.0
2,minorminer,0.0,1.0,0.0,0.0,0.0,0.0,0.0,0.0,0.0,0.0,0.0,0.0
2,minorminer,0.0,1.0,0.0,0.0,0.0,0.0,0.0,0.0,0.0,0.0,0.0,0.0
2,minorminer,0.0,1.0,0.0,0.0,0.0,5.0,12.600000000000001,5.0,2.5200000000000005,3.9,1.5476190476190477,0.0
2,minorminer,0.0,1.0,0.0,0.0,0.0,2.0,7.0,2.0,3.5,3.5,1.0,0.0
2,minorminer,0.0,1.0,0.0,0.0,0.0,2.0,5.0,2.0,2.5,3.6999999999999997,1.48,0.0
2,minorminer,0.0,1.0,0.0,0.0,0.0,2.0,5.8,2.0,2.9,3.9,1.3448275862068966,0.0
2,minorminer,0.0,1.0,0.0,0.0,0.0,2.0,1.2,2.0,0.6,1.0,1.6666666666666667,0.0
2,minorminer,0.0,1.0,0.0,0.0,0.0,2.0,5.0,2.0,2.5,3.9,1.56,0.0
2,minorminer,0.0,1.0,0.0,0.0,0.0,4.0,6.6000000000000005,4.0,1.6500000000000001,3.9,2.3636363636363638,0.0
3,policy0,0.0,1.0,0.0,0.0,0.0,2.0,0.8,2.0,0.4,0.4,1.0,0.0
3,policy0,0.0126953125,3.0,2.0,0.0,1.0,4.0,9.0,12.0,0.75,1.55,1.7142857142857144,0.0
3,policy0,0.0,1.0,0.0,0.0,0.0,2.0,4.0,3.0,1.3333333333333333,2.0,1.3333333333333333,0.0
3,policy0,0.13671875,6.0,5.0,0.0,3.0,2.0,5.8,6.0,0.9666666666666667,0.9666666666666667,1.0,0.0
3,policy0,0.2197265625,3.0,2.0,0.0,1.0,5.0,11.2,10.0,1.1199999999999999,2.1,1.5272727272727273,0.0
3,policy0,0.04052734375,5.0,6.0,2.0,1.0,2.0,3.5999999999999996,4.0,0.8999999999999999,0.8999999999999999,1.0,0.0
3,policy0,0.0439453125,2.0,1.0,0.0,0.0,0.0,0.0,0.0,0.0,0.0,0.0,0.0
3,policy0,0.0,1.0,0.0,0.0,0.0,3.0,2.4000000000000004,4.0,0.6000000000000001,1.2000000000000002,1.565217391304348,0.0
3,policy0,0.0,1.0,0.0,0.0,0.0,0.0,0.0,0.0,0.0,0.0,0.0,0.0
3,policy0,0.0244140625,3.0,2.0,0.0,1.0,2.0,2.0,7.0,0.2857142857142857,0.5,1.4285714285714286,0.0
3,policy0,0.00830078125,4.0,5.0,2.0,0.0,3.0,5.0,5.0,1.0,1.1,1.076086956521739,0.0
3,policy0,0.037109375,2.0,1.0,0.0,0.0,2.0,1.9999999999999998,4.0,0.49999999999999994,0.8999999999999999,1.8,0.0
3,policy0,0.0419921875,2.0,1.0,0.0,0.0,0.0,0.0,0.0,0.0,0.0,0.0,0.0
3,policy0,0.0,1.0,0.0,0.0,0.0,2.0,0.8,2.0,0.4,0.4,1.0,0.0
3,policy0,0.013671875,2.0,1.0,0.0,0.0,4.0,8.2,7.0,1.1714285714285713,2.1,1.5412844036697249,0.0
3,policy0,0.05078125,4.0,3.0,0.0,2.0,3.0,4.0,4.0,1.0,1.2000000000000002,1.2000000000000002,0.0
3,policy0,0.0,1.0,0.0,0.0,0.0,2.0,0.8,3.0,0.26666666666666666,0.4,1.3333333333333333,0.0
3,policy0,0.01171875,3.0,2.0,0.0,1.0,6.0,17.8,12.0,1.4833333333333334,3.9,2.045156591405681,0.0
3,policy0,0.0,1.0,0.0,0.0,0.0,3.0,3.5999999999999996,4.0,0.8999999999999999,1.0,1.1111111111111112,0.0
3,policy0,0.1142578125,4.0,3.0,0.0,2.0,0.0,0.0,0.0,0.0,0.0,0.0,0.0
3,policy0,0.0791015625,3.0,2.0,0.0,1.0,0.0,0.0,0.0,0.0,0.0,0.0,0.0
3,policy0,0.4052734375,2.0,1.0,0.0,0.0,4.0,6.2,4.0,1.55,2.1,1.3548387096774195,0.0
3,policy0,0.0,1.0,0.0,0.0,0.0,3.0,7.0,4.0,1.75,3.9,1.8,0.0
3,policy0,0.0,1.0,0.0,0.0,0.0,0.0,0.0,0.0,0.0,0.0,0.0,0.0
3,policy0,0.01171875,2.0,1.0,0.0,0.0,2.0,5.0,4.0,1.25,2.1,1.3695652173913042,0.0
3,policy0,0.3837890625,2.0,1.0,0.0,0.0,4.0,6.999999999999999,5.0,1.4,3.9,2.328358208955224,0.0
3,policy0,0.162109375,3.0,2.0,0.0,1.0,4.0,9.8,7.0,1.4000000000000001,3.9,1.9746835443037973,0.0
3,policy0,0.041015625,2.0,1.0,0.0,0.0,2.0,0.8,3.0,0.26666666666666666,0.4,1.3333333333333333,0.0
3,policy1,0.08642578125,5.0,4.0,0.0,3.0,2.0,0.8,6.0,0.13333333333333333,0.4,1.6666666666666665,0.0
3,policy1,0.11083984375,11.0,18.0,8.0,2.0,4.0,9.0,19.0,0.47368421052631576,1.0333333333333334,2.003231017770598,0.0
3,policy1,0.0,1.0,0.0,0.0,0.0,2.0,4.0,2.0,2.0,2.0,1.0,0.0
3,policy1,0.2705078125,3.0,2.0,0.0,1.0,2.0,5.8,2.0,2.9,2.9,1.0,0.0
3,policy1,0.43701171875,3.0,2.0,0.0,1.0,5.0,11.2,9.0,1.2444444444444445,3.3,2.133620689655172,0.0
3,policy1,0.0,1.0,0.0,0.0,0.0,2.0,3.5999999999999996,3.0,1.2,1.7999999999999998,1.3333333333333333,0.0
3,policy1,0.07177734375,4.0,3.0,0.0,2.0,0.0,0.0,0.0,0.0,0.0,0.0,0.0
3,policy1,0.0,1.0,0.0,0.0,0.0,3.0,2.4000000000000004,3.0,0.8000000000000002,1.2000000000000002,1.5,0.0
3,policy1,0.025390625,2.0,1.0,0.0,0.0,0.0,0.0,0.0,0.0,0.0,0.0,0.0
3,policy1,0.0,1.0,0.0,0.0,0.0,2.0,2.0,6.0,0.3333333333333333,0.5,1.3333333333333333,0.0
3,policy1,0.45849609375,5.0,4.0,0.0,3.0,3.0,5.0,5.0,1.0,2.9,2.0390625,0.0
3,policy1,0.10888671875,9.0,10.0,2.0,4.0,2.0,1.9999999999999998,2.0,0.9999999999999999,1.7999999999999998,1.8,0.0
3,policy1,0.07763671875,9.0,10.0,2.0,3.0,0.0,0.0,0.0,0.0,0.0,0.0,0.0
3,policy1,0.0,1.0,0.0,0.0,0.0,2.0,0.8,2.0,0.4,0.4,1.0,0.0
3,policy1,0.0,1.0,0.0,0.0,0.0,4.0,8.2,4.0,2.05,3.0999999999999996,1.5121951219512195,0.0
3,policy1,0.013671875,2.0,1.0,0.0,0.0,3.0,4.0,6.0,0.6666666666666666,2.0,1.764705882352941,0.0
3,policy1,0.0009765625,4.0,5.0,2.0,0.0,2.0,0.8,4.0,0.2,0.4,1.5,0.0
3,policy1,0.0,2.0,1.0,0.0,0.0,6.0,17.8,15.0,1.1866666666666668,3.3,1.6673684210526314,0.0
3,policy1,0.095703125,6.0,7.0,2.0,2.0,3.0,3.5999999999999996,7.0,0.5142857142857142,1.0,1.4285714285714284,0.0
3,policy1,0.02880859375,2.0,1.0,0.0,0.0,0.0,0.0,0.0,0.0,0.0,0.0,0.0
3,policy1,0.0244140625,2.0,1.0,0.0,0.0,0.0,0.0,0.0,0.0,0.0,0.0,0.0
3,policy1,0.02685546875,2.0,1.0,0.0,0.0,4.0,6.2,7.0,0.8857142857142858,2.0,1.811320754716981,0.0
3,policy1,0.021484375,6.0,6.0,1.0,1.0,3.0,7.0,9.0,0.7777777777777778,0.975,1.3448275862068966,0.0
3,policy1,0.076171875,4.0,3.0,0.0,1.0,0.0,0.0,0.0,0.0,0.0,0.0,0.0
3,policy1,0.0732421875,3.0,2.0,0.0,1.0,2.0,5.0,3.0,1.6666666666666667,2.9,1.4683544303797467,0.0
3,policy1,0.0009765625,2.0,1.0,0.0,0.0,4.0,6.999999999999999,5.0,1.4,1.95,1.5445544554455446,0.0
3,policy1,0.02880859375,3.0,2.0,0.0,1.0,4.0,9.8,9.0,1.088888888888889,2.7,1.6047548291233287,0.0
3,policy1,0.0625,4.0,3.0,0.0,2.0,2.0,0.8,8.0,0.1,0.13333333333333333,1.25,0.0
3,minorminer,0.0,1.0,0.0,0.0,0.0,2.0,0.8,2.0,0.4,0.4,1.0,0.0
3,minorminer,0.0,1.0,0.0,0.0,0.0,4.0,9.0,5.0,1.8,3.5,1.686746987951807,0.0
3,minorminer,0.0,1.0,0.0,0.0,0.0,2.0,4.0,2.0,2.0,2.0,1.0,0.0
3,minorminer,0.0,1.0,0.0,0.0,0.0,2.0,5.8,2.0,2.9,2.9,1.0,0.0
3,minorminer,0.0,1.0,0.0,0.0,0.0,5.0,11.2,5.0,2.2399999999999998,3.3,1.4732142857142858,0.0
3,minorminer,0.0,1.0,0.0,0.0,0.0,2.0,3.5999999999999996,2.0,1.7999999999999998,1.7999999999999998,1.0,0.0
3,minorminer,0.0,1.0,0.0,0.0,0.0,0.0,0.0,0.0,0.0,0.0,0.0,0.0
3,minorminer,0.0,1.0,0.0,0.0,0.0,3.0,2.4000000000000004,3.0,0.8000000000000002,1.2000000000000002,1.5,0.0
3,minorminer,0.0,1.0,0.0,0.0,0.0,0.0,0.0,0.0,0.0,0.0,0.0,0.0
3,minorminer,0.0,1.0,0.0,0.0,0.0,2.0,2.0,2.0,1.0,1.0,1.0,0.0
3,minorminer,0.0,1.0,0.0,0.0,0.0,3.0,5.0,3.0,1.6666666666666667,2.9,1.7399999999999998,0.0
3,minorminer,0.0,1.0,0.0,0.0,0.0,2.0,1.9999999999999998,2.0,0.9999999999999999,1.7999999999999998,1.8,0.0
3,minorminer,0.0,1.0,0.0,0.0,0.0,0.0,0.0,0.0,0.0,0.0,0.0,0.0
3,minorminer,0.0,1.0,0.0,0.0,0.0,2.0,0.8,2.0,0.4,0.4,1.0,0.0
3,minorminer,0.0,1.0,0.0,0.0,0.0,4.0,8.2,4.0,2.05,3.0999999999999996,1.5121951219512195,0.0
3,minorminer,0.1298828125,2.0,1.0,0.0,0.0,3.0,4.0,3.0,1.3333333333333333,2.0,1.5,0.0
3,minorminer,0.0,1.0,0.0,0.0,0.0,2.0,0.8,2.0,0.4,0.4,1.0,0.0
3,minorminer,0.0,1.0,0.0,0.0,0.0,6.0,17.8,6.0,2.966666666666667,3.9,1.3146067415730336,0.0
3,minorminer,0.0,1.0,0.0,0.0,0.0,3.0,3.5999999999999996,3.0,1.2,1.7999999999999998,1.5,0.0
3,minorminer,0.0,1.0,0.0,0.0,0.0,0.0,0.0,0.0,0.0,0.0,0.0,0.0
3,minorminer,0.0,1.0,0.0,0.0,0.0,0.0,0.0,0.0,0.0,0.0,0.0,0.0
3,minorminer,0.01953125,2.0,1.0,0.0,0.0,4.0,6.2,4.0,1.55,2.1,1.3548387096774195,0.0
3,minorminer,0.0,1.0,0.0,0.0,0.0,3.0,7.0,3.0,2.3333333333333335,3.9,1.6714285714285713,0.0
3,minorminer,0.0,1.0,0.0,0.0,0.0,0.0,0.0,0.0,0.0,0.0,0.0,0.0
3,minorminer,0.0,1.0,0.0,0.0,0.0,2.0,5.0,2.0,2.5,2.9,1.16,0.0
3,minorminer,0.0,1.0,0.0,0.0,0.0,4.0,6.999999999999999,4.0,1.7499999999999998,3.9,2.2285714285714286,0.0
3,minorminer,0.1181640625,2.0,1.0,0.0,0.0,4.0,9.8,5.0,1.9600000000000002,3.9,1.7142857142857144,0.0
3,minorminer,0.0,1.0,0.0,0.0,0.0,2.0,0.8,2.0,0.4,0.4,1.0,0.0
4,policy0,0.017578125,2.0,1.0,0.0,0.0,2.0,5.0,4.0,1.25,2.5,1.5,0.0
4,policy0,0.0,1.0,0.0,0.0,0.0,0.0,0.0,0.0,0.0,0.0,0.0,0.0
4,policy0,0.005859375,2.0,1.0,0.0,0.0,3.0,7.0,6.0,1.1666666666666667,1.75,1.4651162790697674,0.0
4,policy0,0.005859375,4.0,4.0,1.0,0.0,2.0,0.8,8.0,0.1,0.4,1.75,0.0
4,policy0,0.0,1.0,0.0,0.0,0.0,5.0,9.8,7.0,1.4000000000000001,3.9,2.199248120300752,0.0
4,policy0,0.0,1.0,0.0,0.0,0.0,0.0,0.0,0.0,0.0,0.0,0.0,0.0
4,policy0,0.17529296875,3.0,2.0,0.0,1.0,4.0,10.0,5.0,2.0,3.5,1.696969696969697,0.0
4,policy0,0.025390625,3.0,2.0,0.0,1.0,4.0,7.6,7.0,1.0857142857142856,1.5999999999999999,1.5483870967741935,0.0
4,policy0,0.0,1.0,0.0,0.0,0.0,2.0,2.0,2.0,1.0,1.0,1.0,0.0
4,policy0,0.0322265625,4.0,3.0,0.0,2.0,5.0,7.8,12.0,0.65,3.5,3.2110091743119265,0.0
4,policy0,0.052734375,3.0,2.0,0.0,1.0,2.0,2.0,3.0,0.6666666666666666,1.0,1.3333333333333333,0.0
4,policy0,0.0,1.0,0.0,0.0,0.0,0.0,0.0,0.0,0.0,0.0,0.0,0.0
4,policy0,0.06884765625,6.0,5.0,0.0,3.0,4.0,7.800000000000001,8.0,0.9750000000000001,3.5,2.8,0.0
4,policy0,0.146484375,4.0,3.0,0.0,2.0,2.0,7.0,2.0,3.5,3.5,1.0,0.0
4,policy0,0.02001953125,3.0,2.0,0.0,1.0,2.0,3.5999999999999996,4.0,0.8999999999999999,0.9333333333333332,1.0769230769230769,0.0
4,policy0,0.08154296875,4.0,3.0,0.0,2.0,4.0,9.8,9.0,1.088888888888889,3.5,1.8142548596112311,0.0
4,policy0,0.0,1.0,0.0,0.0,0.0,5.0,7.3999999999999995,5.0,1.48,2.1999999999999997,1.4864864864864864,0.0
4,policy0,0.09765625,5.0,4.0,0.0,2.0,3.0,5.6,3.0,1.8666666666666665,3.1999999999999997,1.7142857142857144,0.0
4,policy0,0.0,1.0,0.0,0.0,0.0,3.0,7.0,3.0,2.3333333333333335,3.5,1.5,0.0
4,policy0,0.09326171875,2.0,1.0,0.0,0.0,2.0,2.8,2.0,1.4,1.4,1.0,0.0
4,policy0,0.43115234375,9.0,8.0,0.0,5.0,2.0,5.0,3.0,1.6666666666666667,3.5,1.6470588235294117,0.0
4,policy0,0.0,1.0,0.0,0.0,0.0,0.0,0.0,0.0,0.0,0.0,0.0,0.0
4,policy0,0.11962890625,4.0,3.0,0.0,1.0,5.0,7.800000000000001,5.0,1.56,3.5,2.2435897435897436,0.0
4,policy0,0.0185546875,2.0,1.0,0.0,0.0,3.0,2.0,6.0,0.3333333333333333,0.5,1.3636363636363635,0.0
4,policy0,0.341796875,6.0,5.0,0.0,3.0,4.0,9.8,5.0,1.9600000000000002,3.9,1.9378881987577639,0.0
4,policy0,0.0,1.0,0.0,0.0,0.0,0.0,0.0,0.0,0.0,0.0,0.0,0.0
4,policy0,0.0,1.0,0.0,0.0,0.0,4.0,5.6,4.0,1.4,2.0,1.4285714285714286,0.0
4,policy0,0.05029296875,6.0,5.0,0.0,3.0,3.0,8.399999999999999,4.0,2.0999999999999996,3.1999999999999997,1.4117647058823528,0.0
4,policy0,0.9404296875,4.0,3.0,0.0,2.0,3.0,7.800000000000001,5.0,1.56,3.9,1.5530973451327434,0.0
4,policy0,0.07177734375,3.0,2.0,0.0,1.0,6.0,12.6,8.0,1.575,3.9,2.005714285714286,0.0
4,policy0,0.3447265625,2.0,1.0,0.0,0.0,5.0,12.0,5.0,2.4,3.5,1.4583333333333335,0.0
4,policy0,0.13037109375,6.0,5.0,0.0,3.0,2.0,5.0,4.0,1.25,1.75,1.4,0.0
4,policy0,0.2412109375,11.0,10.0,0.0,7.0,5.0,10.6,17.0,0.6235294117647059,2.5,2.041213063763608,0.0
4,policy0,0.005859375,3.0,3.0,1.0,0.0,4.0,7.0,8.0,0.875,3.5,2.6582278481012658,0.0
4,policy1,0.0673828125,3.0,2.0,0.0,1.0,2.0,5.0,3.0,1.6666666666666667,2.5,1.3333333333333333,0.0
4,policy1,0.0,1.0,0.0,0.0,0.0,0.0,0.0,0.0,0.0,0.0,0.0,0.0
4,policy1,0.10498046875,5.0,4.0,0.0,2.0,3.0,7.0,5.0,1.4,1.75,1.3125,0.0
4,policy1,0.10205078125,5.0,4.0,0.0,2.0,2.0,0.8,8.0,0.1,0.13333333333333333,1.25,0.0
4,policy1,0.23974609375,3.0,2.0,0.0,1.0,5.0,9.8,8.0,1.225,3.9,2.6530612244897958,0.0
4,policy1,0.02734375,2.0,1.0,0.0,0.0,0.0,0.0,0.0,0.0,0.0,0.0,0.0
4,policy1,0.01123046875,4.0,3.0,0.0,2.0,4.0,10.0,8.0,1.25,3.5,2.1,0.0
4,policy1,0.0,1.0,0.0,0.0,0.0,4.0,7.6,4.0,1.9,3.1999999999999997,1.6842105263157894,0.0
4,policy1,0.0390625,3.0,2.0,0.0,1.0,2.0,2.0,2.0,1.0,1.0,1.0,0.0
4,policy1,0.04736328125,4.0,3.0,0.0,2.0,5.0,7.8,12.0,0.65,3.5,3.017241379310345,0.0
4,policy1,0.025390625,2.0,1.0,0.0,0.0,2.0,2.0,4.0,0.5,1.0,1.5,0.0
4,policy1,0.02685546875,2.0,1.0,0.0,0.0,0.0,0.0,0.0,0.0,0.0,0.0,0.0
4,policy1,0.0048828125,4.0,3.0,0.0,2.0,4.0,7.800000000000001,14.0,0.5571428571428572,1.1666666666666667,1.794871794871795,0.0
4,policy1,0.05712890625,3.0,2.0,0.0,1.0,2.0,7.0,2.0,3.5,3.5,1.0,0.0
4,policy1,0.0,1.0,0.0,0.0,0.0,2.0,3.5999999999999996,2.0,1.7999999999999998,2.8,1.5555555555555556,0.0
4,policy1,0.00244140625,2.0,1.0,0.0,0.0,4.0,9.8,10.0,0.9800000000000001,1.1666666666666667,1.1965811965811965,0.0
4,policy1,0.00537109375,5.0,5.0,1.0,0.0,5.0,7.3999999999999995,8.0,0.9249999999999999,2.1,2.019230769230769,0.0
4,policy1,0.02685546875,3.0,2.0,0.0,1.0,3.0,5.6,4.0,1.4,3.1999999999999997,2.042553191489362,0.0
4,policy1,0.0,1.0,0.0,0.0,0.0,3.0,7.0,4.0,1.75,3.5,1.826086956521739,0.0
4,policy1,0.13232421875,5.0,4.0,0.0,2.0,2.0,2.8,4.0,0.7,1.4,1.5,0.0
4,policy1,0.0,1.0,0.0,0.0,0.0,2.0,5.0,2.0,2.5,3.5,1.4,0.0
4,policy1,0.0,1.0,0.0,0.0,0.0,0.0,0.0,0.0,0.0,0.0,0.0,0.0
4,policy1,0.109375,3.0,2.0,0.0,1.0,5.0,7.800000000000001,13.0,0.6000000000000001,1.1666666666666667,1.7857142857142858,0.0
4,policy1,0.03076171875,3.0,2.0,0.0,1.0,3.0,2.0,13.0,0.15384615384615385,0.3333333333333333,1.8749999999999998,0.0
4,policy1,0.0,1.0,0.0,0.0,0.0,4.0,9.8,5.0,1.9600000000000002,3.9,1.9378881987577639,0.0
4,policy1,0.0,1.0,0.0,0.0,0.0,0.0,0.0,0.0,0.0,0.0,0.0,0.0
4,policy1,0.00732421875,2.0,1.0,0.0,0.0,4.0,5.6,6.0,0.9333333333333332,2.0,1.9047619047619047,0.0
4,policy1,0.05078125,3.0,2.0,0.0,1.0,3.0,8.399999999999999,3.0,2.7999999999999994,3.1999999999999997,1.142857142857143,0.0
4,policy1,0.0537109375,3.0,2.0,0.0,1.0,3.0,7.800000000000001,3.0,2.6,3.9,1.5,0.0
4,policy1,0.06103515625,5.0,4.0,0.0,3.0,6.0,12.6,17.0,0.7411764705882353,3.9,3.205479452054795,0.0
4,policy1,0.359375,2.0,1.0,0.0,0.0,5.0,12.0,10.0,1.2,3.5,1.5000000000000002,0.0
4,policy1,0.302734375,4.0,3.0,0.0,1.0,2.0,5.0,3.0,1.6666666666666667,1.75,1.0769230769230769,0.0
4,policy1,0.0234375,5.0,4.0,0.0,3.0,5.0,10.6,14.0,0.7571428571428571,1.25,1.506024096385542,0.0
4,policy1,0.30908203125,8.0,8.0,1.0,4.0,4.0,7.0,11.0,0.6363636363636364,3.5,2.7888446215139444,0.0
4,minorminer,0.0,1.0,0.0,0.0,0.0,2.0,5.0,2.0,2.5,2.5,1.0,0.0
4,minorminer,0.0,1.0,0.0,0.0,0.0,0.0,0.0,0.0,0.0,0.0,0.0,0.0
4,minorminer,0.0,1.0,0.0,0.0,0.0,3.0,7.0,3.0,2.3333333333333335,3.5,1.5,0.0
4,minorminer,0.02783203125,2.0,1.0,0.0,0.0,2.0,0.8,2.0,0.4,0.4,1.0,0.0
4,minorminer,0.0,1.0,0.0,0.0,0.0,5.0,9.8,5.0,1.9600000000000002,3.9,1.9897959183673466,0.0
4,minorminer,0.0,1.0,0.0,0.0,0.0,0.0,0.0,0.0,0.0,0.0,0.0,0.0
4,minorminer,0.00537109375,2.0,1.0,0.0,0.0,4.0,10.0,4.0,2.5,3.5,1.4,0.0
4,minorminer,0.0,1.0,0.0,0.0,0.0,4.0,7.6,4.0,1.9,3.1999999999999997,1.6842105263157894,0.0
4,minorminer,0.0,1.0,0.0,0.0,0.0,2.0,2.0,2.0,1.0,1.0,1.0,0.0
4,minorminer,0.0,1.0,0.0,0.0,0.0,5.0,7.8,6.0,1.3,3.5,2.6717557251908395,0.0
4,minorminer,0.0,1.0,0.0,0.0,0.0,2.0,2.0,2.0,1.0,1.0,1.0,0.0
4,minorminer,0.0,1.0,0.0,0.0,0.0,0.0,0.0,0.0,0.0,0.0,0.0,0.0
4,minorminer,0.01025390625,2.0,1.0,0.0,0.0,4.0,7.800000000000001,6.0,1.3,3.5,1.8584070796460177,0.0
4,minorminer,0.0,1.0,0.0,0.0,0.0,2.0,7.0,2.0,3.5,3.5,1.0,0.0
4,minorminer,0.0,1.0,0.0,0.0,0.0,2.0,3.5999999999999996,2.0,1.7999999999999998,2.8,1.5555555555555556,0.0
4,minorminer,0.0,2.0,1.0,0.0,0.0,4.0,9.8,5.0,1.9600000000000002,3.5,1.6374269005847952,0.0
4,minorminer,0.00537109375,2.0,1.0,0.0,0.0,5.0,7.3999999999999995,9.0,0.8222222222222222,2.1999999999999997,1.952662721893491,0.0
4,minorminer,0.0,1.0,0.0,0.0,0.0,3.0,5.6,3.0,1.8666666666666665,3.1999999999999997,1.7142857142857144,0.0
4,minorminer,0.0,1.0,0.0,0.0,0.0,3.0,7.0,3.0,2.3333333333333335,3.5,1.5,0.0
4,minorminer,0.0,1.0,0.0,0.0,0.0,2.0,2.8,2.0,1.4,1.4,1.0,0.0
4,minorminer,0.0,1.0,0.0,0.0,0.0,2.0,5.0,2.0,2.5,3.5,1.4,0.0
4,minorminer,0.0,1.0,0.0,0.0,0.0,0.0,0.0,0.0,0.0,0.0,0.0,0.0
4,minorminer,0.14453125,2.0,1.0,0.0,0.0,5.0,7.800000000000001,6.0,1.3,3.5,2.4647887323943665,0.0
4,minorminer,0.0,1.0,0.0,0.0,0.0,3.0,2.0,3.0,0.6666666666666666,1.0,1.5,0.0
4,minorminer,0.0,1.0,0.0,0.0,0.0,4.0,9.8,4.0,2.45,3.9,1.5918367346938773,0.0
4,minorminer,0.0,1.0,0.0,0.0,0.0,0.0,0.0,0.0,0.0,0.0,0.0,0.0
4,minorminer,0.0,1.0,0.0,0.0,0.0,4.0,5.6,4.0,1.4,2.0,1.4285714285714286,0.0
4,minorminer,0.0,1.0,0.0,0.0,0.0,3.0,8.399999999999999,3.0,2.7999999999999994,3.1999999999999997,1.142857142857143,0.0
4,minorminer,0.0,1.0,0.0,0.0,0.0,3.0,7.800000000000001,3.0,2.6,3.9,1.5,0.0
4,minorminer,0.0,1.0,0.0,0.0,0.0,6.0,12.6,7.0,1.8,3.9,1.9663865546218486,0.0
4,minorminer,0.07470703125,2.0,1.0,0.0,0.0,5.0,12.0,6.0,2.0,3.5,1.5981735159817352,0.0
4,minorminer,0.0,1.0,0.0,0.0,0.0,2.0,5.0,2.0,2.5,3.5,1.4,0.0
4,minorminer,0.00048828125,2.0,1.0,0.0,0.0,5.0,10.6,7.0,1.5142857142857142,3.5,1.8884892086330938,0.0
4,minorminer,0.06201171875,2.0,1.0,0.0,0.0,4.0,7.0,7.0,1.0,3.5,2.6837060702875397,0.0
5,policy0,0.1298828125,4.0,3.0,0.0,2.0,5.0,8.6,15.0,0.5733333333333334,2.5,2.438457965629355,0.0
5,policy0,0.1611328125,3.0,2.0,0.0,1.0,4.0,7.800000000000001,6.0,1.3,3.4,1.8888888888888888,0.0
5,policy0,0.1044921875,4.0,3.0,0.0,2.0,2.0,2.8,3.0,0.9333333333333332,1.4,1.3333333333333335,0.0
5,policy0,0.0,1.0,0.0,0.0,0.0,2.0,4.0,2.0,2.0,2.0,1.0,0.0
5,policy0,0.23193359375,5.0,4.0,0.0,2.0,4.0,7.800000000000001,8.0,0.9750000000000001,1.45,1.5196506550218338,0.0
5,policy0,0.0,1.0,0.0,0.0,0.0,1.0,2.0,1.0,2.0,2.0,1.0,0.0
5,policy0,0.0,1.0,0.0,0.0,0.0,2.0,7.0,4.0,1.75,3.5,1.5,0.0
5,policy0,0.00439453125,3.0,2.0,0.0,1.0,7.0,8.600000000000001,14.0,0.6142857142857144,1.6,2.317241379310345,0.0
5,policy0,0.0,1.0,0.0,0.0,0.0,2.0,5.0,3.0,1.6666666666666667,2.5,1.3333333333333333,0.0
5,policy0,0.1884765625,11.0,12.0,2.0,3.0,5.0,9.0,15.0,0.6,2.0,2.2099447513812156,0.0
5,policy0,0.0068359375,4.0,4.0,1.0,1.0,4.0,8.399999999999999,7.0,1.1999999999999997,3.8,2.666666666666667,0.0
5,policy0,0.0,1.0,0.0,0.0,0.0,3.0,7.6,5.0,1.52,3.8,1.5545454545454547,0.0
5,policy0,0.08935546875,4.0,3.0,0.0,2.0,6.0,7.0,20.0,0.35,0.5,1.2115384615384615,0.0
5,policy0,0.09765625,4.0,3.0,0.0,2.0,2.0,1.2,6.0,0.19999999999999998,0.3,1.3333333333333335,0.0
5,policy0,0.2822265625,5.0,4.0,0.0,2.0,5.0,11.6,10.0,1.16,1.65,1.3199999999999998,0.0
5,policy0,0.0,1.0,0.0,0.0,0.0,2.0,2.0,2.0,1.0,1.6,1.6,0.0
5,policy0,0.212890625,3.0,2.0,0.0,1.0,3.0,4.2,5.0,0.8400000000000001,3.1,2.364406779661017,0.0
5,policy0,0.06982421875,3.0,2.0,0.0,1.0,0.0,0.0,0.0,0.0,0.0,0.0,0.0
5,policy0,0.0068359375,3.0,3.0,1.0,0.0,2.0,5.0,5.0,1.0,3.5,1.8064516129032258,0.0
5,policy0,0.072265625,3.0,2.0,0.0,1.0,5.0,7.800000000000001,10.0,0.78,1.55,1.9214876033057853,0.0
5,policy0,0.05078125,3.0,2.0,0.0,1.0,3.0,2.0,8.0,0.25,0.3999999999999999,1.3584905660377358,0.0
5,policy0,0.03515625,2.0,1.0,0.0,0.0,2.0,0.8,4.0,0.2,0.4,1.5,0.0
5,policy0,0.13134765625,5.0,4.0,0.0,2.0,2.0,0.8,6.0,0.13333333333333333,0.2,1.3333333333333333,0.0
5,policy0,0.01708984375,3.0,2.0,0.0,1.0,5.0,7.800000000000001,11.0,0.7090909090909091,1.45,1.883116883116883,0.0
5,policy1,0.13916015625,6.0,5.0,0.0,2.0,5.0,8.6,6.0,1.4333333333333333,3.3,2.037037037037037,0.0
5,policy1,0.03076171875,2.0,1.0,0.0,0.0,4.0,7.800000000000001,6.0,1.3,3.4,1.8053097345132743,0.0
5,policy1,0.11865234375,3.0,2.0,0.0,1.0,2.0,2.8,3.0,0.9333333333333332,1.4,1.3333333333333335,0.0
5,policy1,0.02685546875,2.0,1.0,0.0,0.0,2.0,4.0,3.0,1.3333333333333333,2.0,1.3333333333333333,0.0
5,policy1,0.021484375,2.0,1.0,0.0,0.0,4.0,7.800000000000001,6.0,1.3,2.9,1.982905982905983,0.0
5,policy1,0.0,1.0,0.0,0.0,0.0,1.0,2.0,1.0,2.0,2.0,1.0,0.0
5,policy1,0.0087890625,2.0,1.0,0.0,0.0,2.0,7.0,3.0,2.3333333333333335,3.5,1.3333333333333333,0.0
5,policy1,0.0,1.0,0.0,0.0,0.0,7.0,8.600000000000001,7.0,1.2285714285714289,3.5999999999999996,2.9302325581395348,0.0
5,policy1,0.0,1.0,0.0,0.0,0.0,2.0,5.0,2.0,2.5,2.5,1.0,0.0
5,policy1,0.05322265625,3.0,2.0,0.0,1.0,5.0,9.0,10.0,0.9,3.1,2.7113702623906706,0.0
5,policy1,0.0341796875,2.0,1.0,0.0,0.0,4.0,8.399999999999999,4.0,2.0999999999999996,3.8,1.8095238095238098,0.0
5,policy1,0.32861328125,6.0,5.0,0.0,3.0,3.0,7.6,3.0,2.533333333333333,3.8,1.5,0.0
5,policy1,0.16796875,2.0,1.0,0.0,0.0,6.0,7.0,7.0,1.0,1.5,1.3846153846153848,0.0
5,policy1,0.1474609375,5.0,4.0,0.0,2.0,2.0,1.2,4.0,0.3,0.6,1.5,0.0
5,policy1,0.0,1.0,0.0,0.0,0.0,5.0,11.6,6.0,1.9333333333333333,3.3,1.513761467889908,0.0
5,policy1,0.01513671875,2.0,1.0,0.0,0.0,2.0,2.0,2.0,1.0,1.6,1.6,0.0
5,policy1,0.31884765625,4.0,3.0,0.0,2.0,3.0,4.2,5.0,0.8400000000000001,3.1,2.364406779661017,0.0
5,policy1,0.0,1.0,0.0,0.0,0.0,0.0,0.0,0.0,0.0,0.0,0.0,0.0
5,policy1,0.0,1.0,0.0,0.0,0.0,2.0,5.0,3.0,1.6666666666666667,3.5,1.6470588235294117,0.0
5,policy1,0.59716796875,6.0,5.0,0.0,4.0,5.0,7.800000000000001,5.0,1.56,3.1,1.9871794871794872,0.0
5,policy1,0.02734375,2.0,1.0,0.0,0.0,3.0,2.0,7.0,0.2857142857142857,1.0,2.25,0.0
5,policy1,0.0341796875,2.0,1.0,0.0,0.0,2.0,0.8,4.0,0.2,0.4,1.5,0.0
5,policy1,0.01953125,3.0,3.0,1.0,0.0,2.0,0.8,4.0,0.2,0.2,1.0,0.0
5,policy1,0.0,1.0,0.0,0.0,0.0,5.0,7.800000000000001,7.0,1.1142857142857143,2.9,2.242268041237113,0.0
5,minorminer,0.54833984375,2.0,1.0,0.0,0.0,5.0,8.6,6.0,1.4333333333333333,3.3,2.2448979591836733,0.0
5,minorminer,0.0,1.0,0.0,0.0,0.0,4.0,7.800000000000001,4.0,1.9500000000000002,3.4,1.7435897435897436,0.0
5,minorminer,0.0,1.0,0.0,0.0,0.0,2.0,2.8,2.0,1.4,1.4,1.0,0.0
5,minorminer,0.0,1.0,0.0,0.0,0.0,2.0,4.0,2.0,2.0,2.0,1.0,0.0
5,minorminer,0.0,1.0,0.0,0.0,0.0,4.0,7.800000000000001,4.0,1.9500000000000002,3.5,1.794871794871795,0.0
5,minorminer,0.0,1.0,0.0,0.0,0.0,1.0,2.0,1.0,2.0,2.0,1.0,0.0
5,minorminer,0.0,1.0,0.0,0.0,0.0,2.0,7.0,2.0,3.5,3.5,1.0,0.0
5,minorminer,0.0,1.0,0.0,0.0,0.0,7.0,8.600000000000001,7.0,1.2285714285714289,3.5999999999999996,2.9302325581395348,0.0
5,minorminer,0.0,1.0,0.0,0.0,0.0,2.0,5.0,3.0,1.6666666666666667,2.5,1.3333333333333333,0.0
5,minorminer,0.0,1.0,0.0,0.0,0.0,5.0,9.0,5.0,1.8,3.1,1.7222222222222223,0.0
5,minorminer,0.00048828125,2.0,1.0,0.0,0.0,4.0,8.399999999999999,5.0,1.6799999999999997,3.5999999999999996,2.2153846153846155,0.0
5,minorminer,0.0,1.0,0.0,0.0,0.0,3.0,7.6,4.0,1.9,3.4,1.789473684210526,0.0
5,minorminer,0.0517578125,2.0,1.0,0.0,0.0,6.0,7.0,6.0,1.1666666666666667,1.5,1.2857142857142856,0.0
5,minorminer,0.0,1.0,0.0,0.0,0.0,2.0,1.2,2.0,0.6,0.6,1.0,0.0
5,minorminer,0.0,1.0,0.0,0.0,0.0,5.0,11.6,5.0,2.32,3.3,1.4224137931034484,0.0
5,minorminer,0.0,1.0,0.0,0.0,0.0,2.0,2.0,2.0,1.0,1.6,1.6,0.0
5,minorminer,0.0,1.0,0.0,0.0,0.0,3.0,4.2,3.0,1.4000000000000001,3.1,2.214285714285714,0.0
5,minorminer,0.0,1.0,0.0,0.0,0.0,0.0,0.0,0.0,0.0,0.0,0.0,0.0
5,minorminer,0.0,1.0,0.0,0.0,0.0,2.0,5.0,2.0,2.5,3.5,1.4,0.0
5,minorminer,0.01904296875,2.0,1.0,0.0,0.0,5.0,7.800000000000001,6.0,1.3,3.1,2.0394736842105265,0.0
5,minorminer,0.0,1.0,0.0,0.0,0.0,3.0,2.0,3.0,0.6666666666666666,1.0,1.5,0.0
5,minorminer,0.0,1.0,0.0,0.0,0.0,2.0,0.8,2.0,0.4,0.4,1.0,0.0
5,minorminer,0.0,1.0,0.0,0.0,0.0,2.0,0.8,2.0,0.4,0.4,1.0,0.0
5,minorminer,0.0,1.0,0.0,0.0,0.0,5.0,7.800000000000001,6.0,1.3,2.9,1.907894736842105,0.0
6,policy0,0.17529296875,7.0,7.0,1.0,2.0,6.0,12.0,18.0,0.6666666666666666,3.5,2.578947368421053,0.0
6,policy0,0.0,1.0,0.0,0.0,0.0,3.0,6.6,5.0,1.3199999999999998,2.9,1.831578947368421,0.0
6,policy0,0.0,1.0,0.0,0.0,0.0,4.0,7.800000000000001,6.0,1.3,3.9,2.1971830985915495,0.0
6,policy0,0.00634765625,4.0,3.0,0.0,2.0,9.0,19.399999999999995,34.0,0.5705882352941175,2.5,2.771586109807602,0.0
6,policy0,0.2314453125,3.0,2.0,0.0,1.0,8.0,15.8,19.0,0.8315789473684211,3.9,2.92271662763466,0.0
6,policy0,0.16552734375,4.0,3.0,0.0,2.0,2.0,5.8,5.0,1.16,1.65,1.3288590604026844,0.0
6,policy0,0.0107421875,2.0,1.0,0.0,0.0,3.0,2.0,12.0,0.16666666666666666,0.2,1.188679245283019,0.0
6,policy0,0.0,1.0,0.0,0.0,0.0,2.0,2.8,2.0,1.4,1.4,1.0,0.0
6,policy0,0.02197265625,4.0,3.0,0.0,2.0,3.0,4.8,8.0,0.6,0.78,1.5810810810810811,0.0
6,policy0,0.0,1.0,0.0,0.0,0.0,4.0,4.8,5.0,0.96,1.9,1.7674418604651163,0.0
6,policy0,0.05810546875,2.0,1.0,0.0,0.0,2.0,5.0,4.0,1.25,2.5,1.5,0.0
6,policy0,0.11767578125,6.0,5.0,0.0,3.0,3.0,5.8,9.0,0.6444444444444444,2.9,2.4739336492890995,0.0
6,policy0,0.26025390625,4.0,3.0,0.0,2.0,4.0,7.800000000000001,9.0,0.8666666666666667,3.9,2.906832298136646,0.0
6,policy0,0.1533203125,7.0,6.0,0.0,4.0,4.0,3.5999999999999996,14.0,0.2571428571428571,1.4,3.0,0.0
6,policy0,0.234375,3.0,2.0,0.0,1.0,3.0,5.0,6.0,0.8333333333333334,1.0,1.161290322580645,0.0
6,policy0,0.06884765625,4.0,4.0,1.0,1.0,5.0,12.0,16.0,0.75,3.5,2.7450980392156863,0.0
6,policy0,0.01611328125,2.0,1.0,0.0,0.0,2.0,5.0,5.0,1.0,1.25,1.2,0.0
6,policy0,0.15576171875,4.0,3.0,0.0,1.0,5.0,7.800000000000001,15.0,0.52,1.4,2.1538461538461537,0.0
6,policy0,0.0,1.0,0.0,0.0,0.0,2.0,0.8,3.0,0.26666666666666666,0.4,1.3333333333333333,0.0
6,policy0,0.03271484375,2.0,1.0,0.0,0.0,0.0,0.0,0.0,0.0,0.0,0.0,0.0
6,policy0,0.02685546875,2.0,1.0,0.0,0.0,2.0,7.0,3.0,2.3333333333333335,3.9,1.4311926605504586,0.0
6,policy0,0.04296875,3.0,2.0,0.0,1.0,3.0,7.8,5.0,1.56,3.9,1.907608695652174,0.0
6,policy0,0.33056640625,3.0,2.0,0.0,1.0,3.0,5.8,3.0,1.9333333333333333,3.9,2.0172413793103448,0.0
6,policy0,0.052734375,3.0,2.0,0.0,1.0,2.0,0.8,3.0,0.26666666666666666,0.4,1.3333333333333333,0.0
6,policy0,0.04931640625,3.0,2.0,0.0,1.0,2.0,0.8,5.0,0.16,0.2,1.2,0.0
6,policy1,0.0,1.0,0.0,0.0,0.0,6.0,12.0,9.0,1.3333333333333333,3.5,2.1686746987951806,0.0
6,policy1,0.0537109375,3.0,2.0,0.0,1.0,3.0,6.6,4.0,1.65,3.3,1.9223300970873787,0.0
6,policy1,0.0244140625,2.0,1.0,0.0,0.0,4.0,7.800000000000001,6.0,1.3,3.9,2.1971830985915495,0.0
6,policy1,0.0390625,11.0,13.0,3.0,2.0,9.0,19.399999999999995,35.0,0.5542857142857142,3.1,2.5111569473092072,0.0
6,policy1,0.072265625,2.0,1.0,0.0,0.0,8.0,15.8,10.0,1.58,3.9,2.2206405693950177,0.0
6,policy1,0.24951171875,3.0,2.0,0.0,1.0,2.0,5.8,2.0,2.9,3.3,1.1379310344827587,0.0
6,policy1,0.03271484375,3.0,2.0,0.0,1.0,3.0,2.0,6.0,0.3333333333333333,1.2,2.347826086956522,0.0
6,policy1,0.0068359375,2.0,1.0,0.0,0.0,2.0,2.8,6.0,0.4666666666666666,0.7,1.3333333333333335,0.0
6,policy1,0.02783203125,6.0,5.0,0.0,2.0,3.0,4.8,25.0,0.192,0.24375,1.4194107452339686,0.0
6,policy1,0.01611328125,5.0,4.0,0.0,2.0,4.0,4.8,17.0,0.2823529411764706,1.0,2.1566110397946088,0.0
6,policy1,0.0,1.0,0.0,0.0,0.0,2.0,5.0,2.0,2.5,2.5,1.0,0.0
6,policy1,0.02294921875,2.0,1.0,0.0,0.0,3.0,5.8,5.0,1.16,2.5,1.8072289156626504,0.0
6,policy1,0.0,1.0,0.0,0.0,0.0,4.0,7.800000000000001,4.0,1.9500000000000002,3.9,2.0,0.0
6,policy1,0.01123046875,3.0,2.0,0.0,1.0,4.0,3.5999999999999996,9.0,0.39999999999999997,0.4666666666666666,1.2173913043478262,0.0
6,policy1,0.107421875,3.0,2.0,0.0,1.0,3.0,5.0,7.0,0.7142857142857143,1.5,1.6875,0.0
6,policy1,0.5546875,5.0,4.0,0.0,3.0,5.0,12.0,10.0,1.2,3.5,2.142857142857143,0.0
6,policy1,0.0,1.0,0.0,0.0,0.0,2.0,5.0,2.0,2.5,2.5,1.0,0.0
6,policy1,0.07177734375,4.0,3.0,0.0,1.0,5.0,7.800000000000001,11.0,0.7090909090909091,1.25,1.7942583732057416,0.0
6,policy1,0.0,1.0,0.0,0.0,0.0,2.0,0.8,2.0,0.4,0.4,1.0,0.0
6,policy1,0.033203125,2.0,1.0,0.0,0.0,0.0,0.0,0.0,0.0,0.0,0.0,0.0
6,policy1,0.0,1.0,0.0,0.0,0.0,2.0,7.0,2.0,3.5,3.9,1.1142857142857143,0.0
6,policy1,0.02001953125,2.0,1.0,0.0,0.0,3.0,7.8,6.0,1.3,3.9,1.7333333333333334,0.0
6,policy1,0.255859375,2.0,1.0,0.0,0.0,3.0,5.8,3.0,1.9333333333333333,3.9,2.0172413793103448,0.0
6,policy1,0.0,1.0,0.0,0.0,0.0,2.0,0.8,2.0,0.4,0.4,1.0,0.0
6,policy1,0.0,1.0,0.0,0.0,0.0,2.0,0.8,3.0,0.26666666666666666,0.4,1.3333333333333333,0.0
6,minorminer,0.5283203125,2.0,1.0,0.0,0.0,6.0,12.0,7.0,1.7142857142857142,3.5,1.8421052631578947,0.0
6,minorminer,0.0,1.0,0.0,0.0,0.0,3.0,6.6,3.0,2.1999999999999997,3.3,1.5,0.0
6,minorminer,0.1279296875,2.0,1.0,0.0,0.0,4.0,7.800000000000001,5.0,1.56,3.9,2.136986301369863,0.0
6,minorminer,0.0,1.0,0.0,0.0,0.0,9.0,19.399999999999995,9.0,2.155555555555555,3.9,1.809278350515464,0.0
6,minorminer,0.0,1.0,0.0,0.0,0.0,8.0,15.8,8.0,1.975,3.9,1.9746835443037973,0.0
6,minorminer,0.0,1.0,0.0,0.0,0.0,2.0,5.8,2.0,2.9,3.3,1.1379310344827587,0.0
6,minorminer,0.0,1.0,0.0,0.0,0.0,3.0,2.0,4.0,0.5,0.6,1.2857142857142858,0.0
6,minorminer,0.0,1.0,0.0,0.0,0.0,2.0,2.8,2.0,1.4,1.4,1.0,0.0
6,minorminer,0.0,1.0,0.0,0.0,0.0,3.0,4.8,3.0,1.5999999999999999,3.9,2.4375,0.0
6,minorminer,0.0,1.0,0.0,0.0,0.0,4.0,4.8,4.0,1.2,1.9,1.5833333333333333,0.0
6,minorminer,0.0,1.0,0.0,0.0,0.0,2.0,5.0,2.0,2.5,2.5,1.0,0.0
6,minorminer,0.0,1.0,0.0,0.0,0.0,3.0,5.8,3.0,1.9333333333333333,2.9,1.5,0.0
6,minorminer,0.0,1.0,0.0,0.0,0.0,4.0,7.800000000000001,4.0,1.9500000000000002,3.9,2.0,0.0
6,minorminer,0.0,1.0,0.0,0.0,0.0,4.0,3.5999999999999996,4.0,0.8999999999999999,1.4,1.5555555555555556,0.0
6,minorminer,0.0,1.0,0.0,0.0,0.0,3.0,5.0,3.0,1.6666666666666667,2.5,1.5,0.0
6,minorminer,0.0,1.0,0.0,0.0,0.0,5.0,12.0,5.0,2.4,3.5,1.4583333333333335,0.0
6,minorminer,0.0,1.0,0.0,0.0,0.0,2.0,5.0,2.0,2.5,2.5,1.0,0.0
6,minorminer,0.0,1.0,0.0,0.0,0.0,5.0,7.800000000000001,6.0,1.3,2.5,1.7123287671232876,0.0
6,minorminer,0.0,1.0,0.0,0.0,0.0,2.0,0.8,2.0,0.4,0.4,1.0,0.0
6,minorminer,0.0,1.0,0.0,0.0,0.0,0.0,0.0,0.0,0.0,0.0,0.0,0.0
6,minorminer,0.0,1.0,0.0,0.0,0.0,2.0,7.0,2.0,3.5,3.9,1.1142857142857143,0.0
6,minorminer,0.0,1.0,0.0,0.0,0.0,3.0,7.8,3.0,2.6,3.9,1.5,0.0
6,minorminer,0.0,1.0,0.0,0.0,0.0,3.0,5.8,3.0,1.9333333333333333,3.9,2.0172413793103448,0.0
6,minorminer,0.0,1.0,0.0,0.0,0.0,2.0,0.8,2.0,0.4,0.4,1.0,0.0
6,minorminer,0.0,1.0,0.0,0.0,0.0,2.0,0.8,2.0,0.4,0.4,1.0,0.0
7,policy0,0.0,1.0,0.0,0.0,0.0,2.0,0.8,2.0,0.4,0.4,1.0,0.0
7,policy0,0.0751953125,2.0,1.0,0.0,0.0,2.0,7.0,4.0,1.75,3.1,1.409090909090909,0.0
7,policy0,0.0,1.0,0.0,0.0,0.0,2.0,5.0,3.0,1.6666666666666667,2.5,1.3333333333333333,0.0
7,policy0,0.0,1.0,0.0,0.0,0.0,3.0,7.800000000000001,4.0,1.9500000000000002,2.5,1.2820512820512822,0.0
7,policy0,0.005859375,4.0,5.0,2.0,0.0,2.0,3.0,6.0,0.5,0.95,1.551020408163265,0.0
7,policy0,0.0205078125,4.0,4.0,1.0,1.0,6.0,5.200000000000001,17.0,0.30588235294117655,1.4,3.0958230958230954,0.0
7,policy0,0.21240234375,6.0,5.0,0.0,4.0,4.0,6.6000000000000005,7.0,0.942857142857143,1.95,2.2285714285714286,0.0
7,policy0,0.029296875,3.0,2.0,0.0,1.0,3.0,5.800000000000001,11.0,0.5272727272727273,3.7,2.6941747572815538,0.0
7,policy0,0.0,1.0,0.0,0.0,0.0,0.0,0.0,0.0,0.0,0.0,0.0,0.0
7,policy0,0.0,1.0,0.0,0.0,0.0,2.0,5.0,3.0,1.6666666666666667,2.5,1.3333333333333333,0.0
7,policy0,0.06103515625,3.0,2.0,0.0,1.0,5.0,6.2,9.0,0.6888888888888889,1.25,1.8939393939393943,0.0
7,policy0,0.03125,2.0,1.0,0.0,0.0,2.0,0.8,5.0,0.16,0.2,1.2,0.0
7,policy0,0.0,1.0,0.0,0.0,0.0,0.0,0.0,0.0,0.0,0.0,0.0,0.0
7,policy0,0.00390625,2.0,1.0,0.0,0.0,2.0,5.0,6.0,0.8333333333333334,1.95,1.7528089887640448,0.0
7,policy0,0.0,1.0,0.0,0.0,0.0,0.0,0.0,0.0,0.0,0.0,0.0,0.0
7,policy0,0.02490234375,2.0,1.0,0.0,0.0,3.0,2.0,7.0,0.2857142857142857,0.4666666666666666,1.826086956521739,0.0
7,policy0,0.3857421875,2.0,1.0,0.0,0.0,3.0,7.800000000000001,4.0,1.9500000000000002,3.9,1.647887323943662,0.0
7,policy0,0.85107421875,6.0,5.0,0.0,4.0,3.0,7.800000000000001,4.0,1.9500000000000002,3.9,1.786259541984733,0.0
7,policy0,0.3486328125,4.0,3.0,0.0,1.0,4.0,8.2,4.0,2.05,3.7,1.804878048780488,0.0
7,policy0,0.23486328125,3.0,2.0,0.0,1.0,4.0,6.6,9.0,0.7333333333333333,1.5,1.7061611374407584,0.0
7,policy0,0.06494140625,6.0,5.0,0.0,4.0,5.0,6.6,13.0,0.5076923076923077,1.2000000000000002,1.9007391763463573,0.0
7,policy0,0.00244140625,2.0,1.0,0.0,0.0,5.0,8.600000000000001,12.0,0.7166666666666668,1.95,2.321428571428571,0.0
7,policy0,0.0,1.0,0.0,0.0,0.0,0.0,0.0,0.0,0.0,0.0,0.0,0.0
7,policy0,0.0107421875,2.0,1.0,0.0,0.0,3.0,3.5999999999999996,6.0,0.6,1.7999999999999998,2.1891891891891895,0.0
7,policy0,0.0849609375,2.0,1.0,0.0,0.0,2.0,7.0,4.0,1.75,3.1,1.409090909090909,0.0
7,policy0,0.12158203125,4.0,3.0,0.0,2.0,4.0,7.0,6.0,1.1666666666666667,3.1,1.8415841584158417,0.0
7,policy0,0.04150390625,2.0,1.0,0.0,0.0,0.0,0.0,0.0,0.0,0.0,0.0,0.0
7,policy0,0.0,1.0,0.0,0.0,0.0,0.0,0.0,0.0,0.0,0.0,0.0,0.0
7,policy0,0.0,1.0,0.0,0.0,0.0,0.0,0.0,0.0,0.0,0.0,0.0,0.0
7,policy0,0.11669921875,4.0,3.0,0.0,1.0,2.0,5.0,2.0,2.5,2.5,1.0,0.0
7,policy0,0.0244140625,2.0,1.0,0.0,0.0,2.0,2.0,5.0,0.4,0.4666666666666666,1.2173913043478262,0.0
7,policy0,0.27001953125,4.0,3.0,0.0,2.0,3.0,2.8,5.0,0.5599999999999999,1.4,1.9687499999999998,0.0
7,policy1,0.03125,2.0,1.0,0.0,0.0,2.0,0.8,4.0,0.2,0.4,1.5,0.0
7,policy1,0.02880859375,2.0,1.0,0.0,0.0,2.0,7.0,5.0,1.4,1.95,1.307262569832402,0.0
7,policy1,0.0,1.0,0.0,0.0,0.0,2.0,5.0,2.0,2.5,2.5,1.0,0.0
7,policy1,0.0,1.0,0.0,0.0,0.0,3.0,7.800000000000001,4.0,1.9500000000000002,3.9,1.786259541984733,0.0
7,policy1,0.08935546875,4.0,3.0,0.0,1.0,2.0,3.0,4.0,0.75,1.1,1.2692307692307694,0.0
7,policy1,0.15771484375,6.0,6.0,1.0,3.0,6.0,5.200000000000001,21.0,0.24761904761904768,2.2,4.375690607734806,0.0
7,policy1,0.3173828125,4.0,3.0,0.0,2.0,4.0,6.6000000000000005,10.0,0.66,3.9,3.227586206896552,0.0
7,policy1,0.03173828125,4.0,3.0,0.0,2.0,3.0,5.800000000000001,12.0,0.4833333333333334,1.2333333333333334,2.2111553784860556,0.0
7,policy1,0.0810546875,6.0,7.0,2.0,1.0,0.0,0.0,0.0,0.0,0.0,0.0,0.0
7,policy1,0.0234375,2.0,1.0,0.0,0.0,2.0,5.0,4.0,1.25,1.25,1.0,0.0
7,policy1,0.03466796875,2.0,1.0,0.0,0.0,5.0,6.2,9.0,0.6888888888888889,2.5,2.8517110266159698,0.0
7,policy1,0.189453125,6.0,5.0,0.0,3.0,2.0,0.8,4.0,0.2,0.2,1.0,0.0
7,policy1,0.08154296875,3.0,2.0,0.0,1.0,0.0,0.0,0.0,0.0,0.0,0.0,0.0
7,policy1,0.1611328125,2.0,1.0,0.0,0.0,2.0,5.0,2.0,2.5,3.9,1.56,0.0
7,policy1,0.0,1.0,0.0,0.0,0.0,0.0,0.0,0.0,0.0,0.0,0.0,0.0
7,policy1,0.0,1.0,0.0,0.0,0.0,3.0,2.0,4.0,0.5,1.4,2.3333333333333335,0.0
7,policy1,0.02734375,2.0,1.0,0.0,0.0,3.0,7.800000000000001,4.0,1.9500000000000002,3.9,1.786259541984733,0.0
7,policy1,0.0,1.0,0.0,0.0,0.0,3.0,7.800000000000001,3.0,2.6,3.9,1.5,0.0
7,policy1,0.021484375,5.0,4.0,0.0,3.0,4.0,8.2,9.0,0.911111111111111,1.5,1.5254237288135593,0.0
7,policy1,0.0,1.0,0.0,0.0,0.0,4.0,6.6,4.0,1.65,2.2,1.3333333333333335,0.0
7,policy1,0.13232421875,3.0,2.0,0.0,1.0,5.0,6.6,12.0,0.5499999999999999,1.9,2.1722560975609757,0.0
7,policy1,0.85498046875,4.0,3.0,0.0,2.0,5.0,8.600000000000001,12.0,0.7166666666666668,3.9,2.4375,0.0
7,policy1,0.103515625,4.0,3.0,0.0,2.0,0.0,0.0,0.0,0.0,0.0,0.0,0.0
7,policy1,0.00390625,4.0,5.0,2.0,0.0,3.0,3.5999999999999996,6.0,0.6,1.4,1.9090909090909092,0.0
7,policy1,0.0,1.0,0.0,0.0,0.0,2.0,7.0,3.0,2.3333333333333335,3.1,1.2277227722772277,0.0
7,policy1,0.123046875,2.0,1.0,0.0,0.0,4.0,7.0,7.0,1.0,3.1,2.619718309859155,0.0
7,policy1,0.0,1.0,0.0,0.0,0.0,0.0,0.0,0.0,0.0,0.0,0.0,0.0
7,policy1,0.0,1.0,0.0,0.0,0.0,0.0,0.0,0.0,0.0,0.0,0.0,0.0
7,policy1,0.046875,2.0,1.0,0.0,0.0,0.0,0.0,0.0,0.0,0.0,0.0,0.0
7,policy1,0.083984375,3.0,2.0,0.0,1.0,2.0,5.0,3.0,1.6666666666666667,2.5,1.3333333333333333,0.0
7,policy1,0.0,1.0,0.0,0.0,0.0,2.0,2.0,3.0,0.6666666666666666,1.4,1.6470588235294117,0.0
7,policy1,0.033203125,2.0,1.0,0.0,0.0,3.0,2.8,7.0,0.39999999999999997,1.0,1.9354838709677418,0.0
7,minorminer,0.0,1.0,0.0,0.0,0.0,2.0,0.8,2.0,0.4,0.4,1.0,0.0
7,minorminer,0.0,1.0,0.0,0.0,0.0,2.0,7.0,2.0,3.5,3.9,1.1142857142857143,0.0
7,minorminer,0.0,1.0,0.0,0.0,0.0,2.0,5.0,2.0,2.5,2.5,1.0,0.0
7,minorminer,0.0,1.0,0.0,0.0,0.0,3.0,7.800000000000001,3.0,2.6,3.9,1.5,0.0
7,minorminer,0.0,1.0,0.0,0.0,0.0,2.0,3.0,2.0,1.5,1.9,1.2666666666666666,0.0
7,minorminer,0.0,1.0,0.0,0.0,0.0,6.0,5.200000000000001,6.0,0.8666666666666668,2.2,2.5384615384615388,0.0
7,minorminer,0.0,1.0,0.0,0.0,0.0,4.0,6.6000000000000005,4.0,1.6500000000000001,3.9,2.3636363636363638,0.0
7,minorminer,0.0,1.0,0.0,0.0,0.0,3.0,5.800000000000001,3.0,1.9333333333333336,3.7,1.9137931034482758,0.0
7,minorminer,0.0,1.0,0.0,0.0,0.0,0.0,0.0,0.0,0.0,0.0,0.0,0.0
7,minorminer,0.0,1.0,0.0,0.0,0.0,2.0,5.0,2.0,2.5,2.5,1.0,0.0
7,minorminer,0.6298828125,2.0,1.0,0.0,0.0,5.0,6.2,6.0,1.0333333333333334,2.5,2.11864406779661,0.0
7,minorminer,0.0,1.0,0.0,0.0,0.0,2.0,0.8,2.0,0.4,0.4,1.0,0.0
7,minorminer,0.0,1.0,0.0,0.0,0.0,0.0,0.0,0.0,0.0,0.0,0.0,0.0
7,minorminer,0.0,1.0,0.0,0.0,0.0,2.0,5.0,2.0,2.5,3.9,1.56,0.0
7,minorminer,0.0,1.0,0.0,0.0,0.0,0.0,0.0,0.0,0.0,0.0,0.0,0.0
7,minorminer,0.0,1.0,0.0,0.0,0.0,3.0,2.0,3.0,0.6666666666666666,1.4,2.1,0.0
7,minorminer,0.0,1.0,0.0,0.0,0.0,3.0,7.800000000000001,3.0,2.6,3.9,1.5,0.0
7,minorminer,0.0,1.0,0.0,0.0,0.0,3.0,7.800000000000001,3.0,2.6,3.9,1.5,0.0
7,minorminer,0.0,1.0,0.0,0.0,0.0,4.0,8.2,4.0,2.05,3.7,1.804878048780488,0.0
7,minorminer,0.0,1.0,0.0,0.0,0.0,4.0,6.6,4.0,1.65,2.2,1.3333333333333335,0.0
7,minorminer,0.0,1.0,0.0,0.0,0.0,5.0,6.6,5.0,1.3199999999999998,1.9,1.4393939393939392,0.0
7,minorminer,0.0,1.0,0.0,0.0,0.0,5.0,8.600000000000001,5.0,1.7200000000000002,3.9,2.2674418604651163,0.0
7,minorminer,0.0,1.0,0.0,0.0,0.0,0.0,0.0,0.0,0.0,0.0,0.0,0.0
7,minorminer,0.0,1.0,0.0,0.0,0.0,3.0,3.5999999999999996,3.0,1.2,1.7999999999999998,1.5,0.0
7,minorminer,0.0,1.0,0.0,0.0,0.0,2.0,7.0,2.0,3.5,3.9,1.1142857142857143,0.0
7,minorminer,0.0,1.0,0.0,0.0,0.0,4.0,7.0,4.0,1.75,3.1,1.7714285714285716,0.0
7,minorminer,0.0,1.0,0.0,0.0,0.0,0.0,0.0,0.0,0.0,0.0,0.0,0.0
7,minorminer,0.0,1.0,0.0,0.0,0.0,0.0,0.0,0.0,0.0,0.0,0.0,0.0
7,minorminer,0.0,1.0,0.0,0.0,0.0,0.0,0.0,0.0,0.0,0.0,0.0,0.0
7,minorminer,0.0,1.0,0.0,0.0,0.0,2.0,5.0,2.0,2.5,2.5,1.0,0.0
7,minorminer,0.0,1.0,0.0,0.0,0.0,2.0,2.0,3.0,0.6666666666666666,1.4,1.6470588235294117,0.0
7,minorminer,0.0,1.0,0.0,0.0,0.0,3.0,2.8,3.0,0.9333333333333332,1.4,1.5,0.0
8,policy0,0.0,1.0,0.0,0.0,0.0,0.0,0.0,0.0,0.0,0.0,0.0,0.0
8,policy0,0.0,1.0,0.0,0.0,0.0,2.0,4.0,2.0,2.0,2.4,1.2,0.0
8,policy0,0.0,1.0,0.0,0.0,0.0,2.0,4.0,3.0,1.3333333333333333,3.0,1.7142857142857142,0.0
8,policy0,0.03173828125,4.0,3.0,0.0,1.0,3.0,8.2,10.0,0.82,2.2,1.8410041841004186,0.0
8,policy0,0.54052734375,3.0,2.0,0.0,1.0,2.0,5.0,2.0,2.5,3.5,1.4,0.0
8,policy0,0.06787109375,3.0,2.0,0.0,1.0,2.0,2.2,5.0,0.44000000000000006,2.1,1.9764705882352942,0.0
8,policy0,0.25634765625,2.0,1.0,0.0,0.0,3.0,5.0,3.0,1.6666666666666667,2.5,1.5,0.0
8,policy0,0.0,1.0,0.0,0.0,0.0,0.0,0.0,0.0,0.0,0.0,0.0,0.0
8,policy0,0.08251953125,2.0,1.0,0.0,0.0,3.0,7.4,7.0,1.0571428571428572,2.6999999999999997,1.4568345323741005,0.0
8,policy0,0.29443359375,6.0,5.0,0.0,4.0,3.0,5.0,3.0,1.6666666666666667,2.6999999999999997,1.6199999999999997,0.0
8,policy0,0.0,1.0,0.0,0.0,0.0,5.0,7.8,5.0,1.56,3.0,1.923076923076923,0.0
8,policy0,0.0,1.0,0.0,0.0,0.0,0.0,0.0,0.0,0.0,0.0,0.0,0.0
8,policy0,0.0,1.0,0.0,0.0,0.0,2.0,2.8,2.0,1.4,2.0,1.4285714285714286,0.0
8,policy0,0.03369140625,2.0,1.0,0.0,0.0,2.0,5.0,2.0,2.5,3.5,1.4,0.0
8,policy0,0.056640625,2.0,1.0,0.0,0.0,2.0,2.0,3.0,0.6666666666666666,1.0,1.3333333333333333,0.0
8,policy0,0.0,1.0,0.0,0.0,0.0,2.0,5.0,2.0,2.5,2.9,1.16,0.0
8,policy0,0.0,1.0,0.0,0.0,0.0,2.0,0.8,2.0,0.4,0.4,1.0,0.0
8,policy0,0.0,1.0,0.0,0.0,0.0,3.0,3.5999999999999996,4.0,0.8999999999999999,1.7999999999999998,1.7419354838709677,0.0
8,policy0,0.0,1.0,0.0,0.0,0.0,2.0,4.2,2.0,2.1,2.1,1.0,0.0
8,policy0,0.06787109375,3.0,2.0,0.0,1.0,2.0,0.8,3.0,0.26666666666666666,0.4,1.3333333333333333,0.0
8,policy0,0.0,1.0,0.0,0.0,0.0,1.0,0.8,1.0,0.8,0.8,1.0,0.0
8,policy0,0.0,1.0,0.0,0.0,0.0,2.0,5.0,3.0,1.6666666666666667,2.1,1.183098591549296,0.0
8,policy0,0.03955078125,3.0,2.0,0.0,1.0,5.0,7.8,9.0,0.8666666666666667,1.45,1.6477272727272725,0.0
8,policy0,0.0,1.0,0.0,0.0,0.0,3.0,6.200000000000001,3.0,2.066666666666667,3.3000000000000003,1.596774193548387,0.0
8,policy0,0.572265625,4.0,3.0,0.0,2.0,6.0,8.8,10.0,0.8800000000000001,2.9,2.3277591973244145,0.0
8,policy0,0.0,1.0,0.0,0.0,0.0,0.0,0.0,0.0,0.0,0.0,0.0,0.0
8,policy0,0.0,1.0,0.0,0.0,0.0,0.0,0.0,0.0,0.0,0.0,0.0,0.0
8,policy0,0.0,1.0,0.0,0.0,0.0,0.0,0.0,0.0,0.0,0.0,0.0,0.0
8,policy0,0.0,1.0,0.0,0.0,0.0,1.0,2.0,1.0,2.0,2.0,1.0,0.0
8,policy0,0.0,1.0,0.0,0.0,0.0,0.0,0.0,0.0,0.0,0.0,0.0,0.0
8,policy0,0.0009765625,2.0,1.0,0.0,0.0,4.0,9.799999999999999,7.0,1.4,3.3000000000000003,1.8790035587188614,0.0
8,policy1,0.03857421875,2.0,1.0,0.0,0.0,0.0,0.0,0.0,0.0,0.0,0.0,0.0
8,policy1,0.0009765625,2.0,1.0,0.0,0.0,2.0,4.0,6.0,0.6666666666666666,0.8,1.142857142857143,0.0
8,policy1,0.005859375,2.0,1.0,0.0,0.0,2.0,4.0,4.0,1.0,1.5,1.5,0.0
8,policy1,0.017578125,2.0,1.0,0.0,0.0,3.0,8.2,3.0,2.733333333333333,3.6999999999999997,1.353658536585366,0.0
8,policy1,0.0,1.0,0.0,0.0,0.0,2.0,5.0,2.0,2.5,3.5,1.4,0.0
8,policy1,0.05517578125,2.0,1.0,0.0,0.0,2.0,2.2,5.0,0.44000000000000006,2.1,1.9764705882352942,0.0
8,policy1,0.0234375,5.0,5.0,1.0,0.0,3.0,5.0,8.0,0.625,1.05,1.6153846153846154,0.0
8,policy1,0.0,1.0,0.0,0.0,0.0,0.0,0.0,0.0,0.0,0.0,0.0,0.0
8,policy1,0.26416015625,4.0,3.0,0.0,2.0,3.0,7.4,6.0,1.2333333333333334,2.6999999999999997,1.4464285714285714,0.0
8,policy1,0.29931640625,5.0,4.0,0.0,3.0,3.0,5.0,4.0,1.25,2.6999999999999997,1.9285714285714282,0.0
8,policy1,0.27392578125,5.0,4.0,0.0,3.0,5.0,7.8,16.0,0.4875,1.5,1.4763779527559056,0.0
8,policy1,0.04443359375,2.0,1.0,0.0,0.0,0.0,0.0,0.0,0.0,0.0,0.0,0.0
8,policy1,0.09716796875,5.0,4.0,0.0,3.0,2.0,2.8,12.0,0.2333333333333333,1.0,1.8518518518518516,0.0
8,policy1,0.0,1.0,0.0,0.0,0.0,2.0,5.0,2.0,2.5,3.5,1.4,0.0
8,policy1,0.0,1.0,0.0,0.0,0.0,2.0,2.0,4.0,0.5,0.5,1.0,0.0
8,policy1,0.0,1.0,0.0,0.0,0.0,2.0,5.0,3.0,1.6666666666666667,2.1,1.183098591549296,0.0
8,policy1,0.0380859375,2.0,1.0,0.0,0.0,2.0,0.8,3.0,0.26666666666666666,0.4,1.3333333333333333,0.0
8,policy1,0.05712890625,3.0,2.0,0.0,1.0,3.0,3.5999999999999996,5.0,0.72,1.7999999999999998,2.0,0.0
8,policy1,0.208984375,9.0,12.0,4.0,1.0,2.0,4.2,3.0,1.4000000000000001,2.1,1.3333333333333333,0.0
8,policy1,0.0390625,2.0,1.0,0.0,0.0,2.0,0.8,2.0,0.4,0.4,1.0,0.0
8,policy1,0.0,1.0,0.0,0.0,0.0,1.0,0.8,2.0,0.4,0.4,1.0,0.0
8,policy1,0.0,1.0,0.0,0.0,0.0,2.0,5.0,3.0,1.6666666666666667,2.1,1.183098591549296,0.0
8,policy1,0.05517578125,3.0,2.0,0.0,1.0,5.0,7.8,8.0,0.975,1.45,1.5760869565217392,0.0
8,policy1,0.01904296875,3.0,2.0,0.0,1.0,3.0,6.200000000000001,4.0,1.5500000000000003,2.2,1.4505494505494505,0.0
8,policy1,0.1552734375,6.0,5.0,0.0,3.0,6.0,8.8,16.0,0.55,1.45,2.2745098039215685,0.0
8,policy1,0.0,1.0,0.0,0.0,0.0,0.0,0.0,0.0,0.0,0.0,0.0,0.0
8,policy1,0.0,1.0,0.0,0.0,0.0,0.0,0.0,0.0,0.0,0.0,0.0,0.0
8,policy1,0.0,1.0,0.0,0.0,0.0,0.0,0.0,0.0,0.0,0.0,0.0,0.0
8,policy1,0.00732421875,3.0,3.0,1.0,0.0,1.0,2.0,2.0,1.0,1.0,1.0,0.0
8,policy1,0.0,1.0,0.0,0.0,0.0,0.0,0.0,0.0,0.0,0.0,0.0,0.0
8,policy1,0.0,1.0,0.0,0.0,0.0,4.0,9.799999999999999,5.0,1.9599999999999997,3.6999999999999997,1.8159509202453985,0.0
8,minorminer,0.0,1.0,0.0,0.0,0.0,0.0,0.0,0.0,0.0,0.0,0.0,0.0
8,minorminer,0.0,1.0,0.0,0.0,0.0,2.0,4.0,2.0,2.0,2.4,1.2,0.0
8,minorminer,0.0,1.0,0.0,0.0,0.0,2.0,4.0,2.0,2.0,3.0,1.5,0.0
8,minorminer,0.0,1.0,0.0,0.0,0.0,3.0,8.2,3.0,2.733333333333333,3.6999999999999997,1.353658536585366,0.0
8,minorminer,0.0,1.0,0.0,0.0,0.0,2.0,5.0,2.0,2.5,3.5,1.4,0.0
8,minorminer,0.0,1.0,0.0,0.0,0.0,2.0,2.2,2.0,1.1,2.1,1.909090909090909,0.0
8,minorminer,0.0,1.0,0.0,0.0,0.0,3.0,5.0,3.0,1.6666666666666667,2.5,1.5,0.0
8,minorminer,0.0,1.0,0.0,0.0,0.0,0.0,0.0,0.0,0.0,0.0,0.0,0.0
8,minorminer,0.0,1.0,0.0,0.0,0.0,3.0,7.4,3.0,2.466666666666667,2.6999999999999997,1.0945945945945947,0.0
8,minorminer,0.0,1.0,0.0,0.0,0.0,3.0,5.0,3.0,1.6666666666666667,2.6999999999999997,1.6199999999999997,0.0
8,minorminer,0.0,1.0,0.0,0.0,0.0,5.0,7.8,5.0,1.56,3.0,1.923076923076923,0.0
8,minorminer,0.0,1.0,0.0,0.0,0.0,0.0,0.0,0.0,0.0,0.0,0.0,0.0
8,minorminer,0.0,1.0,0.0,0.0,0.0,2.0,2.8,2.0,1.4,2.0,1.4285714285714286,0.0
8,minorminer,0.0,1.0,0.0,0.0,0.0,2.0,5.0,2.0,2.5,3.5,1.4,0.0
8,minorminer,0.0,1.0,0.0,0.0,0.0,2.0,2.0,2.0,1.0,1.0,1.0,0.0
8,minorminer,0.0,1.0,0.0,0.0,0.0,2.0,5.0,2.0,2.5,2.9,1.16,0.0
8,minorminer,0.0,1.0,0.0,0.0,0.0,2.0,0.8,2.0,0.4,0.4,1.0,0.0
8,minorminer,0.0,1.0,0.0,0.0,0.0,3.0,3.5999999999999996,3.0,1.2,1.7999999999999998,1.5,0.0
8,minorminer,0.0,1.0,0.0,0.0,0.0,2.0,4.2,2.0,2.1,2.1,1.0,0.0
8,minorminer,0.0,1.0,0.0,0.0,0.0,2.0,0.8,2.0,0.4,0.4,1.0,0.0
8,minorminer,0.0,1.0,0.0,0.0,0.0,1.0,0.8,1.0,0.8,0.8,1.0,0.0
8,minorminer,0.0,1.0,0.0,0.0,0.0,2.0,5.0,2.0,2.5,2.9,1.16,0.0
8,minorminer,0.09521484375,2.0,1.0,0.0,0.0,5.0,7.8,5.0,1.56,2.9,1.8589743589743588,0.0
8,minorminer,0.0,1.0,0.0,0.0,0.0,3.0,6.200000000000001,3.0,2.066666666666667,3.3000000000000003,1.596774193548387,0.0
8,minorminer,0.0,1.0,0.0,0.0,0.0,6.0,8.8,6.0,1.4666666666666668,2.9,1.977272727272727,0.0
8,minorminer,0.0,1.0,0.0,0.0,0.0,0.0,0.0,0.0,0.0,0.0,0.0,0.0
8,minorminer,0.0,1.0,0.0,0.0,0.0,0.0,0.0,0.0,0.0,0.0,0.0,0.0
8,minorminer,0.0,1.0,0.0,0.0,0.0,0.0,0.0,0.0,0.0,0.0,0.0,0.0
8,minorminer,0.0,1.0,0.0,0.0,0.0,1.0,2.0,1.0,2.0,2.0,1.0,0.0
8,minorminer,0.0,1.0,0.0,0.0,0.0,0.0,0.0,0.0,0.0,0.0,0.0,0.0
8,minorminer,0.0,1.0,0.0,0.0,0.0,4.0,9.799999999999999,4.0,2.4499999999999997,3.6999999999999997,1.5102040816326527,0.0
9,policy0,0.240234375,3.0,2.0,0.0,1.0,2.0,5.0,6.0,0.8333333333333334,2.9,1.7469879518072289,0.0
9,policy0,0.22509765625,10.0,10.0,1.0,5.0,8.0,14.0,36.0,0.3888888888888889,1.5,2.3625922887612796,0.0
9,policy0,0.111328125,4.0,3.0,0.0,2.0,0.0,0.0,0.0,0.0,0.0,0.0,0.0
9,policy0,0.07177734375,2.0,1.0,0.0,0.0,2.0,5.0,3.0,1.6666666666666667,3.5,1.6470588235294117,0.0
9,policy0,0.07763671875,3.0,2.0,0.0,1.0,0.0,0.0,0.0,0.0,0.0,0.0,0.0
9,policy0,0.0,1.0,0.0,0.0,0.0,2.0,2.0,2.0,1.0,1.0,1.0,0.0
9,policy0,0.7587890625,5.0,4.0,0.0,3.0,7.0,16.8,13.0,1.2923076923076924,3.9,2.027227722772277,0.0
9,policy0,0.0,1.0,0.0,0.0,0.0,2.0,0.8,6.0,0.13333333333333333,0.2,1.3333333333333333,0.0
9,policy0,0.0,1.0,0.0,0.0,0.0,0.0,0.0,0.0,0.0,0.0,0.0,0.0
9,policy0,0.013671875,2.0,1.0,0.0,0.0,2.0,5.0,3.0,1.6666666666666667,1.7000000000000002,1.0149253731343284,0.0
9,policy0,0.03271484375,2.0,1.0,0.0,0.0,0.0,0.0,0.0,0.0,0.0,0.0,0.0
9,policy0,0.0,1.0,0.0,0.0,0.0,6.0,9.0,8.0,1.125,2.5,2.0689655172413794,0.0
9,policy0,0.0,1.0,0.0,0.0,0.0,3.0,5.0,3.0,1.6666666666666667,2.5,1.5,0.0
9,policy0,0.00146484375,2.0,1.0,0.0,0.0,5.0,9.8,13.0,0.7538461538461539,1.4,1.6568047337278107,0.0
9,policy0,0.44580078125,7.0,6.0,0.0,4.0,5.0,9.2,13.0,0.7076923076923076,1.7000000000000002,2.015810276679842,0.0
9,policy0,0.0029296875,2.0,1.0,0.0,0.0,7.0,11.4,13.0,0.8769230769230769,3.5,3.1749460043196542,0.0
9,policy0,0.12548828125,8.0,7.0,0.0,4.0,8.0,12.8,30.0,0.4266666666666667,1.25,1.94150591163659,0.0
9,policy0,0.0,1.0,0.0,0.0,0.0,4.0,2.8,5.0,0.5599999999999999,1.4,2.2399999999999998,0.0
9,policy0,0.21826171875,7.0,6.0,0.0,5.0,10.0,19.0,45.0,0.4222222222222222,2.5,3.238641621171463,0.0
9,policy0,0.31787109375,2.0,1.0,0.0,0.0,4.0,8.6,5.0,1.72,3.5,2.014388489208633,0.0
9,policy0,0.1630859375,4.0,3.0,0.0,2.0,7.0,10.799999999999999,23.0,0.4695652173913043,1.4,1.828317601332593,0.0
9,policy0,0.037109375,2.0,1.0,0.0,0.0,3.0,5.800000000000001,4.0,1.4500000000000002,2.9,1.9120879120879122,0.0
9,policy0,0.0,1.0,0.0,0.0,0.0,0.0,0.0,0.0,0.0,0.0,0.0,0.0
9,policy0,0.0,1.0,0.0,0.0,0.0,2.0,2.8,2.0,1.4,1.4,1.0,0.0
9,policy0,0.02734375,4.0,3.0,0.0,2.0,5.0,11.0,12.0,0.9166666666666666,3.9,2.878228782287823,0.0
9,policy0,0.16162109375,5.0,4.0,0.0,2.0,3.0,2.0,12.0,0.16666666666666666,1.0,2.0547945205479454,0.0
9,policy0,0.0,1.0,0.0,0.0,0.0,3.0,2.0,4.0,0.5,0.9999999999999999,1.7647058823529411,0.0
9,policy0,0.15625,8.0,7.0,0.0,4.0,8.0,8.6,33.0,0.2606060606060606,1.0,2.6440677966101696,0.0
9,policy1,0.0,1.0,0.0,0.0,0.0,2.0,5.0,4.0,1.25,2.9,1.611111111111111,0.0
9,policy1,0.10986328125,5.0,4.0,0.0,3.0,8.0,14.0,11.0,1.2727272727272727,2.6,1.9259259259259258,0.0
9,policy1,0.0,1.0,0.0,0.0,0.0,0.0,0.0,0.0,0.0,0.0,0.0,0.0
9,policy1,0.0,1.0,0.0,0.0,0.0,2.0,5.0,4.0,1.25,3.5,1.75,0.0
9,policy1,0.0,1.0,0.0,0.0,0.0,0.0,0.0,0.0,0.0,0.0,0.0,0.0
9,policy1,0.02490234375,6.0,8.0,3.0,1.0,2.0,2.0,10.0,0.2,0.5,1.6,0.0
9,policy1,0.1689453125,7.0,6.0,0.0,4.0,7.0,16.8,25.0,0.672,2.5,2.4532710280373835,0.0
9,policy1,0.0234375,2.0,1.0,0.0,0.0,2.0,0.8,2.0,0.4,0.4,1.0,0.0
9,policy1,0.0,1.0,0.0,0.0,0.0,0.0,0.0,0.0,0.0,0.0,0.0,0.0
9,policy1,0.0,1.0,0.0,0.0,0.0,2.0,5.0,5.0,1.0,3.3,1.7718120805369129,0.0
9,policy1,0.0,1.0,0.0,0.0,0.0,0.0,0.0,0.0,0.0,0.0,0.0,0.0
9,policy1,0.02392578125,3.0,2.0,0.0,1.0,6.0,9.0,15.0,0.6,1.0,1.469387755102041,0.0
9,policy1,0.513671875,7.0,9.0,3.0,2.0,3.0,5.0,4.0,1.25,2.5,1.7647058823529411,0.0
9,policy1,0.16845703125,4.0,3.0,0.0,2.0,5.0,9.8,14.0,0.7000000000000001,2.5,2.1428571428571432,0.0
9,policy1,0.21533203125,5.0,5.0,1.0,1.0,5.0,9.2,11.0,0.8363636363636363,2.9,2.555066079295154,0.0
9,policy1,0.00732421875,4.0,3.0,0.0,1.0,7.0,11.4,21.0,0.5428571428571429,2.9,3.7826086956521743,0.0
9,policy1,0.04638671875,5.0,4.0,0.0,3.0,8.0,12.8,25.0,0.512,1.25,1.8623900672529747,0.0
9,policy1,0.0478515625,2.0,1.0,0.0,0.0,4.0,2.8,6.0,0.4666666666666666,1.4,2.2105263157894735,0.0
9,policy1,0.70166015625,7.0,6.0,0.0,4.0,10.0,19.0,38.0,0.5,2.9,3.7100213219616207,0.0
9,policy1,0.32568359375,5.0,4.0,0.0,2.0,4.0,8.6,9.0,0.9555555555555555,3.5,1.9221967963386728,0.0
9,policy1,0.0,1.0,0.0,0.0,0.0,7.0,10.799999999999999,9.0,1.2,2.9,2.36046511627907,0.0
9,policy1,0.0703125,2.0,1.0,0.0,0.0,3.0,5.800000000000001,7.0,0.8285714285714286,2.9,2.2894736842105265,0.0
9,policy1,0.0,1.0,0.0,0.0,0.0,0.0,0.0,0.0,0.0,0.0,0.0,0.0
9,policy1,0.0,1.0,0.0,0.0,0.0,2.0,2.8,2.0,1.4,1.4,1.0,0.0
9,policy1,0.0390625,5.0,4.0,0.0,3.0,5.0,11.0,13.0,0.8461538461538461,2.6,2.3353293413173652,0.0
9,policy1,0.04296875,2.0,1.0,0.0,0.0,3.0,2.0,6.0,0.3333333333333333,0.5,1.3636363636363635,0.0
9,policy1,0.0,1.0,0.0,0.0,0.0,3.0,2.0,4.0,0.5,0.6,1.2,0.0
9,policy1,0.0556640625,5.0,4.0,0.0,3.0,8.0,8.6,23.0,0.3739130434782609,0.95,2.0206794682422453,0.0
9,minorminer,0.0,1.0,0.0,0.0,0.0,2.0,5.0,2.0,2.5,2.9,1.16,0.0
9,minorminer,0.005859375,2.0,1.0,0.0,0.0,8.0,14.0,11.0,1.2727272727272727,3.5,2.126582278481013,0.0
9,minorminer,0.0,1.0,0.0,0.0,0.0,0.0,0.0,0.0,0.0,0.0,0.0,0.0
9,minorminer,0.0,1.0,0.0,0.0,0.0,2.0,5.0,2.0,2.5,3.5,1.4,0.0
9,minorminer,0.0,1.0,0.0,0.0,0.0,0.0,0.0,0.0,0.0,0.0,0.0,0.0
9,minorminer,0.0,1.0,0.0,0.0,0.0,2.0,2.0,2.0,1.0,1.0,1.0,0.0
9,minorminer,0.00732421875,2.0,1.0,0.0,0.0,7.0,16.8,8.0,2.1,3.9,1.755627009646302,0.0
9,minorminer,0.0,1.0,0.0,0.0,0.0,2.0,0.8,2.0,0.4,0.4,1.0,0.0
9,minorminer,0.0,1.0,0.0,0.0,0.0,0.0,0.0,0.0,0.0,0.0,0.0,0.0
9,minorminer,0.0,1.0,0.0,0.0,0.0,2.0,5.0,2.0,2.5,3.3,1.3199999999999998,0.0
9,minorminer,0.0,1.0,0.0,0.0,0.0,0.0,0.0,0.0,0.0,0.0,0.0,0.0
9,minorminer,0.0,1.0,0.0,0.0,0.0,6.0,9.0,7.0,1.2857142857142858,2.5,1.7647058823529411,0.0
9,minorminer,0.0,1.0,0.0,0.0,0.0,3.0,5.0,3.0,1.6666666666666667,2.5,1.5,0.0
9,minorminer,0.0,1.0,0.0,0.0,0.0,5.0,9.8,6.0,1.6333333333333335,2.5,1.3736263736263739,0.0
9,minorminer,0.0,1.0,0.0,0.0,0.0,5.0,9.2,6.0,1.5333333333333332,2.9,1.8238993710691822,0.0
9,minorminer,0.001953125,2.0,1.0,0.0,0.0,7.0,11.4,9.0,1.2666666666666666,3.5,2.4499999999999997,0.0
9,minorminer,0.046875,2.0,1.0,0.0,0.0,8.0,12.8,9.0,1.4222222222222223,2.5,1.7316017316017316,0.0
9,minorminer,0.0,1.0,0.0,0.0,0.0,4.0,2.8,4.0,0.7,1.4,2.0,0.0
9,minorminer,0.037109375,2.0,1.0,0.0,0.0,10.0,19.0,11.0,1.7272727272727273,3.5,1.971830985915493,0.0
9,minorminer,0.0,1.0,0.0,0.0,0.0,4.0,8.6,5.0,1.72,3.5,1.7721518987341773,0.0
9,minorminer,0.03564453125,2.0,1.0,0.0,0.0,7.0,10.799999999999999,9.0,1.2,2.9,1.9394904458598725,0.0
9,minorminer,0.0,1.0,0.0,0.0,0.0,3.0,5.800000000000001,3.0,1.9333333333333336,2.9,1.5,0.0
9,minorminer,0.0,1.0,0.0,0.0,0.0,0.0,0.0,0.0,0.0,0.0,0.0,0.0
9,minorminer,0.0,1.0,0.0,0.0,0.0,2.0,2.8,2.0,1.4,1.4,1.0,0.0
9,minorminer,0.0,1.0,0.0,0.0,0.0,5.0,11.0,5.0,2.2,3.9,1.7727272727272725,0.0
9,minorminer,0.0,1.0,0.0,0.0,0.0,3.0,2.0,3.0,0.6666666666666666,1.0,1.5,0.0
9,minorminer,0.0,1.0,0.0,0.0,0.0,3.0,2.0,3.0,0.6666666666666666,0.9999999999999999,1.5,0.0
9,minorminer,0.03857421875,2.0,1.0,0.0,0.0,8.0,8.6,8.0,1.075,2.5,2.3255813953488373,0.0
10,policy1,0.0078125,4.0,3.0,0.0,2.0,4.0,9.0,9.0,1.0,2.5,2.0689655172413794,0.0
10,policy1,0.01806640625,2.0,1.0,0.0,0.0,2.0,3.2,4.0,0.8,1.6,1.5,0.0
10,policy1,0.17578125,2.0,1.0,0.0,0.0,3.0,8.6,5.0,1.72,3.9,1.8719999999999999,0.0
10,policy1,0.0,1.0,0.0,0.0,0.0,2.0,4.0,4.0,1.0,2.4,1.6363636363636365,0.0
10,policy1,0.5185546875,5.0,4.0,0.0,3.0,8.0,12.8,19.0,0.6736842105263158,2.5,2.370872142252329,0.0
10,policy1,0.0,1.0,0.0,0.0,0.0,2.0,0.8,2.0,0.4,0.4,1.0,0.0
10,policy1,0.2451171875,2.0,1.0,0.0,0.0,3.0,7.0,4.0,1.75,2.5,1.4851485148514851,0.0
10,policy1,0.04638671875,3.0,2.0,0.0,1.0,2.0,2.0,5.0,0.4,1.0,1.6,0.0
10,policy1,0.0361328125,2.0,1.0,0.0,0.0,4.0,6.4,6.0,1.0666666666666667,2.1999999999999997,1.65,0.0
10,policy1,0.02734375,2.0,1.0,0.0,0.0,3.0,8.6,3.0,2.8666666666666667,3.9,1.3604651162790697,0.0
10,policy1,0.2216796875,7.0,8.0,2.0,2.0,8.0,14.000000000000002,27.0,0.5185185185185186,2.5,3.3227848101265822,0.0
10,policy1,0.0625,3.0,2.0,0.0,1.0,2.0,0.8,6.0,0.13333333333333333,0.4,1.6666666666666665,0.0
10,policy1,0.0,1.0,0.0,0.0,0.0,2.0,5.0,3.0,1.6666666666666667,2.5,1.3333333333333333,0.0
10,policy1,0.40185546875,7.0,8.0,2.0,2.0,5.0,9.0,8.0,1.125,3.5,2.706185567010309,0.0
10,policy1,0.02880859375,2.0,1.0,0.0,0.0,4.0,10.0,6.0,1.6666666666666667,2.5,1.4705882352941178,0.0
10,policy1,0.0029296875,3.0,3.0,1.0,0.0,2.0,2.4000000000000004,3.0,0.8000000000000002,1.6,1.6,0.0
10,policy1,0.0,1.0,0.0,0.0,0.0,2.0,5.0,2.0,2.5,3.9,1.56,0.0
10,policy1,0.0908203125,2.0,1.0,0.0,0.0,4.0,7.0,10.0,0.7,3.5,3.005366726296959,0.0
10,policy1,0.36767578125,3.0,2.0,0.0,1.0,4.0,12.8,5.0,2.56,3.9,1.4377880184331797,0.0
10,policy1,0.0,1.0,0.0,0.0,0.0,3.0,2.0,3.0,0.6666666666666666,1.0,1.5,0.0
10,policy1,0.0,1.0,0.0,0.0,0.0,2.0,2.0,3.0,0.6666666666666666,1.0,1.3333333333333333,0.0
10,policy1,0.0,1.0,0.0,0.0,0.0,5.0,9.8,8.0,1.225,3.9,2.154696132596685,0.0
10,policy1,0.09326171875,5.0,4.0,0.0,3.0,3.0,2.8,10.0,0.27999999999999997,0.5,1.5517241379310345,0.0
10,policy1,0.0,1.0,0.0,0.0,0.0,5.0,4.0,9.0,0.4444444444444444,1.6,2.608695652173913,0.0
10,policy1,0.3681640625,3.0,2.0,0.0,1.0,2.0,7.0,5.0,1.4,1.75,1.2,0.0
10,policy1,0.0,1.0,0.0,0.0,0.0,2.0,7.0,3.0,2.3333333333333335,3.5,1.3333333333333333,0.0
10,policy1,0.0595703125,3.0,2.0,0.0,1.0,0.0,0.0,0.0,0.0,0.0,0.0,0.0
10,policy1,0.08544921875,4.0,3.0,0.0,2.0,4.0,3.5999999999999996,10.0,0.36,1.7999999999999998,2.7551020408163263,0.0
10,policy1,0.09228515625,4.0,3.0,0.0,1.0,0.0,0.0,0.0,0.0,0.0,0.0,0.0
10,policy1,0.052734375,5.0,5.0,1.0,2.0,0.0,0.0,0.0,0.0,0.0,0.0,0.0
10,policy1,0.45068359375,7.0,6.0,0.0,5.0,6.0,11.0,12.0,0.9166666666666666,3.5,2.4207492795389047,0.0
10,policy1,0.0,1.0,0.0,0.0,0.0,3.0,5.0,5.0,1.0,1.25,1.25,0.0
10,policy1,0.10791015625,3.0,2.0,0.0,1.0,5.0,10.6,7.0,1.5142857142857142,3.9,1.9696969696969697,0.0
10,minorminer,0.0,1.0,0.0,0.0,0.0,4.0,9.0,4.0,2.25,3.9,1.7333333333333334,0.0
10,minorminer,0.0,1.0,0.0,0.0,0.0,2.0,3.2,2.0,1.6,1.6,1.0,0.0
10,minorminer,0.0,1.0,0.0,0.0,0.0,3.0,8.6,3.0,2.8666666666666667,3.9,1.3604651162790697,0.0
10,minorminer,0.0,1.0,0.0,0.0,0.0,2.0,4.0,2.0,2.0,2.4,1.2,0.0
10,minorminer,0.0,1.0,0.0,0.0,0.0,8.0,12.8,8.0,1.6,2.7,1.6875,0.0
10,minorminer,0.0,1.0,0.0,0.0,0.0,2.0,0.8,2.0,0.4,0.4,1.0,0.0
10,minorminer,0.0,1.0,0.0,0.0,0.0,3.0,7.0,3.0,2.3333333333333335,3.9,1.6714285714285713,0.0
10,minorminer,0.0,1.0,0.0,0.0,0.0,2.0,2.0,3.0,0.6666666666666666,1.0,1.3333333333333333,0.0
10,minorminer,0.0,1.0,0.0,0.0,0.0,4.0,6.4,4.0,1.6,2.1999999999999997,1.3749999999999998,0.0
10,minorminer,0.0,1.0,0.0,0.0,0.0,3.0,8.6,3.0,2.8666666666666667,3.9,1.3604651162790697,0.0
10,minorminer,0.0,1.0,0.0,0.0,0.0,8.0,14.000000000000002,8.0,1.7500000000000002,3.9,2.2285714285714286,0.0
10,minorminer,0.0,1.0,0.0,0.0,0.0,2.0,0.8,2.0,0.4,0.4,1.0,0.0
10,minorminer,0.0,1.0,0.0,0.0,0.0,2.0,5.0,2.0,2.5,2.5,1.0,0.0
10,minorminer,0.02978515625,2.0,1.0,0.0,0.0,5.0,9.0,5.0,1.8,3.5,1.9444444444444444,0.0
10,minorminer,0.0,1.0,0.0,0.0,0.0,4.0,10.0,4.0,2.5,3.9,1.56,0.0
10,minorminer,0.0,1.0,0.0,0.0,0.0,2.0,2.4000000000000004,2.0,1.2000000000000002,1.6,1.3333333333333333,0.0
10,minorminer,0.0,1.0,0.0,0.0,0.0,2.0,5.0,2.0,2.5,3.9,1.56,0.0
10,minorminer,0.0,1.0,0.0,0.0,0.0,4.0,7.0,4.0,1.75,3.5,2.0,0.0
10,minorminer,0.0,1.0,0.0,0.0,0.0,4.0,12.8,4.0,3.2,3.9,1.21875,0.0
10,minorminer,0.0,1.0,0.0,0.0,0.0,3.0,2.0,3.0,0.6666666666666666,1.0,1.5,0.0
10,minorminer,0.0,1.0,0.0,0.0,0.0,2.0,2.0,2.0,1.0,1.0,1.0,0.0
10,minorminer,0.0,1.0,0.0,0.0,0.0,5.0,9.8,5.0,1.9600000000000002,3.9,1.9897959183673466,0.0
10,minorminer,0.0,1.0,0.0,0.0,0.0,3.0,2.8,3.0,0.9333333333333332,1.0,1.0714285714285716,0.0
10,minorminer,0.0322265625,2.0,1.0,0.0,0.0,5.0,4.0,5.0,0.8,1.6,2.0,0.0
10,minorminer,0.0,1.0,0.0,0.0,0.0,2.0,7.0,2.0,3.5,3.5,1.0,0.0
10,minorminer,0.0,1.0,0.0,0.0,0.0,2.0,7.0,2.0,3.5,3.5,1.0,0.0
10,minorminer,0.0,1.0,0.0,0.0,0.0,0.0,0.0,0.0,0.0,0.0,0.0,0.0
10,minorminer,0.0,1.0,0.0,0.0,0.0,4.0,3.5999999999999996,4.0,0.8999999999999999,1.7999999999999998,2.0,0.0
10,minorminer,0.0,1.0,0.0,0.0,0.0,0.0,0.0,0.0,0.0,0.0,0.0,0.0
10,minorminer,0.0,1.0,0.0,0.0,0.0,0.0,0.0,0.0,0.0,0.0,0.0,0.0
10,minorminer,0.0224609375,2.0,1.0,0.0,0.0,6.0,11.0,7.0,1.5714285714285714,3.5,2.0,0.0
10,minorminer,0.0,1.0,0.0,0.0,0.0,3.0,5.0,3.0,1.6666666666666667,2.5,1.5,0.0
10,minorminer,0.0087890625,2.0,1.0,0.0,0.0,5.0,10.6,5.0,2.12,3.9,1.8396226415094339,0.0
11,policy0,0.02587890625,3.0,2.0,0.0,1.0,4.0,3.5999999999999996,7.0,0.5142857142857142,0.7,1.4,0.0
11,policy0,0.0703125,5.0,4.0,0.0,3.0,4.0,8.600000000000001,11.0,0.781818181818182,3.9,3.0,0.0
11,policy0,0.037109375,2.0,1.0,0.0,0.0,2.0,0.8,4.0,0.2,0.4,1.5,0.0
11,policy0,0.0,1.0,0.0,0.0,0.0,0.0,0.0,0.0,0.0,0.0,0.0,0.0
11,policy0,0.4091796875,8.0,9.0,2.0,3.0,6.0,14.4,10.0,1.44,3.5,1.935483870967742,0.0
11,policy0,0.02392578125,2.0,1.0,0.0,0.0,2.0,2.0,2.0,1.0,1.0,1.0,0.0
11,policy0,0.0,1.0,0.0,0.0,0.0,2.0,3.4000000000000004,5.0,0.68,0.775,1.441860465116279,0.0
11,policy0,0.0,1.0,0.0,0.0,0.0,2.0,5.0,3.0,1.6666666666666667,2.5,1.3333333333333333,0.0
11,policy0,0.21826171875,5.0,4.0,0.0,2.0,3.0,5.800000000000001,6.0,0.9666666666666668,2.9,2.21656050955414,0.0
11,policy0,0.0,1.0,0.0,0.0,0.0,0.0,0.0,0.0,0.0,0.0,0.0,0.0
11,policy0,0.05615234375,3.0,2.0,0.0,1.0,3.0,1.6,9.0,0.17777777777777778,0.2,1.125,0.0
11,policy0,0.16455078125,2.0,1.0,0.0,0.0,4.0,5.800000000000001,5.0,1.1600000000000001,2.1,1.647058823529412,0.0
11,policy0,0.0,1.0,0.0,0.0,0.0,0.0,0.0,0.0,0.0,0.0,0.0,0.0
11,policy0,0.04345703125,2.0,1.0,0.0,0.0,3.0,5.800000000000001,5.0,1.1600000000000001,2.1,1.5949367088607596,0.0
11,policy0,0.02734375,2.0,1.0,0.0,0.0,0.0,0.0,0.0,0.0,0.0,0.0,0.0
11,policy0,0.0,1.0,0.0,0.0,0.0,4.0,7.0,4.0,1.75,3.5,2.0,0.0
11,policy0,0.00341796875,2.0,1.0,0.0,0.0,2.0,5.0,3.0,1.6666666666666667,2.5,1.3333333333333333,0.0
11,policy0,0.0,1.0,0.0,0.0,0.0,2.0,4.2,4.0,1.05,1.3,1.625,0.0
11,policy0,0.01806640625,2.0,1.0,0.0,0.0,2.0,5.0,4.0,1.25,2.5,1.5,0.0
11,policy0,0.0361328125,5.0,6.0,2.0,1.0,3.0,7.800000000000001,4.0,1.9500000000000002,3.9,1.647887323943662,0.0
11,policy0,0.01806640625,6.0,6.0,1.0,2.0,2.0,7.0,7.0,1.0,1.3,1.2530120481927711,0.0
11,policy0,0.05126953125,5.0,4.0,0.0,1.0,5.0,10.8,8.0,1.35,2.9,1.7901234567901236,0.0
11,policy0,0.0,1.0,0.0,0.0,0.0,0.0,0.0,0.0,0.0,0.0,0.0,0.0
11,policy0,0.0439453125,2.0,1.0,0.0,0.0,4.0,7.800000000000001,8.0,0.9750000000000001,2.9,2.230769230769231,0.0
11,policy0,0.16015625,2.0,1.0,0.0,0.0,3.0,5.800000000000001,5.0,1.1600000000000001,2.9,2.0,0.0
11,policy0,0.072265625,3.0,2.0,0.0,1.0,2.0,5.0,3.0,1.6666666666666667,2.5,1.3333333333333333,0.0
11,policy0,0.0,1.0,0.0,0.0,0.0,2.0,3.8,2.0,1.9,2.3,1.2105263157894737,0.0
11,policy0,0.07568359375,3.0,2.0,0.0,1.0,3.0,3.5999999999999996,6.0,0.6,1.0,1.5,0.0
11,policy0,0.4970703125,2.0,1.0,0.0,0.0,2.0,5.0,5.0,1.0,2.5,1.6,0.0
11,policy0,0.2001953125,7.0,6.0,0.0,4.0,7.0,14.0,13.0,1.0769230769230769,2.3,1.9835728952772071,0.0
11,policy0,0.0087890625,3.0,2.0,0.0,1.0,2.0,5.0,7.0,0.7142857142857143,0.75,1.0344827586206897,0.0
11,policy1,0.0,1.0,0.0,0.0,0.0,4.0,3.5999999999999996,5.0,0.72,1.4,1.9310344827586206,0.0
11,policy1,0.0,2.0,1.0,0.0,0.0,4.0,8.600000000000001,7.0,1.2285714285714289,1.75,1.6470588235294117,0.0
11,policy1,0.02685546875,2.0,1.0,0.0,0.0,2.0,0.8,2.0,0.4,0.4,1.0,0.0
11,policy1,0.0322265625,2.0,1.0,0.0,0.0,0.0,0.0,0.0,0.0,0.0,0.0,0.0
11,policy1,0.02978515625,5.0,4.0,0.0,2.0,6.0,14.4,24.0,0.6,1.1666666666666667,1.6676593210244195,0.0
11,policy1,0.0634765625,4.0,3.0,0.0,2.0,2.0,2.0,3.0,0.6666666666666666,1.0,1.3333333333333333,0.0
11,policy1,0.08251953125,5.0,4.0,0.0,3.0,2.0,3.4000000000000004,8.0,0.42500000000000004,1.0333333333333334,1.8902439024390243,0.0
11,policy1,0.0,1.0,0.0,0.0,0.0,2.0,5.0,2.0,2.5,2.5,1.0,0.0
11,policy1,0.4248046875,5.0,4.0,0.0,3.0,3.0,5.800000000000001,5.0,1.1600000000000001,1.45,1.4032258064516128,0.0
11,policy1,0.02978515625,2.0,1.0,0.0,0.0,0.0,0.0,0.0,0.0,0.0,0.0,0.0
11,policy1,0.0361328125,2.0,1.0,0.0,0.0,3.0,1.6,4.0,0.4,0.8,1.7142857142857142,0.0
11,policy1,0.443359375,6.0,5.0,0.0,4.0,4.0,5.800000000000001,19.0,0.3052631578947369,1.4,2.4660550458715598,0.0
11,policy1,0.02783203125,2.0,1.0,0.0,0.0,0.0,0.0,0.0,0.0,0.0,0.0,0.0
11,policy1,0.09765625,3.0,2.0,0.0,1.0,3.0,5.800000000000001,11.0,0.5272727272727273,3.3,2.516949152542373,0.0
11,policy1,0.0,1.0,0.0,0.0,0.0,0.0,0.0,0.0,0.0,0.0,0.0,0.0
11,policy1,0.12109375,2.0,1.0,0.0,0.0,4.0,7.0,7.0,1.0,1.5,1.44,0.0
11,policy1,0.080078125,3.0,2.0,0.0,1.0,2.0,5.0,4.0,1.25,2.5,1.5,0.0
11,policy1,0.0458984375,2.0,1.0,0.0,0.0,2.0,4.2,6.0,0.7000000000000001,3.9,1.9696969696969697,0.0
11,policy1,0.0,1.0,0.0,0.0,0.0,2.0,5.0,2.0,2.5,2.5,1.0,0.0
11,policy1,0.00048828125,2.0,1.0,0.0,0.0,3.0,7.800000000000001,5.0,1.56,2.5,1.4423076923076923,0.0
11,policy1,0.0087890625,2.0,1.0,0.0,0.0,2.0,7.0,4.0,1.75,3.9,1.581081081081081,0.0
11,policy1,0.0302734375,4.0,3.0,0.0,1.0,5.0,10.8,8.0,1.35,2.5,1.6411378555798688,0.0
11,policy1,0.001953125,6.0,9.0,4.0,0.0,0.0,0.0,0.0,0.0,0.0,0.0,0.0
11,policy1,0.01220703125,2.0,1.0,0.0,0.0,4.0,7.800000000000001,8.0,0.9750000000000001,2.5,1.8867924528301887,0.0
11,policy1,0.0380859375,2.0,1.0,0.0,0.0,3.0,5.800000000000001,6.0,0.9666666666666668,2.5,2.045454545454546,0.0
11,policy1,0.1416015625,2.0,1.0,0.0,0.0,2.0,5.0,3.0,1.6666666666666667,2.5,1.3333333333333333,0.0
11,policy1,0.166015625,5.0,4.0,0.0,2.0,2.0,3.8,5.0,0.76,1.5,1.4457831325301203,0.0
11,policy1,0.173828125,3.0,2.0,0.0,1.0,3.0,3.5999999999999996,7.0,0.5142857142857142,1.0,1.6071428571428572,0.0
11,policy1,0.3681640625,3.0,2.0,0.0,1.0,2.0,5.0,3.0,1.6666666666666667,2.5,1.3333333333333333,0.0
11,policy1,0.14111328125,7.0,6.0,0.0,4.0,7.0,14.0,19.0,0.7368421052631579,3.3,2.868971227489133,0.0
11,policy1,0.0,1.0,0.0,0.0,0.0,2.0,5.0,3.0,1.6666666666666667,1.75,1.0769230769230769,0.0
11,minorminer,0.021484375,2.0,1.0,0.0,0.0,4.0,3.5999999999999996,4.0,0.8999999999999999,1.4,1.5555555555555556,0.0
11,minorminer,0.0,1.0,0.0,0.0,0.0,4.0,8.600000000000001,4.0,2.1500000000000004,3.9,1.8139534883720931,0.0
11,minorminer,0.0,1.0,0.0,0.0,0.0,2.0,0.8,2.0,0.4,0.4,1.0,0.0
11,minorminer,0.0,1.0,0.0,0.0,0.0,0.0,0.0,0.0,0.0,0.0,0.0,0.0
11,minorminer,0.013671875,2.0,1.0,0.0,0.0,6.0,14.4,7.0,2.0571428571428574,3.5,1.6470588235294117,0.0
11,minorminer,0.0,1.0,0.0,0.0,0.0,2.0,2.0,2.0,1.0,1.0,1.0,0.0
11,minorminer,0.0,1.0,0.0,0.0,0.0,2.0,3.4000000000000004,2.0,1.7000000000000002,3.1,1.8235294117647058,0.0
11,minorminer,0.0,1.0,0.0,0.0,0.0,2.0,5.0,2.0,2.5,2.5,1.0,0.0
11,minorminer,0.0,1.0,0.0,0.0,0.0,3.0,5.800000000000001,3.0,1.9333333333333336,2.9,1.5,0.0
11,minorminer,0.0,1.0,0.0,0.0,0.0,0.0,0.0,0.0,0.0,0.0,0.0,0.0
11,minorminer,0.0,1.0,0.0,0.0,0.0,3.0,1.6,3.0,0.5333333333333333,0.8,1.5,0.0
11,minorminer,0.0,1.0,0.0,0.0,0.0,4.0,5.800000000000001,4.0,1.4500000000000002,2.1,1.4482758620689655,0.0
11,minorminer,0.0,1.0,0.0,0.0,0.0,0.0,0.0,0.0,0.0,0.0,0.0,0.0
11,minorminer,0.0,1.0,0.0,0.0,0.0,3.0,5.800000000000001,3.0,1.9333333333333336,3.3,1.706896551724138,0.0
11,minorminer,0.0,1.0,0.0,0.0,0.0,0.0,0.0,0.0,0.0,0.0,0.0,0.0
11,minorminer,0.0,1.0,0.0,0.0,0.0,4.0,7.0,4.0,1.75,3.5,2.0,0.0
11,minorminer,0.0,1.0,0.0,0.0,0.0,2.0,5.0,2.0,2.5,2.5,1.0,0.0
11,minorminer,0.0,1.0,0.0,0.0,0.0,2.0,4.2,2.0,2.1,3.9,1.857142857142857,0.0
11,minorminer,0.0,1.0,0.0,0.0,0.0,2.0,5.0,2.0,2.5,2.5,1.0,0.0
11,minorminer,0.0,1.0,0.0,0.0,0.0,3.0,7.800000000000001,3.0,2.6,3.9,1.5,0.0
11,minorminer,0.0,1.0,0.0,0.0,0.0,2.0,7.0,2.0,3.5,3.9,1.1142857142857143,0.0
11,minorminer,0.0,1.0,0.0,0.0,0.0,5.0,10.8,5.0,2.16,2.9,1.3425925925925926,0.0
11,minorminer,0.0,1.0,0.0,0.0,0.0,0.0,0.0,0.0,0.0,0.0,0.0,0.0
11,minorminer,0.0,1.0,0.0,0.0,0.0,4.0,7.800000000000001,4.0,1.9500000000000002,2.9,1.4871794871794872,0.0
11,minorminer,0.0,1.0,0.0,0.0,0.0,3.0,5.800000000000001,3.0,1.9333333333333336,2.9,1.5,0.0
11,minorminer,0.0,1.0,0.0,0.0,0.0,2.0,5.0,2.0,2.5,2.5,1.0,0.0
11,minorminer,0.0,1.0,0.0,0.0,0.0,2.0,3.8,2.0,1.9,2.3,1.2105263157894737,0.0
11,minorminer,0.0,1.0,0.0,0.0,0.0,3.0,3.5999999999999996,3.0,1.2,1.7999999999999998,1.5,0.0
11,minorminer,0.0,1.0,0.0,0.0,0.0,2.0,5.0,2.0,2.5,2.5,1.0,0.0
11,minorminer,0.0,1.0,0.0,0.0,0.0,7.0,14.0,8.0,1.75,3.3,1.8704453441295545,0.0
11,minorminer,0.0,1.0,0.0,0.0,0.0,2.0,5.0,2.0,2.5,3.5,1.4,0.0
12,policy0,0.0,1.0,0.0,0.0,0.0,0.0,0.0,0.0,0.0,0.0,0.0,0.0
12,policy0,0.00390625,2.0,1.0,0.0,0.0,4.0,12.0,10.0,1.2,3.9,2.2801461632155906,0.0
12,policy0,0.01318359375,3.0,2.0,0.0,1.0,3.0,7.0,9.0,0.7777777777777778,3.5,2.1617647058823533,0.0
12,policy0,0.0087890625,2.0,1.0,0.0,0.0,3.0,5.0,5.0,1.0,2.1,1.6875,0.0
12,policy0,0.00048828125,2.0,1.0,0.0,0.0,3.0,7.0,5.0,1.4,3.5,1.7307692307692308,0.0
12,policy0,0.02978515625,2.0,1.0,0.0,0.0,0.0,0.0,0.0,0.0,0.0,0.0,0.0
12,policy0,0.07958984375,4.0,3.0,0.0,2.0,3.0,4.0,5.0,0.8,1.6,1.44,0.0
12,policy0,0.0,2.0,1.0,0.0,0.0,2.0,7.0,5.0,1.4,1.75,1.2,0.0
12,policy0,0.025390625,2.0,1.0,0.0,0.0,0.0,0.0,0.0,0.0,0.0,0.0,0.0
12,policy0,0.0009765625,6.0,9.0,4.0,0.0,0.0,0.0,0.0,0.0,0.0,0.0,0.0
12,policy0,0.00048828125,4.0,3.0,0.0,1.0,7.0,17.8,20.0,0.89,2.5,2.0098441345365052,0.0
12,policy0,0.0283203125,2.0,1.0,0.0,0.0,3.0,2.8,3.0,0.9333333333333332,1.4,1.5,0.0
12,policy0,0.0,1.0,0.0,0.0,0.0,2.0,2.0,2.0,1.0,1.6,1.6,0.0
12,policy0,0.025390625,2.0,1.0,0.0,0.0,3.0,9.0,5.0,1.8,3.9,1.8139534883720931,0.0
12,policy0,0.03271484375,3.0,2.0,0.0,1.0,3.0,6.199999999999999,7.0,0.8857142857142856,2.5,1.96078431372549,0.0
12,policy0,0.0,1.0,0.0,0.0,0.0,0.0,0.0,0.0,0.0,0.0,0.0,0.0
12,policy0,0.0283203125,2.0,1.0,0.0,0.0,2.0,2.0,4.0,0.5,1.0,1.5,0.0
12,policy1,0.0,1.0,0.0,0.0,0.0,0.0,0.0,0.0,0.0,0.0,0.0,0.0
12,policy1,0.00048828125,4.0,5.0,2.0,0.0,4.0,12.0,8.0,1.5,3.9,1.95,0.0
12,policy1,0.00048828125,2.0,1.0,0.0,0.0,3.0,7.0,4.0,1.75,3.5,1.6153846153846154,0.0
12,policy1,0.00439453125,3.0,2.0,0.0,1.0,3.0,5.0,6.0,0.8333333333333334,1.05,1.26,0.0
12,policy1,0.0,1.0,0.0,0.0,0.0,3.0,7.0,4.0,1.75,3.5,1.7647058823529411,0.0
12,policy1,0.02783203125,2.0,1.0,0.0,0.0,0.0,0.0,0.0,0.0,0.0,0.0,0.0
12,policy1,0.0068359375,2.0,1.0,0.0,0.0,3.0,4.0,7.0,0.5714285714285714,0.7,1.2115384615384615,0.0
12,policy1,0.03759765625,4.0,3.0,0.0,2.0,2.0,7.0,8.0,0.875,1.1666666666666667,1.25,0.0
12,policy1,0.0,1.0,0.0,0.0,0.0,0.0,0.0,0.0,0.0,0.0,0.0,0.0
12,policy1,0.02783203125,2.0,1.0,0.0,0.0,0.0,0.0,0.0,0.0,0.0,0.0,0.0
12,policy1,0.0,2.0,1.0,0.0,0.0,7.0,17.8,17.0,1.0470588235294118,2.5,1.9516728624535313,0.0
12,policy1,0.0869140625,5.0,4.0,0.0,3.0,3.0,2.8,7.0,0.39999999999999997,0.7,1.7027027027027029,0.0
12,policy1,0.01220703125,2.0,1.0,0.0,0.0,2.0,2.0,5.0,0.4,0.5333333333333333,1.4545454545454546,0.0
12,policy1,0.09423828125,6.0,5.0,0.0,3.0,3.0,9.0,10.0,0.9,3.9,1.9902794653705955,0.0
12,policy1,0.1015625,5.0,4.0,0.0,2.0,3.0,6.199999999999999,11.0,0.5636363636363636,2.1,1.9924698795180724,0.0
12,policy1,0.0,1.0,0.0,0.0,0.0,0.0,0.0,0.0,0.0,0.0,0.0,0.0
12,policy1,0.0224609375,2.0,1.0,0.0,0.0,2.0,2.0,5.0,0.4,0.5,1.2000000000000002,0.0
12,minorminer,0.0,1.0,0.0,0.0,0.0,0.0,0.0,0.0,0.0,0.0,0.0,0.0
12,minorminer,0.0,1.0,0.0,0.0,0.0,4.0,12.0,4.0,3.0,3.9,1.3,0.0
12,minorminer,0.0,1.0,0.0,0.0,0.0,3.0,7.0,3.0,2.3333333333333335,3.5,1.5,0.0
12,minorminer,0.0,1.0,0.0,0.0,0.0,3.0,5.0,3.0,1.6666666666666667,2.1,1.26,0.0
12,minorminer,0.0,1.0,0.0,0.0,0.0,3.0,7.0,3.0,2.3333333333333335,3.5,1.5,0.0
12,minorminer,0.0,1.0,0.0,0.0,0.0,0.0,0.0,0.0,0.0,0.0,0.0,0.0
12,minorminer,0.0,1.0,0.0,0.0,0.0,3.0,4.0,3.0,1.3333333333333333,1.6,1.2000000000000002,0.0
12,minorminer,0.0,1.0,0.0,0.0,0.0,2.0,7.0,3.0,2.3333333333333335,3.5,1.3333333333333333,0.0
12,minorminer,0.0,1.0,0.0,0.0,0.0,0.0,0.0,0.0,0.0,0.0,0.0,0.0
12,minorminer,0.0,1.0,0.0,0.0,0.0,0.0,0.0,0.0,0.0,0.0,0.0,0.0
12,minorminer,0.0,2.0,1.0,0.0,0.0,7.0,17.8,8.0,2.225,3.5,1.526479750778816,0.0
12,minorminer,0.0,1.0,0.0,0.0,0.0,3.0,2.8,3.0,0.9333333333333332,1.4,1.5,0.0
12,minorminer,0.0,1.0,0.0,0.0,0.0,2.0,2.0,2.0,1.0,1.6,1.6,0.0
12,minorminer,0.0,1.0,0.0,0.0,0.0,3.0,9.0,3.0,3.0,3.9,1.3,0.0
12,minorminer,0.0,1.0,0.0,0.0,0.0,3.0,6.199999999999999,3.0,2.0666666666666664,2.5,1.2096774193548385,0.0
12,minorminer,0.0,1.0,0.0,0.0,0.0,0.0,0.0,0.0,0.0,0.0,0.0,0.0
12,minorminer,0.0,1.0,0.0,0.0,0.0,2.0,2.0,2.0,1.0,1.0,1.0,0.0
13,policy0,0.0,1.0,0.0,0.0,0.0,3.0,5.800000000000001,4.0,1.4500000000000002,3.5,1.8750000000000002,0.0
13,policy0,0.1171875,2.0,1.0,0.0,0.0,3.0,7.0,5.0,1.4,3.5,2.0,0.0
13,policy0,0.00244140625,3.0,3.0,1.0,0.0,4.0,6.6,6.0,1.0999999999999999,2.5,1.8181818181818181,0.0
13,policy0,0.0,1.0,0.0,0.0,0.0,3.0,1.6,4.0,0.4,0.4,0.9999999999999999,0.0
13,policy0,0.0869140625,3.0,2.0,0.0,1.0,3.0,5.8,4.0,1.45,2.9,1.5535714285714286,0.0
13,policy0,0.099609375,5.0,4.0,0.0,2.0,5.0,10.600000000000001,11.0,0.9636363636363637,1.95,2.020725388601036,0.0
13,policy0,0.05029296875,2.0,1.0,0.0,0.0,4.0,7.800000000000001,7.0,1.1142857142857143,1.9,1.558974358974359,0.0
13,policy0,0.02197265625,2.0,1.0,0.0,0.0,2.0,2.0,3.0,0.6666666666666666,1.0,1.3333333333333333,0.0
13,policy0,0.0,1.0,0.0,0.0,0.0,4.0,6.6,5.0,1.3199999999999998,2.5,1.694915254237288,0.0
13,policy0,0.0,1.0,0.0,0.0,0.0,3.0,4.8,6.0,0.7999999999999999,1.4,1.5555555555555556,0.0
13,policy0,0.0,1.0,0.0,0.0,0.0,5.0,7.8,7.0,1.1142857142857143,4.0,2.8169014084507045,0.0
13,policy0,0.017578125,2.0,1.0,0.0,0.0,4.0,6.8,6.0,1.1333333333333333,1.5,1.3953488372093024,0.0
13,policy0,0.078125,3.0,2.0,0.0,1.0,2.0,0.8,4.0,0.2,0.2,1.0,0.0
13,policy0,0.0,1.0,0.0,0.0,0.0,2.0,5.0,2.0,2.5,4.0,1.6,0.0
13,policy0,0.12548828125,5.0,6.0,2.0,1.0,3.0,2.8,7.0,0.39999999999999997,1.4,1.693548387096774,0.0
13,policy0,0.0,1.0,0.0,0.0,0.0,3.0,5.0,3.0,1.6666666666666667,2.9,1.7399999999999998,0.0
13,policy0,0.0,1.0,0.0,0.0,0.0,3.0,5.800000000000001,4.0,1.4500000000000002,3.3,2.0842105263157893,0.0
13,policy0,0.0478515625,2.0,1.0,0.0,0.0,0.0,0.0,0.0,0.0,0.0,0.0,0.0
13,policy0,0.05029296875,2.0,1.0,0.0,0.0,0.0,0.0,0.0,0.0,0.0,0.0,0.0
13,policy0,0.048828125,5.0,5.0,1.0,1.0,2.0,4.0,4.0,1.0,1.6,1.3333333333333335,0.0
13,policy0,0.0908203125,3.0,2.0,0.0,1.0,2.0,2.0,6.0,0.3333333333333333,1.6,1.9047619047619047,0.0
13,policy0,0.32958984375,4.0,4.0,1.0,0.0,2.0,5.8,2.0,2.9,3.3,1.1379310344827587,0.0
13,policy0,0.0,1.0,0.0,0.0,0.0,5.0,9.8,7.0,1.4000000000000001,1.95,1.5354330708661417,0.0
13,policy0,0.171875,3.0,2.0,0.0,1.0,3.0,2.8000000000000003,4.0,0.7000000000000001,1.4,1.6799999999999997,0.0
13,policy0,0.0,1.0,0.0,0.0,0.0,0.0,0.0,0.0,0.0,0.0,0.0,0.0
13,policy0,0.013671875,2.0,1.0,0.0,0.0,4.0,4.0,8.0,0.5,1.0,2.0,0.0
13,policy0,0.1083984375,3.0,2.0,0.0,1.0,2.0,0.8,3.0,0.26666666666666666,0.4,1.3333333333333333,0.0
13,policy1,0.0068359375,3.0,2.0,0.0,1.0,3.0,5.800000000000001,10.0,0.5800000000000001,0.7,1.3333333333333333,0.0
13,policy1,0.0205078125,3.0,2.0,0.0,1.0,3.0,7.0,8.0,0.875,2.1,1.8,0.0
13,policy1,0.72314453125,5.0,4.0,0.0,2.0,4.0,6.6,8.0,0.825,2.5,2.23463687150838,0.0
13,policy1,0.0,1.0,0.0,0.0,0.0,3.0,1.6,3.0,0.5333333333333333,0.8,1.5,0.0
13,policy1,0.05419921875,3.0,2.0,0.0,1.0,3.0,5.8,9.0,0.6444444444444444,2.5,2.1146616541353382,0.0
13,policy1,0.21533203125,3.0,2.0,0.0,1.0,5.0,10.600000000000001,10.0,1.06,3.9,2.035490605427975,0.0
13,policy1,0.02587890625,2.0,1.0,0.0,0.0,4.0,7.800000000000001,7.0,1.1142857142857143,3.9,2.2127659574468086,0.0
13,policy1,0.0517578125,2.0,1.0,0.0,0.0,2.0,2.0,2.0,1.0,1.0,1.0,0.0
13,policy1,0.015625,2.0,1.0,0.0,0.0,4.0,6.6,5.0,1.3199999999999998,2.5,1.694915254237288,0.0
13,policy1,0.0234375,3.0,2.0,0.0,1.0,3.0,4.8,7.0,0.6857142857142857,1.2,1.411764705882353,0.0
13,policy1,0.0263671875,2.0,1.0,0.0,0.0,5.0,7.8,5.0,1.56,4.0,2.564102564102564,0.0
13,policy1,0.060546875,3.0,2.0,0.0,1.0,4.0,6.8,9.0,0.7555555555555555,3.0,2.3255813953488373,0.0
13,policy1,0.0,1.0,0.0,0.0,0.0,2.0,0.8,2.0,0.4,0.4,1.0,0.0
13,policy1,0.05224609375,2.0,1.0,0.0,0.0,2.0,5.0,2.0,2.5,4.0,1.6,0.0
13,policy1,0.0556640625,3.0,2.0,0.0,1.0,3.0,2.8,6.0,0.4666666666666666,1.0,1.7142857142857142,0.0
13,policy1,0.27880859375,4.0,3.0,0.0,2.0,3.0,5.0,8.0,0.625,1.1,1.4244604316546763,0.0
13,policy1,0.0,1.0,0.0,0.0,0.0,3.0,5.800000000000001,3.0,1.9333333333333336,3.3,1.706896551724138,0.0
13,policy1,0.0,1.0,0.0,0.0,0.0,0.0,0.0,0.0,0.0,0.0,0.0,0.0
13,policy1,0.0,1.0,0.0,0.0,0.0,0.0,0.0,0.0,0.0,0.0,0.0,0.0
13,policy1,0.01904296875,2.0,1.0,0.0,0.0,2.0,4.0,4.0,1.0,1.2,1.2,0.0
13,policy1,0.0,1.0,0.0,0.0,0.0,2.0,2.0,3.0,0.6666666666666666,0.8,1.3333333333333333,0.0
13,policy1,0.052734375,2.0,1.0,0.0,0.0,2.0,5.8,2.0,2.9,3.3,1.1379310344827587,0.0
13,policy1,0.5947265625,6.0,5.0,0.0,3.0,5.0,9.8,5.0,1.9600000000000002,3.9,1.9897959183673466,0.0
13,policy1,0.056640625,3.0,2.0,0.0,1.0,3.0,2.8000000000000003,9.0,0.3111111111111111,1.4,2.3863636363636367,0.0
13,policy1,0.05126953125,2.0,1.0,0.0,0.0,0.0,0.0,0.0,0.0,0.0,0.0,0.0
13,policy1,0.06298828125,3.0,2.0,0.0,1.0,4.0,4.0,7.0,0.5714285714285714,1.0,1.5384615384615383,0.0
13,policy1,0.04052734375,2.0,1.0,0.0,0.0,2.0,0.8,2.0,0.4,0.4,1.0,0.0
13,minorminer,0.0,1.0,0.0,0.0,0.0,3.0,5.800000000000001,3.0,1.9333333333333336,3.5,1.8103448275862069,0.0
13,minorminer,0.0,1.0,0.0,0.0,0.0,3.0,7.0,3.0,2.3333333333333335,3.5,1.5,0.0
13,minorminer,0.0,1.0,0.0,0.0,0.0,4.0,6.6,4.0,1.65,2.5,1.5151515151515151,0.0
13,minorminer,0.0,1.0,0.0,0.0,0.0,3.0,1.6,3.0,0.5333333333333333,0.8,1.5,0.0
13,minorminer,0.0,1.0,0.0,0.0,0.0,3.0,5.8,3.0,1.9333333333333333,2.9,1.5,0.0
13,minorminer,0.0,1.0,0.0,0.0,0.0,5.0,10.600000000000001,5.0,2.12,3.9,1.8396226415094339,0.0
13,minorminer,0.0,1.0,0.0,0.0,0.0,4.0,7.800000000000001,4.0,1.9500000000000002,3.9,2.0,0.0
13,minorminer,0.0,1.0,0.0,0.0,0.0,2.0,2.0,2.0,1.0,1.0,1.0,0.0
13,minorminer,0.0,1.0,0.0,0.0,0.0,4.0,6.6,4.0,1.65,2.5,1.5151515151515151,0.0
13,minorminer,0.0,1.0,0.0,0.0,0.0,3.0,4.8,3.0,1.5999999999999999,2.4,1.5,0.0
13,minorminer,0.0,1.0,0.0,0.0,0.0,5.0,7.8,5.0,1.56,4.0,2.564102564102564,0.0
13,minorminer,0.0,1.0,0.0,0.0,0.0,4.0,6.8,4.0,1.7,3.0,1.7647058823529411,0.0
13,minorminer,0.0,1.0,0.0,0.0,0.0,2.0,0.8,2.0,0.4,0.4,1.0,0.0
13,minorminer,0.0,1.0,0.0,0.0,0.0,2.0,5.0,2.0,2.5,4.0,1.6,0.0
13,minorminer,0.0,1.0,0.0,0.0,0.0,3.0,2.8,3.0,0.9333333333333332,1.4,1.5,0.0
13,minorminer,0.0,1.0,0.0,0.0,0.0,3.0,5.0,3.0,1.6666666666666667,2.9,1.7399999999999998,0.0
13,minorminer,0.0,1.0,0.0,0.0,0.0,3.0,5.800000000000001,3.0,1.9333333333333336,3.3,1.706896551724138,0.0
13,minorminer,0.0,1.0,0.0,0.0,0.0,0.0,0.0,0.0,0.0,0.0,0.0,0.0
13,minorminer,0.0,1.0,0.0,0.0,0.0,0.0,0.0,0.0,0.0,0.0,0.0,0.0
13,minorminer,0.0,1.0,0.0,0.0,0.0,2.0,4.0,2.0,2.0,2.4,1.2,0.0
13,minorminer,0.0,1.0,0.0,0.0,0.0,2.0,2.0,2.0,1.0,1.6,1.6,0.0
13,minorminer,0.0,1.0,0.0,0.0,0.0,2.0,5.8,2.0,2.9,3.3,1.1379310344827587,0.0
13,minorminer,0.0,1.0,0.0,0.0,0.0,5.0,9.8,5.0,1.9600000000000002,3.9,1.9897959183673466,0.0
13,minorminer,0.0,1.0,0.0,0.0,0.0,3.0,2.8000000000000003,3.0,0.9333333333333335,1.4,1.5,0.0
13,minorminer,0.0,1.0,0.0,0.0,0.0,0.0,0.0,0.0,0.0,0.0,0.0,0.0
13,minorminer,0.0,1.0,0.0,0.0,0.0,4.0,4.0,4.0,1.0,2.0,2.0,0.0
13,minorminer,0.0,1.0,0.0,0.0,0.0,2.0,0.8,2.0,0.4,0.4,1.0,0.0
14,policy0,0.0,1.0,0.0,0.0,0.0,4.0,8.2,5.0,1.64,3.3,1.736842105263158,0.0
14,policy0,0.02392578125,2.0,1.0,0.0,0.0,2.0,5.0,2.0,2.5,2.5,1.0,0.0
14,policy0,0.0205078125,2.0,1.0,0.0,0.0,3.0,2.4000000000000004,4.0,0.6000000000000001,0.8,1.3333333333333333,0.0
14,policy0,0.0,1.0,0.0,0.0,0.0,4.0,7.0,5.0,1.4,2.9,1.7313432835820894,0.0
14,policy0,0.029296875,2.0,1.0,0.0,0.0,4.0,3.6,5.0,0.72,1.4,1.6470588235294117,0.0
14,policy0,0.0,1.0,0.0,0.0,0.0,3.0,3.0,3.0,1.0,1.5,1.5,0.0
14,policy0,0.02734375,2.0,1.0,0.0,0.0,2.0,5.0,3.0,1.6666666666666667,2.5,1.3333333333333333,0.0
14,policy0,0.0,1.0,0.0,0.0,0.0,2.0,2.0,3.0,0.6666666666666666,1.0,1.3333333333333333,0.0
14,policy0,0.0,1.0,0.0,0.0,0.0,2.0,2.0,3.0,0.6666666666666666,1.0,1.3333333333333333,0.0
14,policy0,0.0,1.0,0.0,0.0,0.0,2.0,5.0,2.0,2.5,3.5,1.4,0.0
14,policy0,0.0,1.0,0.0,0.0,0.0,2.0,7.0,2.0,3.5,3.5,1.0,0.0
14,policy0,0.05615234375,2.0,1.0,0.0,0.0,4.0,10.799999999999999,8.0,1.3499999999999999,2.9,1.8412698412698412,0.0
14,policy0,0.01708984375,2.0,1.0,0.0,0.0,6.0,8.6,8.0,1.075,2.9,2.2597402597402594,0.0
14,policy0,0.0,1.0,0.0,0.0,0.0,1.0,3.5999999999999996,1.0,3.5999999999999996,3.5999999999999996,1.0,0.0
14,policy0,0.1455078125,4.0,3.0,0.0,2.0,4.0,7.4,11.0,0.6727272727272727,3.3,2.922509225092251,0.0
14,policy0,0.3740234375,5.0,4.0,0.0,2.0,7.0,15.6,8.0,1.95,3.9,1.902439024390244,0.0
14,policy0,0.39794921875,5.0,4.0,0.0,3.0,6.0,13.399999999999999,10.0,1.3399999999999999,2.9,1.870967741935484,0.0
14,policy0,0.0498046875,2.0,1.0,0.0,0.0,2.0,2.0,2.0,1.0,1.0,1.0,0.0
14,policy0,0.0,1.0,0.0,0.0,0.0,3.0,4.799999999999999,3.0,1.5999999999999996,2.1999999999999997,1.375,0.0
14,policy0,0.03515625,2.0,1.0,0.0,0.0,0.0,0.0,0.0,0.0,0.0,0.0,0.0
14,policy0,0.07958984375,4.0,3.0,0.0,1.0,3.0,5.0,3.0,1.6666666666666667,3.5,2.1,0.0
14,policy0,0.06201171875,3.0,2.0,0.0,1.0,0.0,0.0,0.0,0.0,0.0,0.0,0.0
14,policy0,0.703125,3.0,2.0,0.0,1.0,4.0,12.0,5.0,2.4,3.9,1.4246575342465755,0.0
14,policy0,0.0322265625,2.0,1.0,0.0,0.0,2.0,2.0,2.0,1.0,1.0,1.0,0.0
14,policy0,0.0,1.0,0.0,0.0,0.0,3.0,7.800000000000001,3.0,2.6,3.9,1.5,0.0
14,policy0,0.0,1.0,0.0,0.0,0.0,0.0,0.0,0.0,0.0,0.0,0.0,0.0
14,policy0,0.01416015625,3.0,2.0,0.0,1.0,4.0,7.0,11.0,0.6363636363636364,1.25,1.5789473684210527,0.0
14,policy0,0.0,1.0,0.0,0.0,0.0,2.0,5.8,2.0,2.9,2.9,1.0,0.0
14,policy0,0.0,1.0,0.0,0.0,0.0,3.0,9.8,4.0,2.45,3.9,1.3928571428571428,0.0
14,policy1,0.04638671875,2.0,1.0,0.0,0.0,4.0,8.2,6.0,1.3666666666666665,3.3,2.078740157480315,0.0
14,policy1,0.02099609375,2.0,1.0,0.0,0.0,2.0,5.0,2.0,2.5,2.5,1.0,0.0
14,policy1,0.0576171875,4.0,3.0,0.0,1.0,3.0,2.4000000000000004,8.0,0.30000000000000004,1.2000000000000002,2.3076923076923075,0.0
14,policy1,0.0,1.0,0.0,0.0,0.0,4.0,7.0,5.0,1.4,2.9,1.7313432835820894,0.0
14,policy1,0.06982421875,3.0,2.0,0.0,1.0,4.0,3.6,9.0,0.4,1.0,1.7699115044247788,0.0
14,policy1,0.0576171875,5.0,5.0,1.0,2.0,3.0,3.0,5.0,0.6,1.0,1.5,0.0
14,policy1,0.1953125,5.0,4.0,0.0,2.0,2.0,5.0,2.0,2.5,2.5,1.0,0.0
14,policy1,0.0185546875,2.0,1.0,0.0,0.0,2.0,2.0,4.0,0.5,1.0,1.5,0.0
14,policy1,0.0126953125,11.0,17.0,7.0,0.0,2.0,2.0,9.0,0.2222222222222222,1.0,1.7777777777777777,0.0
14,policy1,0.0,1.0,0.0,0.0,0.0,2.0,5.0,4.0,1.25,3.5,1.75,0.0
14,policy1,0.02294921875,2.0,1.0,0.0,0.0,2.0,7.0,2.0,3.5,3.5,1.0,0.0
14,policy1,0.130859375,3.0,2.0,0.0,1.0,4.0,10.799999999999999,11.0,0.9818181818181817,3.3,2.31578947368421,0.0
14,policy1,0.06884765625,4.0,3.0,0.0,2.0,6.0,8.6,10.0,0.86,2.9,2.3835616438356166,0.0
14,policy1,0.02001953125,2.0,1.0,0.0,0.0,1.0,3.5999999999999996,1.0,3.5999999999999996,3.5999999999999996,1.0,0.0
14,policy1,0.02197265625,2.0,1.0,0.0,0.0,4.0,7.4,6.0,1.2333333333333334,3.3,2.0,0.0
14,policy1,0.1376953125,4.0,3.0,0.0,2.0,7.0,15.6,16.0,0.975,3.5999999999999996,2.389758179231863,0.0
14,policy1,0.0,1.0,0.0,0.0,0.0,6.0,13.399999999999999,8.0,1.6749999999999998,3.3,1.752212389380531,0.0
14,policy1,0.0,1.0,0.0,0.0,0.0,2.0,2.0,2.0,1.0,1.0,1.0,0.0
14,policy1,0.13330078125,12.0,14.0,3.0,3.0,3.0,4.799999999999999,8.0,0.5999999999999999,2.0,1.863354037267081,0.0
14,policy1,0.0,1.0,0.0,0.0,0.0,0.0,0.0,0.0,0.0,0.0,0.0,0.0
14,policy1,0.02490234375,2.0,1.0,0.0,0.0,3.0,5.0,5.0,1.0,3.5,2.423076923076923,0.0
14,policy1,0.0,1.0,0.0,0.0,0.0,0.0,0.0,0.0,0.0,0.0,0.0,0.0
14,policy1,0.6767578125,2.0,1.0,0.0,0.0,4.0,12.0,8.0,1.5,2.9,1.7058823529411764,0.0
14,policy1,0.0224609375,2.0,1.0,0.0,0.0,2.0,2.0,2.0,1.0,1.0,1.0,0.0
14,policy1,0.22802734375,7.0,6.0,0.0,4.0,3.0,7.800000000000001,15.0,0.52,1.3,1.8139534883720931,0.0
14,policy1,0.0,1.0,0.0,0.0,0.0,0.0,0.0,0.0,0.0,0.0,0.0,0.0
14,policy1,0.27099609375,3.0,2.0,0.0,1.0,4.0,7.0,4.0,1.75,2.5,1.4285714285714286,0.0
14,policy1,0.01953125,2.0,1.0,0.0,0.0,2.0,5.8,2.0,2.9,2.9,1.0,0.0
14,policy1,0.0,2.0,1.0,0.0,0.0,3.0,9.8,6.0,1.6333333333333335,1.95,1.193877551020408,0.0
14,minorminer,0.0,1.0,0.0,0.0,0.0,4.0,8.2,4.0,2.05,3.3,1.6097560975609757,0.0
14,minorminer,0.0,1.0,0.0,0.0,0.0,2.0,5.0,2.0,2.5,2.5,1.0,0.0
14,minorminer,0.0,1.0,0.0,0.0,0.0,3.0,2.4000000000000004,3.0,0.8000000000000002,1.2000000000000002,1.5,0.0
14,minorminer,0.0,1.0,0.0,0.0,0.0,4.0,7.0,4.0,1.75,2.9,1.657142857142857,0.0
14,minorminer,0.0,1.0,0.0,0.0,0.0,4.0,3.6,4.0,0.9,1.4,1.5555555555555554,0.0
14,minorminer,0.0,1.0,0.0,0.0,0.0,3.0,3.0,3.0,1.0,1.5,1.5,0.0
14,minorminer,0.0,1.0,0.0,0.0,0.0,2.0,5.0,2.0,2.5,2.5,1.0,0.0
14,minorminer,0.0,1.0,0.0,0.0,0.0,2.0,2.0,2.0,1.0,1.0,1.0,0.0
14,minorminer,0.0,1.0,0.0,0.0,0.0,2.0,2.0,2.0,1.0,1.0,1.0,0.0
14,minorminer,0.0,1.0,0.0,0.0,0.0,2.0,5.0,2.0,2.5,3.5,1.4,0.0
14,minorminer,0.0,1.0,0.0,0.0,0.0,2.0,7.0,2.0,3.5,3.5,1.0,0.0
14,minorminer,0.0,1.0,0.0,0.0,0.0,4.0,10.799999999999999,5.0,2.1599999999999997,3.3,1.382198952879581,0.0
14,minorminer,0.0,1.0,0.0,0.0,0.0,6.0,8.6,6.0,1.4333333333333333,2.9,2.0232558139534884,0.0
14,minorminer,0.0,1.0,0.0,0.0,0.0,1.0,3.5999999999999996,1.0,3.5999999999999996,3.5999999999999996,1.0,0.0
14,minorminer,0.0,1.0,0.0,0.0,0.0,4.0,7.4,4.0,1.85,3.3,1.7837837837837835,0.0
14,minorminer,0.087890625,2.0,1.0,0.0,0.0,7.0,15.6,8.0,1.95,3.9,1.902439024390244,0.0
14,minorminer,0.646484375,2.0,1.0,0.0,0.0,6.0,13.399999999999999,7.0,1.9142857142857141,3.3,1.5967741935483872,0.0
14,minorminer,0.0,1.0,0.0,0.0,0.0,2.0,2.0,2.0,1.0,1.0,1.0,0.0
14,minorminer,0.0,1.0,0.0,0.0,0.0,3.0,4.799999999999999,4.0,1.1999999999999997,2.1999999999999997,1.7368421052631577,0.0
14,minorminer,0.0,1.0,0.0,0.0,0.0,0.0,0.0,0.0,0.0,0.0,0.0,0.0
14,minorminer,0.0,1.0,0.0,0.0,0.0,3.0,5.0,3.0,1.6666666666666667,3.5,2.1,0.0
14,minorminer,0.0,1.0,0.0,0.0,0.0,0.0,0.0,0.0,0.0,0.0,0.0,0.0
14,minorminer,0.0,1.0,0.0,0.0,0.0,4.0,12.0,4.0,3.0,3.9,1.3,0.0
14,minorminer,0.0,1.0,0.0,0.0,0.0,2.0,2.0,2.0,1.0,1.0,1.0,0.0
14,minorminer,0.0,1.0,0.0,0.0,0.0,3.0,7.800000000000001,3.0,2.6,3.9,1.5,0.0
14,minorminer,0.0,1.0,0.0,0.0,0.0,0.0,0.0,0.0,0.0,0.0,0.0,0.0
14,minorminer,0.0,1.0,0.0,0.0,0.0,4.0,7.0,4.0,1.75,2.5,1.4285714285714286,0.0
14,minorminer,0.0,1.0,0.0,0.0,0.0,2.0,5.8,2.0,2.9,2.9,1.0,0.0
14,minorminer,0.0,1.0,0.0,0.0,0.0,3.0,9.8,3.0,3.266666666666667,3.9,1.193877551020408,0.0
15,policy0,0.17041015625,8.0,8.0,1.0,3.0,3.0,7.800000000000001,7.0,1.1142857142857143,1.75,1.68,0.0
15,policy0,0.0,1.0,0.0,0.0,0.0,0.0,0.0,0.0,0.0,0.0,0.0,0.0
15,policy0,0.0,1.0,0.0,0.0,0.0,3.0,6.2,4.0,1.55,2.0,1.2903225806451613,0.0
15,policy0,0.0458984375,4.0,4.0,1.0,1.0,3.0,7.8,11.0,0.7090909090909091,1.0999999999999999,1.3664596273291922,0.0
15,policy0,0.0,1.0,0.0,0.0,0.0,0.0,0.0,0.0,0.0,0.0,0.0,0.0
15,policy0,0.0341796875,2.0,1.0,0.0,0.0,2.0,5.8,2.0,2.9,3.9,1.3448275862068966,0.0
15,policy0,0.0,1.0,0.0,0.0,0.0,4.0,7.8,4.0,1.95,3.3,1.6923076923076923,0.0
15,policy0,0.6220703125,4.0,3.0,0.0,1.0,4.0,8.6,8.0,1.075,3.9,2.0129032258064514,0.0
15,policy0,0.0,1.0,0.0,0.0,0.0,2.0,7.0,3.0,2.3333333333333335,3.5,1.3333333333333333,0.0
15,policy0,0.0,1.0,0.0,0.0,0.0,0.0,0.0,0.0,0.0,0.0,0.0,0.0
15,policy0,0.0,1.0,0.0,0.0,0.0,3.0,4.6,5.0,0.9199999999999999,1.9,1.7538461538461538,0.0
15,policy0,0.1591796875,7.0,6.0,0.0,5.0,4.0,4.799999999999999,7.0,0.6857142857142856,1.4,2.0,0.0
15,policy0,0.0,1.0,0.0,0.0,0.0,0.0,0.0,0.0,0.0,0.0,0.0,0.0
15,policy0,0.20068359375,2.0,1.0,0.0,0.0,3.0,9.0,4.0,2.25,3.9,1.570469798657718,0.0
15,policy0,0.0244140625,5.0,5.0,1.0,2.0,3.0,4.0,8.0,0.5,1.4,1.9999999999999998,0.0
15,policy0,0.03125,4.0,4.0,1.0,1.0,2.0,4.0,2.0,2.0,2.0,1.0,0.0
15,policy0,0.0,1.0,0.0,0.0,0.0,0.0,0.0,0.0,0.0,0.0,0.0,0.0
15,policy0,0.0634765625,5.0,5.0,1.0,2.0,2.0,0.8,4.0,0.2,0.4,1.5,0.0
15,policy0,0.033203125,2.0,1.0,0.0,0.0,0.0,0.0,0.0,0.0,0.0,0.0,0.0
15,policy0,0.0537109375,2.0,1.0,0.0,0.0,2.0,3.0,3.0,1.0,1.5,1.3333333333333333,0.0
15,policy0,0.12158203125,3.0,2.0,0.0,1.0,3.0,5.4,15.0,0.36000000000000004,0.5999999999999999,1.4013840830449824,0.0
15,policy0,0.0,1.0,0.0,0.0,0.0,0.0,0.0,0.0,0.0,0.0,0.0,0.0
15,policy0,0.0,1.0,0.0,0.0,0.0,2.0,0.8,4.0,0.2,0.4,1.5,0.0
15,policy0,0.0,1.0,0.0,0.0,0.0,4.0,7.800000000000001,5.0,1.56,3.9,2.108108108108108,0.0
15,policy0,0.0068359375,4.0,4.0,1.0,0.0,2.0,2.8,3.0,0.9333333333333332,1.0999999999999999,1.2941176470588236,0.0
15,policy0,0.12744140625,2.0,1.0,0.0,0.0,6.0,12.600000000000001,10.0,1.2600000000000002,3.9,2.0892857142857144,0.0
15,policy0,0.095703125,4.0,3.0,0.0,1.0,5.0,7.800000000000001,13.0,0.6000000000000001,1.5,2.170767004341534,0.0
15,policy0,0.05419921875,6.0,7.0,2.0,2.0,0.0,0.0,0.0,0.0,0.0,0.0,0.0
15,policy0,0.0283203125,2.0,1.0,0.0,0.0,2.0,5.0,2.0,2.5,3.9,1.56,0.0
15,policy0,0.0576171875,7.0,6.0,0.0,4.0,4.0,9.6,14.0,0.6857142857142857,3.8,2.878787878787879,0.0
15,policy0,0.03125,6.0,6.0,1.0,1.0,2.0,7.0,13.0,0.5384615384615384,0.975,1.4778947368421052,0.0
15,policy0,0.0859375,3.0,2.0,0.0,1.0,2.0,5.0,3.0,1.6666666666666667,3.5,1.6470588235294117,0.0
15,policy1,0.0,1.0,0.0,0.0,0.0,3.0,7.800000000000001,3.0,2.6,3.9,1.5,0.0
15,policy1,0.02978515625,2.0,1.0,0.0,0.0,0.0,0.0,0.0,0.0,0.0,0.0,0.0
15,policy1,0.0,1.0,0.0,0.0,0.0,3.0,6.2,3.0,2.066666666666667,3.1,1.5,0.0
15,policy1,0.0,1.0,0.0,0.0,0.0,3.0,7.8,4.0,1.95,3.9,1.7462686567164178,0.0
15,policy1,0.02099609375,2.0,1.0,0.0,0.0,0.0,0.0,0.0,0.0,0.0,0.0,0.0
15,policy1,0.04345703125,4.0,3.0,0.0,2.0,2.0,5.8,4.0,1.45,1.9,1.1874999999999998,0.0
15,policy1,0.0517578125,4.0,5.0,2.0,0.0,4.0,7.8,6.0,1.3,2.5,1.6528925619834711,0.0
15,policy1,0.66064453125,5.0,4.0,0.0,2.0,4.0,8.6,5.0,1.72,3.9,2.2446043165467624,0.0
15,policy1,0.0,1.0,0.0,0.0,0.0,2.0,7.0,2.0,3.5,3.5,1.0,0.0
15,policy1,0.0,1.0,0.0,0.0,0.0,0.0,0.0,0.0,0.0,0.0,0.0,0.0
15,policy1,0.08740234375,4.0,3.0,0.0,2.0,3.0,4.6,3.0,1.5333333333333332,1.9,1.2391304347826086,0.0
15,policy1,0.03076171875,4.0,3.0,0.0,1.0,4.0,4.799999999999999,6.0,0.7999999999999998,1.4,1.6,0.0
15,policy1,0.0537109375,3.0,2.0,0.0,1.0,0.0,0.0,0.0,0.0,0.0,0.0,0.0
15,policy1,0.0,1.0,0.0,0.0,0.0,3.0,9.0,3.0,3.0,3.9,1.3,0.0
15,policy1,0.0,1.0,0.0,0.0,0.0,3.0,4.0,3.0,1.3333333333333333,2.0,1.5,0.0
15,policy1,0.0,1.0,0.0,0.0,0.0,2.0,4.0,2.0,2.0,2.0,1.0,0.0
15,policy1,0.2548828125,3.0,3.0,1.0,0.0,0.0,0.0,0.0,0.0,0.0,0.0,0.0
15,policy1,0.0576171875,3.0,2.0,0.0,1.0,2.0,0.8,2.0,0.4,0.4,1.0,0.0
15,policy1,0.02587890625,2.0,1.0,0.0,0.0,0.0,0.0,0.0,0.0,0.0,0.0,0.0
15,policy1,0.0,1.0,0.0,0.0,0.0,2.0,3.0,4.0,0.75,1.5,1.5,0.0
15,policy1,0.0,1.0,0.0,0.0,0.0,3.0,5.4,3.0,1.8,3.1,1.7222222222222223,0.0
15,policy1,0.0,1.0,0.0,0.0,0.0,0.0,0.0,0.0,0.0,0.0,0.0,0.0
15,policy1,0.0,1.0,0.0,0.0,0.0,2.0,0.8,2.0,0.4,0.4,1.0,0.0
15,policy1,0.0,1.0,0.0,0.0,0.0,4.0,7.800000000000001,4.0,1.9500000000000002,3.9,2.0,0.0
15,policy1,0.03466796875,4.0,3.0,0.0,2.0,2.0,2.8,3.0,0.9333333333333332,1.0999999999999999,1.2941176470588236,0.0
15,policy1,0.3232421875,3.0,2.0,0.0,1.0,6.0,12.600000000000001,11.0,1.1454545454545455,1.9,1.5944055944055944,0.0
15,policy1,0.3017578125,6.0,5.0,0.0,2.0,5.0,7.800000000000001,9.0,0.8666666666666667,3.9,3.3238636363636362,0.0
15,policy1,0.0,1.0,0.0,0.0,0.0,0.0,0.0,0.0,0.0,0.0,0.0,0.0
15,policy1,0.0,1.0,0.0,0.0,0.0,2.0,5.0,2.0,2.5,3.9,1.56,0.0
15,policy1,0.00146484375,5.0,6.0,2.0,0.0,4.0,9.6,10.0,0.96,2.0,1.732851985559567,0.0
15,policy1,0.0,1.0,0.0,0.0,0.0,2.0,7.0,2.0,3.5,3.9,1.1142857142857143,0.0
15,policy1,0.0,1.0,0.0,0.0,0.0,2.0,5.0,2.0,2.5,3.5,1.4,0.0
15,minorminer,0.0,1.0,0.0,0.0,0.0,3.0,7.800000000000001,3.0,2.6,3.9,1.5,0.0
15,minorminer,0.0,1.0,0.0,0.0,0.0,0.0,0.0,0.0,0.0,0.0,0.0,0.0
15,minorminer,0.0,1.0,0.0,0.0,0.0,3.0,6.2,3.0,2.066666666666667,3.1,1.5,0.0
15,minorminer,0.0,1.0,0.0,0.0,0.0,3.0,7.8,3.0,2.6,3.9,1.5,0.0
15,minorminer,0.0,1.0,0.0,0.0,0.0,0.0,0.0,0.0,0.0,0.0,0.0,0.0
15,minorminer,0.0,1.0,0.0,0.0,0.0,2.0,5.8,2.0,2.9,3.9,1.3448275862068966,0.0
15,minorminer,0.0,1.0,0.0,0.0,0.0,4.0,7.8,4.0,1.95,3.3,1.6923076923076923,0.0
15,minorminer,0.0,1.0,0.0,0.0,0.0,4.0,8.6,4.0,2.15,3.9,1.8139534883720931,0.0
15,minorminer,0.0,1.0,0.0,0.0,0.0,2.0,7.0,2.0,3.5,3.5,1.0,0.0
15,minorminer,0.0,1.0,0.0,0.0,0.0,0.0,0.0,0.0,0.0,0.0,0.0,0.0
15,minorminer,0.0,1.0,0.0,0.0,0.0,3.0,4.6,3.0,1.5333333333333332,1.9,1.2391304347826086,0.0
15,minorminer,0.0,1.0,0.0,0.0,0.0,4.0,4.799999999999999,4.0,1.1999999999999997,2.4,2.0,0.0
15,minorminer,0.0,1.0,0.0,0.0,0.0,0.0,0.0,0.0,0.0,0.0,0.0,0.0
15,minorminer,0.0,1.0,0.0,0.0,0.0,3.0,9.0,3.0,3.0,3.9,1.3,0.0
15,minorminer,0.0,1.0,0.0,0.0,0.0,3.0,4.0,3.0,1.3333333333333333,2.0,1.5,0.0
15,minorminer,0.0,1.0,0.0,0.0,0.0,2.0,4.0,2.0,2.0,2.0,1.0,0.0
15,minorminer,0.0,1.0,0.0,0.0,0.0,0.0,0.0,0.0,0.0,0.0,0.0,0.0
15,minorminer,0.0,1.0,0.0,0.0,0.0,2.0,0.8,2.0,0.4,0.4,1.0,0.0
15,minorminer,0.0,1.0,0.0,0.0,0.0,0.0,0.0,0.0,0.0,0.0,0.0,0.0
15,minorminer,0.0,1.0,0.0,0.0,0.0,2.0,3.0,2.0,1.5,1.5,1.0,0.0
15,minorminer,0.0,1.0,0.0,0.0,0.0,3.0,5.4,3.0,1.8,3.1,1.7222222222222223,0.0
15,minorminer,0.0,1.0,0.0,0.0,0.0,0.0,0.0,0.0,0.0,0.0,0.0,0.0
15,minorminer,0.0,1.0,0.0,0.0,0.0,2.0,0.8,2.0,0.4,0.4,1.0,0.0
15,minorminer,0.0,1.0,0.0,0.0,0.0,4.0,7.800000000000001,4.0,1.9500000000000002,3.9,2.0,0.0
15,minorminer,0.0,1.0,0.0,0.0,0.0,2.0,2.8,2.0,1.4,2.1999999999999997,1.5714285714285714,0.0
15,minorminer,0.0,1.0,0.0,0.0,0.0,6.0,12.600000000000001,6.0,2.1,3.9,1.857142857142857,0.0
15,minorminer,0.0,1.0,0.0,0.0,0.0,5.0,7.800000000000001,5.0,1.56,3.9,2.5,0.0
15,minorminer,0.0,1.0,0.0,0.0,0.0,0.0,0.0,0.0,0.0,0.0,0.0,0.0
15,minorminer,0.0,1.0,0.0,0.0,0.0,2.0,5.0,2.0,2.5,3.9,1.56,0.0
15,minorminer,0.0,1.0,0.0,0.0,0.0,4.0,9.6,4.0,2.4,3.8,1.5833333333333333,0.0
15,minorminer,0.0,1.0,0.0,0.0,0.0,2.0,7.0,2.0,3.5,3.9,1.1142857142857143,0.0
15,minorminer,0.0,1.0,0.0,0.0,0.0,2.0,5.0,2.0,2.5,3.5,1.4,0.0
