source,task,depth,action,residual,is_policy_pick,is_measured_best,spread
branch_records_p3.jsonl,pegasus3-fill30-a3.0-25,23,0,0.0794109083850934,1,0,0.02466275232919253
branch_records_p3.jsonl,pegasus3-fill30-a3.0-25,23,8,0.07703319099378898,0,1,0.02466275232919253
branch_records_p3.jsonl,pegasus3-fill30-a3.0-25,23,42,0.08875194099378905,0,0,0.02466275232919253
branch_records_p3.jsonl,pegasus3-fill30-a3.0-25,23,85,0.10169594332298151,0,0,0.02466275232919253
branch_records_p3.jsonl,pegasus3-fill30-a3.0-25,43,8,0.1163625776397518,0,0,0.021751261645962833
branch_records_p3.jsonl,pegasus3-fill30-a3.0-25,43,12,0.09866314052795057,1,0,0.021751261645962833
branch_records_p3.jsonl,pegasus3-fill30-a3.0-25,43,99,0.10397661102484496,0,0,0.021751261645962833
branch_records_p3.jsonl,pegasus3-fill30-a3.0-25,43,201,0.09461131599378897,0,1,0.021751261645962833
branch_records_p3.jsonl,pegasus3-fill30-a3.0-25,49,5,0.08353552018633553,0,0,0.03213557841614906
branch_records_p3.jsonl,pegasus3-fill30-a3.0-25,49,10,0.0703731560559008,1,0,0.03213557841614906
branch_records_p3.jsonl,pegasus3-fill30-a3.0-25,49,44,0.07019118788819897,0,1,0.03213557841614906
branch_records_p3.jsonl,pegasus3-fill30-a3.0-25,49,82,0.10232676630434803,0,0,0.03213557841614906
branch_records_p3.jsonl,pegasus3-fill30-a3.0-25,68,23,0.10776154891304368,1,0,0.020259122670807483
branch_records_p3.jsonl,pegasus3-fill30-a3.0-25,68,24,0.09683132763975189,0,0,0.020259122670807483
branch_records_p3.jsonl,pegasus3-fill30-a3.0-25,68,29,0.09000145574534177,0,1,0.020259122670807483
branch_records_p3.jsonl,pegasus3-fill30-a3.0-25,68,91,0.11026057841614925,0,0,0.020259122670807483
branch_records_p3.jsonl,pegasus3-fill30-a3.0-43,4,17,0.1046610667293233,0,0,0.026888510338345634
branch_records_p3.jsonl,pegasus3-fill30-a3.0-43,4,24,0.07777255639097766,0,1,0.026888510338345634
branch_records_p3.jsonl,pegasus3-fill30-a3.0-43,4,60,0.09564438439849632,1,0,0.026888510338345634
branch_records_p3.jsonl,pegasus3-fill30-a3.0-43,4,105,0.09931567199248123,0,0,0.026888510338345634
branch_records_p3.jsonl,pegasus3-fill30-a3.0-43,18,2,0.06866776315789501,1,1,0.06909363251879679
branch_records_p3.jsonl,pegasus3-fill30-a3.0-43,18,5,0.1377613956766918,0,0,0.06909363251879679
branch_records_p3.jsonl,pegasus3-fill30-a3.0-43,18,95,0.12736430921052652,0,0,0.06909363251879679
branch_records_p3.jsonl,pegasus3-fill30-a3.0-43,18,118,0.07984316259398515,0,0,0.06909363251879679
branch_records_p3.jsonl,pegasus3-fill30-a3.0-43,24,1,0.09377937030075201,1,0,0.09789121240601487
branch_records_p3.jsonl,pegasus3-fill30-a3.0-43,24,8,0.05473155545112814,0,1,0.09789121240601487
branch_records_p3.jsonl,pegasus3-fill30-a3.0-43,24,114,0.10990366541353395,0,0,0.09789121240601487
branch_records_p3.jsonl,pegasus3-fill30-a3.0-43,24,125,0.15262276785714302,0,0,0.09789121240601487
branch_records_p3.jsonl,pegasus3-fill30-a3.0-43,70,60,0.07073836936090255,0,0,0.05298402255639081
branch_records_p3.jsonl,pegasus3-fill30-a3.0-43,70,68,0.10636454417293262,1,0,0.05298402255639081
branch_records_p3.jsonl,pegasus3-fill30-a3.0-43,70,69,0.1101973684210528,0,0,0.05298402255639081
branch_records_p3.jsonl,pegasus3-fill30-a3.0-43,70,138,0.05721334586466199,0,1,0.05298402255639081
branch_records_p3.jsonl,pegasus3-fill30-a3.0-93,19,0,0.11481481481481468,1,0,0.03250385802469144
branch_records_p3.jsonl,pegasus3-fill30-a3.0-93,19,13,0.1319058641975308,0,0,0.03250385802469144
branch_records_p3.jsonl,pegasus3-fill30-a3.0-93,19,127,0.09940200617283937,0,1,0.03250385802469144
branch_records_p3.jsonl,pegasus3-fill30-a3.0-93,19,168,0.11141975308641959,0,0,0.03250385802469144
branch_records_p3.jsonl,pegasus3-fill30-a3.0-93,20,0,0.11060956790123451,1,0,0.07380401234567906
branch_records_p3.jsonl,pegasus3-fill30-a3.0-93,20,13,0.172511574074074,0,0,0.07380401234567906
branch_records_p3.jsonl,pegasus3-fill30-a3.0-93,20,91,0.10389660493827149,0,0,0.07380401234567906
branch_records_p3.jsonl,pegasus3-fill30-a3.0-93,20,123,0.09870756172839494,0,1,0.07380401234567906
branch_records_p3.jsonl,pegasus3-fill30-a3.0-93,30,10,0.12038966049382707,1,0,0.036728395061728494
branch_records_p3.jsonl,pegasus3-fill30-a3.0-93,30,13,0.09864969135802455,0,1,0.036728395061728494
branch_records_p3.jsonl,pegasus3-fill30-a3.0-93,30,84,0.13537808641975305,0,0,0.036728395061728494
branch_records_p3.jsonl,pegasus3-fill30-a3.0-93,30,175,0.10827546296296289,0,0,0.036728395061728494
branch_records_p3.jsonl,pegasus3-fill30-a3.0-178,2,75,0.0624583703374778,1,0,0.025560612788632225
branch_records_p3.jsonl,pegasus3-fill30-a3.0-178,2,76,0.036897757548845576,0,1,0.025560612788632225
branch_records_p3.jsonl,pegasus3-fill30-a3.0-178,2,79,0.04841529751332156,0,0,0.025560612788632225
branch_records_p3.jsonl,pegasus3-fill30-a3.0-178,2,105,0.04078319271758447,0,0,0.025560612788632225
branch_records_p3.jsonl,pegasus3-fill30-a3.0-178,25,186,0.058128885435168795,1,0,0.018885990230905855
branch_records_p3.jsonl,pegasus3-fill30-a3.0-178,25,188,0.04835979129662531,0,0,0.018885990230905855
branch_records_p3.jsonl,pegasus3-fill30-a3.0-178,25,250,0.03924289520426294,0,1,0.018885990230905855
branch_records_p3.jsonl,pegasus3-fill30-a3.0-178,25,372,0.04756882770870346,0,0,0.018885990230905855
branch_records_p3.jsonl,pegasus3-fill30-a3.0-178,38,12,0.045445714920071115,0,0,0.008270426287744229
branch_records_p3.jsonl,pegasus3-fill30-a3.0-178,38,38,0.04287855239786861,0,0,0.008270426287744229
branch_records_p3.jsonl,pegasus3-fill30-a3.0-178,38,39,0.03900699378330383,0,0,0.008270426287744229
branch_records_p3.jsonl,pegasus3-fill30-a3.0-178,38,96,0.037175288632326886,1,1,0.008270426287744229
branch_records_p3.jsonl,pegasus3-fill30-a3.0-178,40,38,0.04207371225577271,1,0,0.02134214031971572
branch_records_p3.jsonl,pegasus3-fill30-a3.0-178,40,39,0.03385879218472481,0,1,0.02134214031971572
branch_records_p3.jsonl,pegasus3-fill30-a3.0-178,40,47,0.05463199378330372,0,0,0.02134214031971572
branch_records_p3.jsonl,pegasus3-fill30-a3.0-178,40,99,0.05520093250444053,0,0,0.02134214031971572
branch_records_p3.jsonl,pegasus3-fill30-a3.0-146,22,2,0.13770338326446288,1,0,0.08094976756198348
branch_records_p3.jsonl,pegasus3-fill30-a3.0-146,22,14,0.09989992252066124,0,0,0.08094976756198348
branch_records_p3.jsonl,pegasus3-fill30-a3.0-146,22,35,0.08274147727272738,0,0,0.08094976756198348
branch_records_p3.jsonl,pegasus3-fill30-a3.0-146,22,72,0.0567536157024794,0,1,0.08094976756198348
branch_records_p3.jsonl,pegasus3-fill30-a3.0-146,34,30,0.09045712809917364,0,1,0.07473527892561974
branch_records_p3.jsonl,pegasus3-fill30-a3.0-146,34,138,0.11531508264462811,0,0,0.07473527892561974
branch_records_p3.jsonl,pegasus3-fill30-a3.0-146,34,139,0.10422585227272727,1,0,0.07473527892561974
branch_records_p3.jsonl,pegasus3-fill30-a3.0-146,34,240,0.16519240702479338,0,0,0.07473527892561974
branch_records_p3.jsonl,pegasus3-fill30-a3.0-146,52,1,0.09152246900826447,1,1,0.05978822314049595
branch_records_p3.jsonl,pegasus3-fill30-a3.0-146,52,8,0.12714682334710747,0,0,0.05978822314049595
branch_records_p3.jsonl,pegasus3-fill30-a3.0-146,52,56,0.15131069214876042,0,0,0.05978822314049595
branch_records_p3.jsonl,pegasus3-fill30-a3.0-146,52,122,0.09799522210743808,0,0,0.05978822314049595
branch_records_p3.jsonl,pegasus3-fill30-a3.0-146,56,20,0.07145854855371908,0,0,0.0210001291322314
branch_records_p3.jsonl,pegasus3-fill30-a3.0-146,56,25,0.07381521177685957,0,0,0.0210001291322314
branch_records_p3.jsonl,pegasus3-fill30-a3.0-146,56,69,0.09245867768595048,0,0,0.0210001291322314
branch_records_p3.jsonl,pegasus3-fill30-a3.0-146,56,81,0.07145854855371908,1,1,0.0210001291322314
branch_records_p3.jsonl,pegasus3-fill30-a3.0-125,14,1,0.11829304245283015,1,1,0.12746904481132076
branch_records_p3.jsonl,pegasus3-fill30-a3.0-125,14,23,0.15013266509433948,0,0,0.12746904481132076
branch_records_p3.jsonl,pegasus3-fill30-a3.0-125,14,72,0.2457620872641509,0,0,0.12746904481132076
branch_records_p3.jsonl,pegasus3-fill30-a3.0-125,14,113,0.1307856721698112,0,0,0.12746904481132076
branch_records_p3.jsonl,pegasus3-fill30-a3.0-125,32,58,0.13266509433962262,1,0,0.031065742924528295
branch_records_p3.jsonl,pegasus3-fill30-a3.0-125,32,79,0.10159935141509432,0,1,0.031065742924528295
branch_records_p3.jsonl,pegasus3-fill30-a3.0-125,32,143,0.11368661556603779,0,0,0.031065742924528295
branch_records_p3.jsonl,pegasus3-fill30-a3.0-125,32,185,0.13050928655660374,0,0,0.031065742924528295
branch_records_p3.jsonl,pegasus3-fill30-a3.0-125,66,1,0.11517909787735844,1,0,0.06052844929245266
branch_records_p3.jsonl,pegasus3-fill30-a3.0-125,66,9,0.1692769752358489,0,0,0.06052844929245266
branch_records_p3.jsonl,pegasus3-fill30-a3.0-125,66,56,0.15359669811320745,0,0,0.06052844929245266
branch_records_p3.jsonl,pegasus3-fill30-a3.0-125,66,64,0.10874852594339623,0,1,0.06052844929245266
branch_records_p3.jsonl,pegasus3-fill30-a3.0-125,68,1,0.16196196933962248,0,0,0.07338959316037713
branch_records_p3.jsonl,pegasus3-fill30-a3.0-125,68,11,0.22355910966981102,1,0,0.07338959316037713
branch_records_p3.jsonl,pegasus3-fill30-a3.0-125,68,56,0.1501695165094339,0,1,0.07338959316037713
branch_records_p3.jsonl,pegasus3-fill30-a3.0-125,68,88,0.22232458726415094,0,0,0.07338959316037713
branch_records_p3.jsonl,pegasus3-fill30-a3.0-1,3,44,0.12418573943661972,0,0,0.04093309859154942
branch_records_p3.jsonl,pegasus3-fill30-a3.0-1,3,52,0.142781690140845,0,0,0.04093309859154942
branch_records_p3.jsonl,pegasus3-fill30-a3.0-1,3,53,0.15063820422535218,1,0,0.04093309859154942
branch_records_p3.jsonl,pegasus3-fill30-a3.0-1,3,122,0.10970510563380276,0,1,0.04093309859154942
branch_records_p3.jsonl,pegasus3-fill30-a3.0-1,10,0,0.2342649647887327,1,0,0.14236355633802852
branch_records_p3.jsonl,pegasus3-fill30-a3.0-1,10,1,0.09190140845070419,0,1,0.14236355633802852
branch_records_p3.jsonl,pegasus3-fill30-a3.0-1,10,62,0.17777288732394375,0,0,0.14236355633802852
branch_records_p3.jsonl,pegasus3-fill30-a3.0-1,10,94,0.10455545774647881,0,0,0.14236355633802852
branch_records_p3.jsonl,pegasus3-fill30-a3.0-1,24,9,0.2052596830985916,1,0,0.09302376760563412
branch_records_p3.jsonl,pegasus3-fill30-a3.0-1,24,69,0.11320422535211262,0,1,0.09302376760563412
branch_records_p3.jsonl,pegasus3-fill30-a3.0-1,24,86,0.20622799295774674,0,0,0.09302376760563412
branch_records_p3.jsonl,pegasus3-fill30-a3.0-1,24,112,0.17024647887323943,0,0,0.09302376760563412
branch_records_p3.jsonl,pegasus3-fill30-a3.0-1,26,1,0.26914612676056343,0,0,0.29617077464788855
branch_records_p3.jsonl,pegasus3-fill30-a3.0-1,26,24,0.26747359154929584,1,0,0.29617077464788855
branch_records_p3.jsonl,pegasus3-fill30-a3.0-1,26,25,0.06423855633802814,0,1,0.29617077464788855
branch_records_p3.jsonl,pegasus3-fill30-a3.0-1,26,56,0.36040933098591665,0,0,0.29617077464788855
branch_records_p3.jsonl,pegasus3-fill30-a3.0-46,10,3,0.10693705673758896,0,0,0.020888741134751837
branch_records_p3.jsonl,pegasus3-fill30-a3.0-46,10,5,0.09639110520094596,1,1,0.020888741134751837
branch_records_p3.jsonl,pegasus3-fill30-a3.0-46,10,54,0.1172798463356978,0,0,0.020888741134751837
branch_records_p3.jsonl,pegasus3-fill30-a3.0-46,10,62,0.0977578309692674,0,0,0.020888741134751837
branch_records_p3.jsonl,pegasus3-fill30-a3.0-46,33,7,0.10381575059101693,0,0,0.03632904846335708
branch_records_p3.jsonl,pegasus3-fill30-a3.0-46,33,88,0.08316710992907828,1,1,0.03632904846335708
branch_records_p3.jsonl,pegasus3-fill30-a3.0-46,33,93,0.11873891843971669,0,0,0.03632904846335708
branch_records_p3.jsonl,pegasus3-fill30-a3.0-46,33,140,0.11949615839243535,0,0,0.03632904846335708
branch_records_p3.jsonl,pegasus3-fill30-a3.0-46,43,8,0.0956523345153667,1,0,0.0948581560283688
branch_records_p3.jsonl,pegasus3-fill30-a3.0-46,43,11,0.10472074468085138,0,0,0.0948581560283688
branch_records_p3.jsonl,pegasus3-fill30-a3.0-46,43,38,0.07297207446808537,0,1,0.0948581560283688
branch_records_p3.jsonl,pegasus3-fill30-a3.0-46,43,63,0.16783023049645418,0,0,0.0948581560283688
branch_records_p3.jsonl,pegasus3-fill30-a3.0-46,45,8,0.08161569148936197,0,0,0.08085845153664295
branch_records_p3.jsonl,pegasus3-fill30-a3.0-46,45,37,0.076998374704492,0,1,0.08085845153664295
branch_records_p3.jsonl,pegasus3-fill30-a3.0-46,45,59,0.09785017730496484,1,0,0.08085845153664295
branch_records_p3.jsonl,pegasus3-fill30-a3.0-46,45,60,0.15785682624113495,0,0,0.08085845153664295
branch_records_p3.jsonl,pegasus3-fill30-a3.0-58,2,12,0.11685805722891582,1,0,0.055675828313253094
branch_records_p3.jsonl,pegasus3-fill30-a3.0-58,2,16,0.08360786897590376,0,0,0.055675828313253094
branch_records_p3.jsonl,pegasus3-fill30-a3.0-58,2,18,0.07504235692771097,0,0,0.055675828313253094
branch_records_p3.jsonl,pegasus3-fill30-a3.0-58,2,45,0.061182228915662724,0,1,0.055675828313253094
branch_records_p3.jsonl,pegasus3-fill30-a3.0-58,6,5,0.10984563253012061,0,0,0.09438535391566263
branch_records_p3.jsonl,pegasus3-fill30-a3.0-58,6,25,0.031720632530120585,1,1,0.09438535391566263
branch_records_p3.jsonl,pegasus3-fill30-a3.0-58,6,27,0.09511483433734952,0,0,0.09438535391566263
branch_records_p3.jsonl,pegasus3-fill30-a3.0-58,6,109,0.12610598644578322,0,0,0.09438535391566263
branch_records_p3.jsonl,pegasus3-fill30-a3.0-58,28,85,0.04918109939759046,1,1,0.02414344879518076
branch_records_p3.jsonl,pegasus3-fill30-a3.0-58,28,87,0.0597703313253013,0,0,0.02414344879518076
branch_records_p3.jsonl,pegasus3-fill30-a3.0-58,28,133,0.07332454819277122,0,0,0.02414344879518076
branch_records_p3.jsonl,pegasus3-fill30-a3.0-58,28,136,0.06682981927710857,0,0,0.02414344879518076
branch_records_p3.jsonl,pegasus3-fill30-a3.0-58,31,0,0.03501506024096391,1,1,0.06021743222891577
branch_records_p3.jsonl,pegasus3-fill30-a3.0-58,31,82,0.09523249246987968,0,0,0.06021743222891577
branch_records_p3.jsonl,pegasus3-fill30-a3.0-58,31,126,0.04023908132530129,0,0,0.06021743222891577
branch_records_p3.jsonl,pegasus3-fill30-a3.0-58,31,136,0.04880459337349406,0,0,0.06021743222891577
branch_records_p3.jsonl,pegasus3-fill30-a3.0-45,4,2,0.06005396110056946,1,1,0.06970469639468688
branch_records_p3.jsonl,pegasus3-fill30-a3.0-45,4,24,0.09821216793168899,0,0,0.06970469639468688
branch_records_p3.jsonl,pegasus3-fill30-a3.0-45,4,39,0.06874110531309316,0,0,0.06970469639468688
branch_records_p3.jsonl,pegasus3-fill30-a3.0-45,4,60,0.12975865749525634,0,0,0.06970469639468688
branch_records_p3.jsonl,pegasus3-fill30-a3.0-45,10,5,0.09973908918406096,0,0,0.03964065464895635
branch_records_p3.jsonl,pegasus3-fill30-a3.0-45,10,13,0.06009843453510461,1,1,0.03964065464895635
branch_records_p3.jsonl,pegasus3-fill30-a3.0-45,10,14,0.08495908444022784,0,0,0.03964065464895635
branch_records_p3.jsonl,pegasus3-fill30-a3.0-45,10,109,0.07665737666034175,0,0,0.03964065464895635
branch_records_p3.jsonl,pegasus3-fill30-a3.0-45,13,10,0.07824359582542714,0,0,0.03482269924098676
branch_records_p3.jsonl,pegasus3-fill30-a3.0-45,13,72,0.08399549335863399,1,0,0.03482269924098676
branch_records_p3.jsonl,pegasus3-fill30-a3.0-45,13,73,0.10387511859582564,0,0,0.03482269924098676
branch_records_p3.jsonl,pegasus3-fill30-a3.0-45,13,123,0.06905241935483888,0,1,0.03482269924098676
branch_records_p3.jsonl,pegasus3-fill30-a3.0-45,31,66,0.12191650853889954,1,0,0.04481439753320682
branch_records_p3.jsonl,pegasus3-fill30-a3.0-45,31,68,0.11738021821631903,0,0,0.04481439753320682
branch_records_p3.jsonl,pegasus3-fill30-a3.0-45,31,252,0.1285282258064518,0,0,0.04481439753320682
branch_records_p3.jsonl,pegasus3-fill30-a3.0-45,31,369,0.08371382827324497,0,1,0.04481439753320682
branch_records_p3.jsonl,pegasus3-fill30-a3.0-88,2,0,0.14850603070175464,1,0,0.07988395467836235
branch_records_p3.jsonl,pegasus3-fill30-a3.0-88,2,8,0.11396655701754421,0,1,0.07988395467836235
branch_records_p3.jsonl,pegasus3-fill30-a3.0-88,2,22,0.19385051169590656,0,0,0.07988395467836235
branch_records_p3.jsonl,pegasus3-fill30-a3.0-88,2,122,0.12950018274853825,0,0,0.07988395467836235
branch_records_p3.jsonl,pegasus3-fill30-a3.0-88,6,1,0.14633589181286571,1,0,0.040318896198830556
branch_records_p3.jsonl,pegasus3-fill30-a3.0-88,6,8,0.16988760964912314,0,0,0.040318896198830556
branch_records_p3.jsonl,pegasus3-fill30-a3.0-88,6,70,0.12956871345029258,0,1,0.040318896198830556
branch_records_p3.jsonl,pegasus3-fill30-a3.0-88,6,136,0.13772386695906452,0,0,0.040318896198830556
branch_records_p3.jsonl,pegasus3-fill30-a3.0-88,47,9,0.16472496345029256,1,0,0.08086622807017543
branch_records_p3.jsonl,pegasus3-fill30-a3.0-88,47,11,0.15864857456140372,0,0,0.08086622807017543
branch_records_p3.jsonl,pegasus3-fill30-a3.0-88,47,29,0.1803728070175441,0,0,0.08086622807017543
branch_records_p3.jsonl,pegasus3-fill30-a3.0-88,47,78,0.09950657894736867,0,1,0.08086622807017543
branch_records_p3.jsonl,pegasus3-fill30-a3.0-88,51,1,0.1431606359649126,1,0,0.03198099415204672
branch_records_p3.jsonl,pegasus3-fill30-a3.0-88,51,3,0.16744334795321658,0,0,0.03198099415204672
branch_records_p3.jsonl,pegasus3-fill30-a3.0-88,51,69,0.1473181652046786,0,0,0.03198099415204672
branch_records_p3.jsonl,pegasus3-fill30-a3.0-88,51,104,0.13546235380116986,0,1,0.03198099415204672
branch_records_p3.jsonl,pegasus3-fill30-a3.0-95,15,4,0.08445394163763074,1,0,0.00817998693379797
branch_records_p3.jsonl,pegasus3-fill30-a3.0-95,15,21,0.08144599303135887,0,0,0.00817998693379797
branch_records_p3.jsonl,pegasus3-fill30-a3.0-95,15,104,0.07627395470383277,0,1,0.00817998693379797
branch_records_p3.jsonl,pegasus3-fill30-a3.0-95,15,118,0.08257567508710806,0,0,0.00817998693379797
branch_records_p3.jsonl,pegasus3-fill30-a3.0-95,17,4,0.07179605836236931,1,1,0.05176121515679445
branch_records_p3.jsonl,pegasus3-fill30-a3.0-95,17,10,0.11208351480836246,0,0,0.05176121515679445
branch_records_p3.jsonl,pegasus3-fill30-a3.0-95,17,64,0.12355727351916376,0,0,0.05176121515679445
branch_records_p3.jsonl,pegasus3-fill30-a3.0-95,17,93,0.07436846689895465,0,0,0.05176121515679445
branch_records_p3.jsonl,pegasus3-fill30-a3.0-95,27,4,0.07951328397212545,1,0,0.025234102787456553
branch_records_p3.jsonl,pegasus3-fill30-a3.0-95,27,6,0.06101644163763063,0,1,0.025234102787456553
branch_records_p3.jsonl,pegasus3-fill30-a3.0-95,27,71,0.08113294860627179,0,0,0.025234102787456553
branch_records_p3.jsonl,pegasus3-fill30-a3.0-95,27,82,0.08625054442508719,0,0,0.025234102787456553
branch_records_p3.jsonl,pegasus3-fill30-a3.0-95,30,15,0.07239492595818817,1,1,0.04830411585365858
branch_records_p3.jsonl,pegasus3-fill30-a3.0-95,30,18,0.12069904181184675,0,0,0.04830411585365858
branch_records_p3.jsonl,pegasus3-fill30-a3.0-95,30,61,0.09124564459930316,0,0,0.04830411585365858
branch_records_p3.jsonl,pegasus3-fill30-a3.0-95,30,108,0.0928516986062718,0,0,0.04830411585365858
branch_shard0.jsonl,pegasus3-fill30-a3.0-89,4,0,0.07609627016129025,1,1,0.022744455645161393
branch_shard0.jsonl,pegasus3-fill30-a3.0-89,4,6,0.0762096774193548,0,0,0.022744455645161393
branch_shard0.jsonl,pegasus3-fill30-a3.0-89,4,32,0.08198084677419346,0,0,0.022744455645161393
branch_shard0.jsonl,pegasus3-fill30-a3.0-89,4,72,0.09884072580645165,0,0,0.022744455645161393
branch_shard0.jsonl,pegasus3-fill30-a3.0-89,19,12,0.09595514112903221,1,0,0.029662298387096844
branch_shard0.jsonl,pegasus3-fill30-a3.0-89,19,15,0.06629284274193536,0,1,0.029662298387096844
branch_shard0.jsonl,pegasus3-fill30-a3.0-89,19,64,0.09284274193548392,0,0,0.029662298387096844
branch_shard0.jsonl,pegasus3-fill30-a3.0-89,19,109,0.08475302419354827,0,0,0.029662298387096844
branch_shard0.jsonl,pegasus3-fill30-a3.0-89,25,8,0.06990927419354837,0,0,0.016822076612903164
branch_shard0.jsonl,pegasus3-fill30-a3.0-89,25,10,0.07390372983870963,1,0,0.016822076612903164
branch_shard0.jsonl,pegasus3-fill30-a3.0-89,25,97,0.06844758064516125,0,1,0.016822076612903164
branch_shard0.jsonl,pegasus3-fill30-a3.0-89,25,99,0.08526965725806442,0,0,0.016822076612903164
branch_shard0.jsonl,pegasus3-fill30-a3.0-89,74,17,0.09255292338709678,1,0,0.021887600806451704
branch_shard0.jsonl,pegasus3-fill30-a3.0-89,74,18,0.07919606854838704,0,1,0.021887600806451704
branch_shard0.jsonl,pegasus3-fill30-a3.0-89,74,24,0.09765625,0,0,0.021887600806451704
branch_shard0.jsonl,pegasus3-fill30-a3.0-89,74,51,0.10108366935483874,0,0,0.021887600806451704
branch_shard0.jsonl,pegasus3-fill30-a3.0-21,33,10,0.04004510309278352,1,1,0.084262242268041
branch_shard0.jsonl,pegasus3-fill30-a3.0-21,33,11,0.04552190721649489,0,0,0.084262242268041
branch_shard0.jsonl,pegasus3-fill30-a3.0-21,33,101,0.12430734536082452,0,0,0.084262242268041
branch_shard0.jsonl,pegasus3-fill30-a3.0-21,33,131,0.11873389175257715,0,0,0.084262242268041
branch_shard0.jsonl,pegasus3-fill30-a3.0-21,36,19,0.07714239690721644,0,0,0.024307345360824704
branch_shard0.jsonl,pegasus3-fill30-a3.0-21,36,240,0.057844716494845384,1,0,0.024307345360824704
branch_shard0.jsonl,pegasus3-fill30-a3.0-21,36,242,0.064867912371134,0,0,0.024307345360824704
branch_shard0.jsonl,pegasus3-fill30-a3.0-21,36,361,0.05283505154639174,0,1,0.024307345360824704
branch_shard0.jsonl,pegasus3-fill30-a3.0-21,53,1,0.04371778350515464,1,0,0.07706185567010296
branch_shard0.jsonl,pegasus3-fill30-a3.0-21,53,25,0.03917525773195874,0,1,0.07706185567010296
branch_shard0.jsonl,pegasus3-fill30-a3.0-21,53,49,0.11623711340206169,0,0,0.07706185567010296
branch_shard0.jsonl,pegasus3-fill30-a3.0-21,53,66,0.08229703608247413,0,0,0.07706185567010296
branch_shard0.jsonl,pegasus3-fill30-a3.0-120,3,13,0.10307112068965532,1,0,0.01728448275862071
branch_shard0.jsonl,pegasus3-fill30-a3.0-120,3,20,0.08578663793103461,0,1,0.01728448275862071
branch_shard0.jsonl,pegasus3-fill30-a3.0-120,3,24,0.09047413793103458,0,0,0.01728448275862071
branch_shard0.jsonl,pegasus3-fill30-a3.0-120,3,136,0.09508620689655187,0,0,0.01728448275862071
branch_shard0.jsonl,pegasus3-fill30-a3.0-120,39,2,0.11891163793103451,0,0,0.03392241379310333
branch_shard0.jsonl,pegasus3-fill30-a3.0-120,39,3,0.12145474137931056,1,0,0.03392241379310333
branch_shard0.jsonl,pegasus3-fill30-a3.0-120,39,96,0.10153017241379324,0,1,0.03392241379310333
branch_shard0.jsonl,pegasus3-fill30-a3.0-120,39,150,0.13545258620689657,0,0,0.03392241379310333
branch_shard0.jsonl,pegasus3-fill30-a3.0-120,59,4,0.1720797413793106,0,0,0.09338362068965526
branch_shard0.jsonl,pegasus3-fill30-a3.0-120,59,78,0.17098060344827604,1,0,0.09338362068965526
branch_shard0.jsonl,pegasus3-fill30-a3.0-120,59,80,0.08494612068965525,0,1,0.09338362068965526
branch_shard0.jsonl,pegasus3-fill30-a3.0-120,59,150,0.1783297413793105,0,0,0.09338362068965526
branch_shard0.jsonl,pegasus3-fill30-a3.0-120,63,55,0.13056034482758627,1,0,0.04553879310344838
branch_shard0.jsonl,pegasus3-fill30-a3.0-120,63,57,0.09033405172413797,0,1,0.04553879310344838
branch_shard0.jsonl,pegasus3-fill30-a3.0-120,63,58,0.093146551724138,0,0,0.04553879310344838
branch_shard0.jsonl,pegasus3-fill30-a3.0-120,63,113,0.13587284482758635,0,0,0.04553879310344838
branch_shard0.jsonl,pegasus3-fill30-a3.0-184,24,15,0.05383522727272744,1,1,0.018491735537190038
branch_shard0.jsonl,pegasus3-fill30-a3.0-184,24,17,0.06592200413223152,0,0,0.018491735537190038
branch_shard0.jsonl,pegasus3-fill30-a3.0-184,24,95,0.07232696280991747,0,0,0.018491735537190038
branch_shard0.jsonl,pegasus3-fill30-a3.0-184,24,98,0.05903925619834728,0,0,0.018491735537190038
branch_shard0.jsonl,pegasus3-fill30-a3.0-184,38,1,0.04828254132231425,0,0,0.0812629132231403
branch_shard0.jsonl,pegasus3-fill30-a3.0-184,38,10,0.033600206611570434,1,1,0.0812629132231403
branch_shard0.jsonl,pegasus3-fill30-a3.0-184,38,79,0.11486311983471074,0,0,0.0812629132231403
branch_shard0.jsonl,pegasus3-fill30-a3.0-184,38,102,0.03855888429752084,0,0,0.0812629132231403
branch_shard0.jsonl,pegasus3-fill30-a3.0-184,58,0,0.06185433884297538,1,0,0.062202995867768646
branch_shard0.jsonl,pegasus3-fill30-a3.0-184,58,1,0.06650309917355383,0,0,0.062202995867768646
branch_shard0.jsonl,pegasus3-fill30-a3.0-184,58,64,0.1066244834710746,0,0,0.062202995867768646
branch_shard0.jsonl,pegasus3-fill30-a3.0-184,58,96,0.044421487603305956,0,1,0.062202995867768646
branch_shard0.jsonl,pegasus3-fill30-a3.0-184,62,0,0.053176652892562126,0,1,0.02209452479338843
branch_shard0.jsonl,pegasus3-fill30-a3.0-184,62,1,0.05360278925619852,1,0,0.02209452479338843
branch_shard0.jsonl,pegasus3-fill30-a3.0-184,62,4,0.0577479338842977,0,0,0.02209452479338843
branch_shard0.jsonl,pegasus3-fill30-a3.0-184,62,34,0.07527117768595055,0,0,0.02209452479338843
branch_shard0.jsonl,pegasus3-fill30-a3.0-35,14,12,0.10640484234234246,1,0,0.013400900900900792
branch_shard0.jsonl,pegasus3-fill30-a3.0-35,14,13,0.09301801801801811,0,1,0.013400900900900792
branch_shard0.jsonl,pegasus3-fill30-a3.0-35,14,87,0.1064189189189189,0,0,0.013400900900900792
branch_shard0.jsonl,pegasus3-fill30-a3.0-35,14,119,0.10068975225225228,0,0,0.013400900900900792
branch_shard0.jsonl,pegasus3-fill30-a3.0-35,33,0,0.14341216216216227,1,0,0.08631756756756759
branch_shard0.jsonl,pegasus3-fill30-a3.0-35,33,3,0.119847972972973,0,0,0.08631756756756759
branch_shard0.jsonl,pegasus3-fill30-a3.0-35,33,69,0.1945945945945946,0,0,0.08631756756756759
branch_shard0.jsonl,pegasus3-fill30-a3.0-35,33,71,0.10827702702702702,0,1,0.08631756756756759
branch_shard0.jsonl,pegasus3-fill30-a3.0-35,68,2,0.16254222972972993,0,0,0.03254504504504516
branch_shard0.jsonl,pegasus3-fill30-a3.0-35,68,7,0.12999718468468477,1,1,0.03254504504504516
branch_shard0.jsonl,pegasus3-fill30-a3.0-35,68,85,0.1596565315315316,0,0,0.03254504504504516
branch_shard0.jsonl,pegasus3-fill30-a3.0-35,68,90,0.13849943693693695,0,0,0.03254504504504516
branch_shard0.jsonl,pegasus3-fill30-a3.0-35,70,1,0.12038288288288296,0,0,0.03699324324324335
branch_shard0.jsonl,pegasus3-fill30-a3.0-35,70,8,0.1303350225225226,1,0,0.03699324324324335
branch_shard0.jsonl,pegasus3-fill30-a3.0-35,70,79,0.12438063063063066,0,0,0.03699324324324335
branch_shard0.jsonl,pegasus3-fill30-a3.0-35,70,85,0.09334177927927925,0,1,0.03699324324324335
branch_shard0.jsonl,pegasus3-fill30-a3.0-64,5,2,0.1592867080479452,0,0,0.04248715753424648
branch_shard0.jsonl,pegasus3-fill30-a3.0-64,5,50,0.17608893407534243,1,0,0.04248715753424648
branch_shard0.jsonl,pegasus3-fill30-a3.0-64,5,53,0.17578125000000022,0,0,0.04248715753424648
branch_shard0.jsonl,pegasus3-fill30-a3.0-64,5,93,0.13360177654109595,0,1,0.04248715753424648
branch_shard0.jsonl,pegasus3-fill30-a3.0-64,18,18,0.20205479452054798,1,0,0.029684824486301387
branch_shard0.jsonl,pegasus3-fill30-a3.0-64,18,27,0.18280447345890402,0,0,0.029684824486301387
branch_shard0.jsonl,pegasus3-fill30-a3.0-64,18,71,0.1723699700342466,0,1,0.029684824486301387
branch_shard0.jsonl,pegasus3-fill30-a3.0-64,18,155,0.19936590325342474,0,0,0.029684824486301387
branch_shard0.jsonl,pegasus3-fill30-a3.0-64,43,22,0.1513939426369863,1,0,0.08405126284246564
branch_shard0.jsonl,pegasus3-fill30-a3.0-64,43,23,0.1072747217465754,0,1,0.08405126284246564
branch_shard0.jsonl,pegasus3-fill30-a3.0-64,43,45,0.14565496575342463,0,0,0.08405126284246564
branch_shard0.jsonl,pegasus3-fill30-a3.0-64,43,74,0.19132598458904104,0,0,0.08405126284246564
branch_shard0.jsonl,pegasus3-fill30-a3.0-64,48,16,0.14707298801369864,0,1,0.017016267123287743
branch_shard0.jsonl,pegasus3-fill30-a3.0-64,48,30,0.16180169092465763,0,0,0.017016267123287743
branch_shard0.jsonl,pegasus3-fill30-a3.0-64,48,31,0.15523330479452058,0,0,0.017016267123287743
branch_shard0.jsonl,pegasus3-fill30-a3.0-64,48,76,0.16408925513698638,1,0,0.017016267123287743
branch_shard0.jsonl,pegasus3-fill30-a3.0-8,11,15,0.09487045677799583,1,0,0.01743614931237711
branch_shard0.jsonl,pegasus3-fill30-a3.0-8,11,23,0.09282907662082501,0,1,0.01743614931237711
branch_shard0.jsonl,pegasus3-fill30-a3.0-8,11,117,0.10562991159135547,0,0,0.01743614931237711
branch_shard0.jsonl,pegasus3-fill30-a3.0-8,11,131,0.11026522593320212,0,0,0.01743614931237711
branch_shard0.jsonl,pegasus3-fill30-a3.0-8,40,82,0.13612782416502944,1,0,0.04718197445972511
branch_shard0.jsonl,pegasus3-fill30-a3.0-8,40,83,0.12325024557956765,0,0,0.04718197445972511
branch_shard0.jsonl,pegasus3-fill30-a3.0-8,40,142,0.1324134332023575,0,0,0.04718197445972511
branch_shard0.jsonl,pegasus3-fill30-a3.0-8,40,180,0.08894584970530434,0,1,0.04718197445972511
branch_shard0.jsonl,pegasus3-fill30-a3.0-8,51,18,0.06867018664047136,0,0,0.06538555992141448
branch_shard0.jsonl,pegasus3-fill30-a3.0-8,51,43,0.13301203339882106,0,0,0.06538555992141448
branch_shard0.jsonl,pegasus3-fill30-a3.0-8,51,64,0.06762647347740658,0,1,0.06538555992141448
branch_shard0.jsonl,pegasus3-fill30-a3.0-8,51,65,0.09236861493123755,1,0,0.06538555992141448
branch_shard0.jsonl,pegasus3-fill30-a3.0-8,54,16,0.11008104125736723,0,0,0.02340680255402744
branch_shard0.jsonl,pegasus3-fill30-a3.0-8,54,43,0.1281925343811393,0,0,0.02340680255402744
branch_shard0.jsonl,pegasus3-fill30-a3.0-8,54,85,0.12001166502946953,0,0,0.02340680255402744
branch_shard0.jsonl,pegasus3-fill30-a3.0-8,54,94,0.10478573182711187,1,1,0.02340680255402744
branch_shard0.jsonl,pegasus3-fill30-a3.0-86,2,0,0.12411673964968171,1,0,0.05771048964968152
branch_shard0.jsonl,pegasus3-fill30-a3.0-86,2,3,0.11615495621019128,0,0,0.05771048964968152
branch_shard0.jsonl,pegasus3-fill30-a3.0-86,2,4,0.0664062500000002,0,1,0.05771048964968152
branch_shard0.jsonl,pegasus3-fill30-a3.0-86,2,45,0.07783887340764353,0,0,0.05771048964968152
branch_shard0.jsonl,pegasus3-fill30-a3.0-86,8,24,0.11550806130573263,1,0,0.01688146894904452
branch_shard0.jsonl,pegasus3-fill30-a3.0-86,8,25,0.11084295382165624,0,0,0.01688146894904452
branch_shard0.jsonl,pegasus3-fill30-a3.0-86,8,80,0.09862659235668811,0,1,0.01688146894904452
branch_shard0.jsonl,pegasus3-fill30-a3.0-86,8,142,0.11050706608280278,0,0,0.01688146894904452
branch_shard0.jsonl,pegasus3-fill30-a3.0-86,43,12,0.09295382165605115,0,1,0.04434962181528654
branch_shard0.jsonl,pegasus3-fill30-a3.0-86,43,34,0.1373034434713377,1,0,0.04434962181528654
branch_shard0.jsonl,pegasus3-fill30-a3.0-86,43,117,0.09705911624203845,0,0,0.04434962181528654
branch_shard0.jsonl,pegasus3-fill30-a3.0-86,43,153,0.11879229697452251,0,0,0.04434962181528654
branch_shard0.jsonl,pegasus3-fill30-a3.0-86,47,5,0.09888783837579646,0,1,0.013099621815286538
branch_shard0.jsonl,pegasus3-fill30-a3.0-86,47,10,0.11142764729299384,1,0,0.013099621815286538
branch_shard0.jsonl,pegasus3-fill30-a3.0-86,47,91,0.111987460191083,0,0,0.013099621815286538
branch_shard0.jsonl,pegasus3-fill30-a3.0-86,47,176,0.1012514928343951,0,0,0.013099621815286538
branch_shard0.jsonl,pegasus3-fill30-a3.0-155,5,24,0.08778710247349855,1,1,0.07231393551236753
branch_shard0.jsonl,pegasus3-fill30-a3.0-155,5,29,0.12662875441696153,0,0,0.07231393551236753
branch_shard0.jsonl,pegasus3-fill30-a3.0-155,5,47,0.16010103798586608,0,0,0.07231393551236753
branch_shard0.jsonl,pegasus3-fill30-a3.0-155,5,79,0.11847117932862233,0,0,0.07231393551236753
branch_shard0.jsonl,pegasus3-fill30-a3.0-155,11,30,0.09024403710247378,1,0,0.07416353798586589
branch_shard0.jsonl,pegasus3-fill30-a3.0-155,11,31,0.11294997791519473,0,0,0.07416353798586589
branch_shard0.jsonl,pegasus3-fill30-a3.0-155,11,39,0.14277826855123718,0,0,0.07416353798586589
branch_shard0.jsonl,pegasus3-fill30-a3.0-155,11,113,0.06861473056537129,0,1,0.07416353798586589
branch_shard0.jsonl,pegasus3-fill30-a3.0-155,15,17,0.0956824204947,1,1,0.033306647526501754
branch_shard0.jsonl,pegasus3-fill30-a3.0-155,15,44,0.10243208922261515,0,0,0.033306647526501754
branch_shard0.jsonl,pegasus3-fill30-a3.0-155,15,74,0.12898906802120175,0,0,0.033306647526501754
branch_shard0.jsonl,pegasus3-fill30-a3.0-155,15,121,0.09793231007067169,0,0,0.033306647526501754
branch_shard0.jsonl,pegasus3-fill30-a3.0-155,35,252,0.15422095848056583,0,0,0.0605261704946998
branch_shard0.jsonl,pegasus3-fill30-a3.0-155,35,353,0.09369478798586603,0,1,0.0605261704946998
branch_shard0.jsonl,pegasus3-fill30-a3.0-155,35,391,0.12486196996466468,0,0,0.0605261704946998
branch_shard0.jsonl,pegasus3-fill30-a3.0-155,35,393,0.10570340106007098,1,0,0.0605261704946998
branch_shard0.jsonl,pegasus3-fill30-a3.0-122,2,9,0.10702975621414906,1,0,0.07216479445506674
branch_shard0.jsonl,pegasus3-fill30-a3.0-122,2,56,0.03486496175908232,0,1,0.07216479445506674
branch_shard0.jsonl,pegasus3-fill30-a3.0-122,2,69,0.08041049235181652,0,0,0.07216479445506674
branch_shard0.jsonl,pegasus3-fill30-a3.0-122,2,134,0.08132170172084124,0,0,0.07216479445506674
branch_shard0.jsonl,pegasus3-fill30-a3.0-122,6,3,0.054224426386233364,1,0,0.034775334608030464
branch_shard0.jsonl,pegasus3-fill30-a3.0-122,6,5,0.08133663957934986,0,0,0.034775334608030464
branch_shard0.jsonl,pegasus3-fill30-a3.0-122,6,45,0.06638384321223711,0,0,0.034775334608030464
branch_shard0.jsonl,pegasus3-fill30-a3.0-122,6,117,0.0465613049713194,0,1,0.034775334608030464
branch_shard0.jsonl,pegasus3-fill30-a3.0-122,43,13,0.05544933078393892,1,1,0.03213133365200757
branch_shard0.jsonl,pegasus3-fill30-a3.0-122,43,22,0.08758066443594649,0,0,0.03213133365200757
branch_shard0.jsonl,pegasus3-fill30-a3.0-122,43,104,0.08753585086042069,0,0,0.03213133365200757
branch_shard0.jsonl,pegasus3-fill30-a3.0-122,43,147,0.07788599426386239,0,0,0.03213133365200757
branch_shard0.jsonl,pegasus3-fill30-a3.0-122,47,13,0.08232253824091794,0,0,0.04139280592734235
branch_shard0.jsonl,pegasus3-fill30-a3.0-122,47,92,0.05700286806883366,0,0,0.04139280592734235
branch_shard0.jsonl,pegasus3-fill30-a3.0-122,47,98,0.04092973231357559,0,1,0.04139280592734235
branch_shard0.jsonl,pegasus3-fill30-a3.0-122,47,198,0.07885695506692167,1,0,0.04139280592734235
branch_shard0.jsonl,pegasus3-fill30-a3.0-147,13,3,0.08708175505050503,1,0,0.04204150883838392
branch_shard0.jsonl,pegasus3-fill30-a3.0-147,13,5,0.09108664772727282,0,0,0.04204150883838392
branch_shard0.jsonl,pegasus3-fill30-a3.0-147,13,104,0.12223800505050514,0,0,0.04204150883838392
branch_shard0.jsonl,pegasus3-fill30-a3.0-147,13,119,0.08019649621212122,0,1,0.04204150883838392
branch_shard0.jsonl,pegasus3-fill30-a3.0-147,15,7,0.0713186553030303,1,0,0.03375552398989899
branch_shard0.jsonl,pegasus3-fill30-a3.0-147,15,11,0.05320785984848486,0,1,0.03375552398989899
branch_shard0.jsonl,pegasus3-fill30-a3.0-147,15,68,0.07439630681818185,0,0,0.03375552398989899
branch_shard0.jsonl,pegasus3-fill30-a3.0-147,15,110,0.08696338383838385,0,0,0.03375552398989899
branch_shard0.jsonl,pegasus3-fill30-a3.0-147,23,2,0.05488478535353536,0,1,0.054233743686868785
branch_shard0.jsonl,pegasus3-fill30-a3.0-147,23,3,0.062164614898989966,1,0,0.054233743686868785
branch_shard0.jsonl,pegasus3-fill30-a3.0-147,23,71,0.10911852904040414,0,0,0.054233743686868785
branch_shard0.jsonl,pegasus3-fill30-a3.0-147,23,82,0.05650252525252525,0,0,0.054233743686868785
branch_shard0.jsonl,pegasus3-fill30-a3.0-147,26,0,0.05531881313131313,1,1,0.04292929292929298
branch_shard0.jsonl,pegasus3-fill30-a3.0-147,26,1,0.0982481060606061,0,0,0.04292929292929298
branch_shard0.jsonl,pegasus3-fill30-a3.0-147,26,47,0.06463068181818178,0,0,0.04292929292929298
branch_shard0.jsonl,pegasus3-fill30-a3.0-147,26,65,0.059580176767676754,0,0,0.04292929292929298
branch_shard0.jsonl,pegasus3-fill30-a3.0-23,6,13,0.1260267857142858,1,0,0.05529017857142862
branch_shard0.jsonl,pegasus3-fill30-a3.0-23,6,14,0.1187499999999999,0,0,0.05529017857142862
branch_shard0.jsonl,pegasus3-fill30-a3.0-23,6,41,0.07073660714285718,0,1,0.05529017857142862
branch_shard0.jsonl,pegasus3-fill30-a3.0-23,6,117,0.10640624999999998,0,0,0.05529017857142862
branch_shard0.jsonl,pegasus3-fill30-a3.0-23,14,4,0.1567857142857142,1,0,0.07839285714285696
branch_shard0.jsonl,pegasus3-fill30-a3.0-23,14,12,0.17270089285714268,0,0,0.07839285714285696
branch_shard0.jsonl,pegasus3-fill30-a3.0-23,14,74,0.14808035714285683,0,0,0.07839285714285696
branch_shard0.jsonl,pegasus3-fill30-a3.0-23,14,109,0.09430803571428573,0,1,0.07839285714285696
branch_shard0.jsonl,pegasus3-fill30-a3.0-23,30,23,0.1268749999999999,1,0,0.028214285714285747
branch_shard0.jsonl,pegasus3-fill30-a3.0-23,30,25,0.14546874999999998,0,0,0.028214285714285747
branch_shard0.jsonl,pegasus3-fill30-a3.0-23,30,113,0.12738839285714287,0,0,0.028214285714285747
branch_shard0.jsonl,pegasus3-fill30-a3.0-23,30,172,0.11725446428571423,0,1,0.028214285714285747
branch_shard0.jsonl,pegasus3-fill30-a3.0-23,43,0,0.09790178571428579,1,0,0.03917410714285713
branch_shard0.jsonl,pegasus3-fill30-a3.0-23,43,3,0.1095982142857144,0,0,0.03917410714285713
branch_shard0.jsonl,pegasus3-fill30-a3.0-23,43,35,0.12397321428571433,0,0,0.03917410714285713
branch_shard0.jsonl,pegasus3-fill30-a3.0-23,43,37,0.0847991071428572,0,1,0.03917410714285713
branch_shard0.jsonl,pegasus3-fill30-a3.0-33,9,7,0.08947892938496588,1,1,0.06920914009111606
branch_shard0.jsonl,pegasus3-fill30-a3.0-33,9,21,0.09389236902050112,0,0,0.06920914009111606
branch_shard0.jsonl,pegasus3-fill30-a3.0-33,9,72,0.15868806947608194,0,0,0.06920914009111606
branch_shard0.jsonl,pegasus3-fill30-a3.0-33,9,140,0.12007047266514803,0,0,0.06920914009111606
branch_shard0.jsonl,pegasus3-fill30-a3.0-33,25,17,0.0815952448747152,0,0,0.05741030751708437
branch_shard0.jsonl,pegasus3-fill30-a3.0-33,25,19,0.08627562642369019,1,0,0.05741030751708437
branch_shard0.jsonl,pegasus3-fill30-a3.0-33,25,88,0.05641372437357631,0,1,0.05741030751708437
branch_shard0.jsonl,pegasus3-fill30-a3.0-33,25,99,0.11382403189066068,0,0,0.05741030751708437
branch_shard0.jsonl,pegasus3-fill30-a3.0-33,30,13,0.06121867881548974,0,1,0.06173476651480645
branch_shard0.jsonl,pegasus3-fill30-a3.0-33,30,152,0.09695330296127566,0,0,0.06173476651480645
branch_shard0.jsonl,pegasus3-fill30-a3.0-33,30,153,0.12295344533029619,1,0,0.06173476651480645
branch_shard0.jsonl,pegasus3-fill30-a3.0-33,30,279,0.09949814920273353,0,0,0.06173476651480645
branch_shard0.jsonl,pegasus3-fill30-a3.0-33,45,21,0.13989535876993173,0,0,0.03100085421412299
branch_shard0.jsonl,pegasus3-fill30-a3.0-33,45,31,0.11309439066059232,0,1,0.03100085421412299
branch_shard0.jsonl,pegasus3-fill30-a3.0-33,45,40,0.1440952448747153,0,0,0.03100085421412299
branch_shard0.jsonl,pegasus3-fill30-a3.0-33,45,73,0.13989535876993173,1,0,0.03100085421412299
branch_shard0.jsonl,pegasus3-fill30-a3.0-179,24,13,0.10690789473684217,0,0,0.023968612938596465
branch_shard0.jsonl,pegasus3-fill30-a3.0-179,24,18,0.10839843750000007,1,0,0.023968612938596465
branch_shard0.jsonl,pegasus3-fill30-a3.0-179,24,92,0.09986636513157901,0,1,0.023968612938596465
branch_shard0.jsonl,pegasus3-fill30-a3.0-179,24,148,0.12383497807017547,0,0,0.023968612938596465
branch_shard0.jsonl,pegasus3-fill30-a3.0-179,36,10,0.1305167214912282,1,0,0.04766310307017542
branch_shard0.jsonl,pegasus3-fill30-a3.0-179,36,11,0.09429824561403514,0,1,0.04766310307017542
branch_shard0.jsonl,pegasus3-fill30-a3.0-179,36,203,0.12059690241228083,0,0,0.04766310307017542
branch_shard0.jsonl,pegasus3-fill30-a3.0-179,36,276,0.14196134868421056,0,0,0.04766310307017542
branch_shard0.jsonl,pegasus3-fill30-a3.0-179,38,27,0.08658854166666677,0,1,0.07206003289473703
branch_shard0.jsonl,pegasus3-fill30-a3.0-179,38,86,0.09524054276315802,0,0,0.07206003289473703
branch_shard0.jsonl,pegasus3-fill30-a3.0-179,38,113,0.13426877741228083,1,0,0.07206003289473703
branch_shard0.jsonl,pegasus3-fill30-a3.0-179,38,114,0.1586485745614038,0,0,0.07206003289473703
branch_shard0.jsonl,pegasus3-fill30-a3.0-179,49,29,0.11449766995614043,1,0,0.05064418859649125
branch_shard0.jsonl,pegasus3-fill30-a3.0-179,49,30,0.10187088815789481,0,0,0.05064418859649125
branch_shard0.jsonl,pegasus3-fill30-a3.0-179,49,107,0.07517817982456154,0,1,0.05064418859649125
branch_shard0.jsonl,pegasus3-fill30-a3.0-179,49,131,0.1258223684210528,0,0,0.05064418859649125
branch_shard0.jsonl,pegasus3-fill30-a3.0-158,4,0,0.23442805602716502,1,0,0.0689065152801358
branch_shard0.jsonl,pegasus3-fill30-a3.0-158,4,12,0.17037616723259774,0,1,0.0689065152801358
branch_shard0.jsonl,pegasus3-fill30-a3.0-158,4,22,0.20183839134125653,0,0,0.0689065152801358
branch_shard0.jsonl,pegasus3-fill30-a3.0-158,4,121,0.23928268251273355,0,0,0.0689065152801358
branch_shard0.jsonl,pegasus3-fill30-a3.0-158,12,10,0.1437420415959252,0,1,0.026554541595925435
branch_shard0.jsonl,pegasus3-fill30-a3.0-158,12,11,0.14658053904923607,1,0,0.026554541595925435
branch_shard0.jsonl,pegasus3-fill30-a3.0-158,12,107,0.15774883276740254,0,0,0.026554541595925435
branch_shard0.jsonl,pegasus3-fill30-a3.0-158,12,138,0.17029658319185065,0,0,0.026554541595925435
branch_shard0.jsonl,pegasus3-fill30-a3.0-158,26,1,0.17247188030560268,1,0,0.02707183786078088
branch_shard0.jsonl,pegasus3-fill30-a3.0-158,26,2,0.17606642614601015,0,0,0.02707183786078088
branch_shard0.jsonl,pegasus3-fill30-a3.0-158,26,50,0.14899458828522927,0,1,0.02707183786078088
branch_shard0.jsonl,pegasus3-fill30-a3.0-158,26,82,0.15372983870967744,0,0,0.02707183786078088
branch_shard0.jsonl,pegasus3-fill30-a3.0-158,61,3,0.14554594651952474,0,0,0.030799023769100098
branch_shard0.jsonl,pegasus3-fill30-a3.0-158,61,28,0.16598578098471994,0,0,0.030799023769100098
branch_shard0.jsonl,pegasus3-fill30-a3.0-158,61,30,0.14313189728353154,0,1,0.030799023769100098
branch_shard0.jsonl,pegasus3-fill30-a3.0-158,61,85,0.17393092105263164,1,0,0.030799023769100098
branch_shard0.jsonl,pegasus3-fill30-a3.0-4,7,1,0.03522582697201019,1,0,0.04737197837150117
branch_shard0.jsonl,pegasus3-fill30-a3.0-4,7,31,0.0698155216284986,0,0,0.04737197837150117
branch_shard0.jsonl,pegasus3-fill30-a3.0-4,7,67,0.022443543256997437,0,1,0.04737197837150117
branch_shard0.jsonl,pegasus3-fill30-a3.0-4,7,118,0.056257951653944,0,0,0.04737197837150117
branch_shard0.jsonl,pegasus3-fill30-a3.0-4,15,19,0.051586354961832004,0,1,0.09327290076335859
branch_shard0.jsonl,pegasus3-fill30-a3.0-4,15,20,0.1448592557251906,1,0,0.09327290076335859
branch_shard0.jsonl,pegasus3-fill30-a3.0-4,15,79,0.0647861005089058,0,0,0.09327290076335859
branch_shard0.jsonl,pegasus3-fill30-a3.0-4,15,108,0.051944179389312964,0,0,0.09327290076335859
branch_shard0.jsonl,pegasus3-fill30-a3.0-4,21,228,0.046278625954198446,0,1,0.04924061704834595
branch_shard0.jsonl,pegasus3-fill30-a3.0-4,21,267,0.0955192430025444,0,0,0.04924061704834595
branch_shard0.jsonl,pegasus3-fill30-a3.0-4,21,384,0.06031329516539429,0,0,0.04924061704834595
branch_shard0.jsonl,pegasus3-fill30-a3.0-4,21,392,0.08015267175572509,1,0,0.04924061704834595
branch_shard0.jsonl,pegasus3-fill30-a3.0-4,23,112,0.07237993002544518,0,0,0.07593829516539423
branch_shard0.jsonl,pegasus3-fill30-a3.0-4,23,114,0.07383110687022892,1,0,0.07593829516539423
branch_shard0.jsonl,pegasus3-fill30-a3.0-4,23,229,0.053534510178117015,0,1,0.07593829516539423
branch_shard0.jsonl,pegasus3-fill30-a3.0-4,23,389,0.12947280534351124,0,0,0.07593829516539423
branch_shard0.jsonl,pegasus3-fill30-a3.0-143,2,5,0.1652837643678161,0,0,0.06742097701149419
branch_shard0.jsonl,pegasus3-fill30-a3.0-143,2,20,0.13426724137931034,0,0,0.06742097701149419
branch_shard0.jsonl,pegasus3-fill30-a3.0-143,2,30,0.1001077586206898,1,1,0.06742097701149419
branch_shard0.jsonl,pegasus3-fill30-a3.0-143,2,124,0.16752873563218398,0,0,0.06742097701149419
branch_shard0.jsonl,pegasus3-fill30-a3.0-143,12,18,0.12040229885057488,1,0,0.011135057471264337
branch_shard0.jsonl,pegasus3-fill30-a3.0-143,12,33,0.11438577586206913,0,0,0.011135057471264337
branch_shard0.jsonl,pegasus3-fill30-a3.0-143,12,70,0.1241738505747128,0,0,0.011135057471264337
branch_shard0.jsonl,pegasus3-fill30-a3.0-143,12,126,0.11303879310344846,0,1,0.011135057471264337
branch_shard0.jsonl,pegasus3-fill30-a3.0-143,25,100,0.10774066091954035,1,1,0.018534482758620796
branch_shard0.jsonl,pegasus3-fill30-a3.0-143,25,108,0.12627514367816114,0,0,0.018534482758620796
branch_shard0.jsonl,pegasus3-fill30-a3.0-143,25,203,0.1216954022988507,0,0,0.018534482758620796
branch_shard0.jsonl,pegasus3-fill30-a3.0-143,25,369,0.11338002873563235,0,0,0.018534482758620796
branch_shard0.jsonl,pegasus3-fill30-a3.0-143,33,21,0.1273168103448277,1,0,0.07467672413793083
branch_shard0.jsonl,pegasus3-fill30-a3.0-143,33,22,0.11567887931034485,0,0,0.07467672413793083
branch_shard0.jsonl,pegasus3-fill30-a3.0-143,33,154,0.10308908045977025,0,1,0.07467672413793083
branch_shard0.jsonl,pegasus3-fill30-a3.0-143,33,170,0.17776580459770108,0,0,0.07467672413793083
branch_shard0.jsonl,pegasus3-fill30-a3.0-190,12,1,0.12809048694779135,1,0,0.05886044176706834
branch_shard0.jsonl,pegasus3-fill30-a3.0-190,12,57,0.11365775602409661,0,0,0.05886044176706834
branch_shard0.jsonl,pegasus3-fill30-a3.0-190,12,153,0.08190574799196809,0,0,0.05886044176706834
branch_shard0.jsonl,pegasus3-fill30-a3.0-190,12,188,0.06923004518072301,0,1,0.05886044176706834
branch_shard0.jsonl,pegasus3-fill30-a3.0-190,16,0,0.07771711847389576,0,0,0.09605609939759038
branch_shard0.jsonl,pegasus3-fill30-a3.0-190,16,8,0.14801393072289173,1,0,0.09605609939759038
branch_shard0.jsonl,pegasus3-fill30-a3.0-190,16,108,0.05757404618473905,0,0,0.09605609939759038
branch_shard0.jsonl,pegasus3-fill30-a3.0-190,16,118,0.05195783132530135,0,1,0.09605609939759038
branch_shard0.jsonl,pegasus3-fill30-a3.0-190,57,1,0.1730829568273094,0,0,0.06948104919678717
branch_shard0.jsonl,pegasus3-fill30-a3.0-190,57,3,0.17799322289156644,1,0,0.06948104919678717
branch_shard0.jsonl,pegasus3-fill30-a3.0-190,57,44,0.10851217369477927,0,1,0.06948104919678717
branch_shard0.jsonl,pegasus3-fill30-a3.0-190,57,59,0.12692959337349433,0,0,0.06948104919678717
branch_shard0.jsonl,pegasus3-fill30-a3.0-190,63,3,0.18296623995983957,1,0,0.07799949799196798
branch_shard0.jsonl,pegasus3-fill30-a3.0-190,63,4,0.17305158132530146,0,0,0.07799949799196798
branch_shard0.jsonl,pegasus3-fill30-a3.0-190,63,38,0.23343373493975933,0,0,0.07799949799196798
branch_shard0.jsonl,pegasus3-fill30-a3.0-190,63,45,0.15543423694779135,0,1,0.07799949799196798
branch_shard0.jsonl,pegasus3-fill30-a3.0-193,7,66,0.1145126565762005,0,0,0.03028770876826703
branch_shard0.jsonl,pegasus3-fill30-a3.0-193,7,73,0.10674908663883104,1,1,0.03028770876826703
branch_shard0.jsonl,pegasus3-fill30-a3.0-193,7,92,0.13703679540709807,0,0,0.03028770876826703
branch_shard0.jsonl,pegasus3-fill30-a3.0-193,7,147,0.11045146137787062,0,0,0.03028770876826703
branch_shard0.jsonl,pegasus3-fill30-a3.0-193,9,50,0.17118997912317319,1,0,0.08450221816283901
branch_shard0.jsonl,pegasus3-fill30-a3.0-193,9,56,0.08668776096033418,0,1,0.08450221816283901
branch_shard0.jsonl,pegasus3-fill30-a3.0-193,9,78,0.1478177192066804,0,0,0.08450221816283901
branch_shard0.jsonl,pegasus3-fill30-a3.0-193,9,133,0.13449243215031303,0,0,0.08450221816283901
branch_shard0.jsonl,pegasus3-fill30-a3.0-193,18,21,0.12369519832985382,1,0,0.029211247390396614
branch_shard0.jsonl,pegasus3-fill30-a3.0-193,18,23,0.10174191022964513,0,0,0.029211247390396614
branch_shard0.jsonl,pegasus3-fill30-a3.0-193,18,98,0.0944839509394572,0,1,0.029211247390396614
branch_shard0.jsonl,pegasus3-fill30-a3.0-193,18,179,0.09913230688935286,0,0,0.029211247390396614
branch_shard0.jsonl,pegasus3-fill30-a3.0-193,40,2,0.09466336116910237,1,0,0.030369258872651225
branch_shard0.jsonl,pegasus3-fill30-a3.0-193,40,3,0.08517092901878918,0,1,0.030369258872651225
branch_shard0.jsonl,pegasus3-fill30-a3.0-193,40,55,0.11395811586638831,0,0,0.030369258872651225
branch_shard0.jsonl,pegasus3-fill30-a3.0-193,40,89,0.11554018789144041,0,0,0.030369258872651225
branch_shard0.jsonl,pegasus3-fill30-a3.0-118,18,0,0.06567189968404459,1,1,0.05253998815165874
branch_shard0.jsonl,pegasus3-fill30-a3.0-118,18,22,0.11821188783570333,0,0,0.05253998815165874
branch_shard0.jsonl,pegasus3-fill30-a3.0-118,18,80,0.09042999605055323,0,0,0.05253998815165874
branch_shard0.jsonl,pegasus3-fill30-a3.0-118,18,100,0.07745853080568754,0,0,0.05253998815165874
branch_shard0.jsonl,pegasus3-fill30-a3.0-118,36,0,0.10853574249605089,1,0,0.05253998815165861
branch_shard0.jsonl,pegasus3-fill30-a3.0-118,36,2,0.14093355055292278,0,0,0.05253998815165861
branch_shard0.jsonl,pegasus3-fill30-a3.0-118,36,85,0.08839356240126417,0,1,0.05253998815165861
branch_shard0.jsonl,pegasus3-fill30-a3.0-118,36,130,0.12935673380726734,0,0,0.05253998815165861
branch_shard0.jsonl,pegasus3-fill30-a3.0-118,46,7,0.07708827014218048,0,1,0.022734004739336455
branch_shard0.jsonl,pegasus3-fill30-a3.0-118,46,89,0.09982227488151693,1,0,0.022734004739336455
branch_shard0.jsonl,pegasus3-fill30-a3.0-118,46,94,0.09204680094786766,0,0,0.022734004739336455
branch_shard0.jsonl,pegasus3-fill30-a3.0-118,46,108,0.09761305292259118,0,0,0.022734004739336455
branch_shard0.jsonl,pegasus3-fill30-a3.0-118,60,0,0.11154719589257542,0,0,0.04851648894154817
branch_shard0.jsonl,pegasus3-fill30-a3.0-118,60,3,0.1265304107424964,1,0,0.04851648894154817
branch_shard0.jsonl,pegasus3-fill30-a3.0-118,60,4,0.07801392180094824,0,1,0.04851648894154817
branch_shard0.jsonl,pegasus3-fill30-a3.0-118,60,46,0.11712578988941583,0,0,0.04851648894154817
branch_shard0.jsonl,pegasus3-fill30-a3.0-182,7,4,0.13186331775700955,1,0,0.06332749221183787
branch_shard0.jsonl,pegasus3-fill30-a3.0-182,7,24,0.14712324766355145,0,0,0.06332749221183787
branch_shard0.jsonl,pegasus3-fill30-a3.0-182,7,59,0.12940517912772606,0,1,0.06332749221183787
branch_shard0.jsonl,pegasus3-fill30-a3.0-182,7,115,0.19273267133956393,0,0,0.06332749221183787
branch_shard0.jsonl,pegasus3-fill30-a3.0-182,13,16,0.13157126168224315,0,0,0.03022780373831778
branch_shard0.jsonl,pegasus3-fill30-a3.0-182,13,246,0.10134345794392537,0,1,0.03022780373831778
branch_shard0.jsonl,pegasus3-fill30-a3.0-182,13,250,0.11881814641744573,1,0,0.03022780373831778
branch_shard0.jsonl,pegasus3-fill30-a3.0-182,13,377,0.11037285825545193,0,0,0.03022780373831778
branch_shard0.jsonl,pegasus3-fill30-a3.0-182,22,19,0.15520346573208738,0,0,0.06176985981308414
branch_shard0.jsonl,pegasus3-fill30-a3.0-182,22,73,0.11441296728971959,0,0,0.06176985981308414
branch_shard0.jsonl,pegasus3-fill30-a3.0-182,22,82,0.09343360591900324,1,1,0.06176985981308414
branch_shard0.jsonl,pegasus3-fill30-a3.0-182,22,88,0.15388921339563894,0,0,0.06176985981308414
branch_shard0.jsonl,pegasus3-fill30-a3.0-182,26,3,0.13191199376947055,0,0,0.0340245327102803
branch_shard0.jsonl,pegasus3-fill30-a3.0-182,26,25,0.09788746105919024,0,1,0.0340245327102803
branch_shard0.jsonl,pegasus3-fill30-a3.0-182,26,44,0.10095404984423687,1,0,0.0340245327102803
branch_shard0.jsonl,pegasus3-fill30-a3.0-182,26,45,0.11360981308411222,0,0,0.0340245327102803
branch_shard0.jsonl,pegasus3-fill30-a3.0-167,16,38,0.1332812499999998,0,0,0.04630859374999985
branch_shard0.jsonl,pegasus3-fill30-a3.0-167,16,45,0.1022265625,1,0,0.04630859374999985
branch_shard0.jsonl,pegasus3-fill30-a3.0-167,16,138,0.08697265624999995,0,1,0.04630859374999985
branch_shard0.jsonl,pegasus3-fill30-a3.0-167,16,147,0.09455078124999997,0,0,0.04630859374999985
branch_shard0.jsonl,pegasus3-fill30-a3.0-167,20,13,0.11968749999999986,1,0,0.06365234374999969
branch_shard0.jsonl,pegasus3-fill30-a3.0-167,20,40,0.12777343749999978,0,0,0.06365234374999969
branch_shard0.jsonl,pegasus3-fill30-a3.0-167,20,52,0.09736328124999998,0,1,0.06365234374999969
branch_shard0.jsonl,pegasus3-fill30-a3.0-167,20,126,0.16101562499999966,0,0,0.06365234374999969
branch_shard0.jsonl,pegasus3-fill30-a3.0-167,37,3,0.11908203124999986,0,0,0.027226562499999857
branch_shard0.jsonl,pegasus3-fill30-a3.0-167,37,60,0.09593749999999995,0,0,0.027226562499999857
branch_shard0.jsonl,pegasus3-fill30-a3.0-167,37,83,0.11183593749999995,0,0,0.027226562499999857
branch_shard0.jsonl,pegasus3-fill30-a3.0-167,37,163,0.09185546875,1,1,0.027226562499999857
branch_shard0.jsonl,pegasus3-fill30-a3.0-167,43,47,0.1537890624999999,0,0,0.047910156249999974
branch_shard0.jsonl,pegasus3-fill30-a3.0-167,43,66,0.11470703124999981,1,0,0.047910156249999974
branch_shard0.jsonl,pegasus3-fill30-a3.0-167,43,69,0.1299999999999999,0,0,0.047910156249999974
branch_shard0.jsonl,pegasus3-fill30-a3.0-167,43,79,0.10587890624999993,0,1,0.047910156249999974
branch_shard0.jsonl,pegasus3-fill30-a3.0-79,7,0,0.13179976851851874,1,0,0.0640190972222223
branch_shard0.jsonl,pegasus3-fill30-a3.0-79,7,3,0.16279658564814847,0,0,0.0640190972222223
branch_shard0.jsonl,pegasus3-fill30-a3.0-79,7,9,0.11017071759259287,0,0,0.0640190972222223
branch_shard0.jsonl,pegasus3-fill30-a3.0-79,7,147,0.09877748842592618,0,1,0.0640190972222223
branch_shard0.jsonl,pegasus3-fill30-a3.0-79,8,0,0.1036241319444447,1,1,0.01517288773148158
branch_shard0.jsonl,pegasus3-fill30-a3.0-79,8,19,0.11879701967592628,0,0,0.01517288773148158
branch_shard0.jsonl,pegasus3-fill30-a3.0-79,8,57,0.11604817708333365,0,0,0.01517288773148158
branch_shard0.jsonl,pegasus3-fill30-a3.0-79,8,161,0.10429325810185222,0,0,0.01517288773148158
branch_shard0.jsonl,pegasus3-fill30-a3.0-79,29,85,0.14181857638888912,0,0,0.06246383101851828
branch_shard0.jsonl,pegasus3-fill30-a3.0-79,29,144,0.1704644097222222,0,0,0.06246383101851828
branch_shard0.jsonl,pegasus3-fill30-a3.0-79,29,145,0.14648437500000014,1,0,0.06246383101851828
branch_shard0.jsonl,pegasus3-fill30-a3.0-79,29,283,0.10800057870370393,0,1,0.06246383101851828
branch_shard0.jsonl,pegasus3-fill30-a3.0-79,44,0,0.1035698784722224,1,1,0.023365162037037063
branch_shard0.jsonl,pegasus3-fill30-a3.0-79,44,38,0.12398726851851877,0,0,0.023365162037037063
branch_shard0.jsonl,pegasus3-fill30-a3.0-79,44,47,0.12693504050925947,0,0,0.023365162037037063
branch_shard0.jsonl,pegasus3-fill30-a3.0-79,44,93,0.11134620949074081,0,0,0.023365162037037063
branch_shard0.jsonl,pegasus3-fill30-a3.0-191,14,25,0.07823893229166679,1,0,0.06616210937500004
branch_shard0.jsonl,pegasus3-fill30-a3.0-191,14,30,0.03315429687500003,0,1,0.06616210937500004
branch_shard0.jsonl,pegasus3-fill30-a3.0-191,14,75,0.09331054687500012,0,0,0.06616210937500004
branch_shard0.jsonl,pegasus3-fill30-a3.0-191,14,133,0.09931640625000007,0,0,0.06616210937500004
branch_shard0.jsonl,pegasus3-fill30-a3.0-191,19,6,0.05411783854166671,0,0,0.06461588541666666
branch_shard0.jsonl,pegasus3-fill30-a3.0-191,19,8,0.03872070312500006,1,1,0.06461588541666666
branch_shard0.jsonl,pegasus3-fill30-a3.0-191,19,88,0.10333658854166672,0,0,0.06461588541666666
branch_shard0.jsonl,pegasus3-fill30-a3.0-191,19,98,0.06126302083333342,0,0,0.06461588541666666
branch_shard0.jsonl,pegasus3-fill30-a3.0-191,22,21,0.05013020833333341,1,0,0.023404947916666752
branch_shard0.jsonl,pegasus3-fill30-a3.0-191,22,22,0.033056640625000036,0,1,0.023404947916666752
branch_shard0.jsonl,pegasus3-fill30-a3.0-191,22,29,0.05646158854166679,0,0,0.023404947916666752
branch_shard0.jsonl,pegasus3-fill30-a3.0-191,22,383,0.03408203125000004,0,0,0.023404947916666752
branch_shard0.jsonl,pegasus3-fill30-a3.0-191,35,8,0.047786458333333406,1,0,0.04549153645833326
branch_shard0.jsonl,pegasus3-fill30-a3.0-191,35,65,0.06344401041666674,0,0,0.04549153645833326
branch_shard0.jsonl,pegasus3-fill30-a3.0-191,35,85,0.03442382812500003,0,1,0.04549153645833326
branch_shard0.jsonl,pegasus3-fill30-a3.0-191,35,114,0.07991536458333329,0,0,0.04549153645833326
branch_shard0.jsonl,pegasus3-fill30-a3.0-165,7,21,0.08041958041958061,0,1,0.11101398601398599
branch_shard0.jsonl,pegasus3-fill30-a3.0-165,7,30,0.10347465034965053,1,0,0.11101398601398599
branch_shard0.jsonl,pegasus3-fill30-a3.0-165,7,92,0.1914335664335666,0,0,0.11101398601398599
branch_shard0.jsonl,pegasus3-fill30-a3.0-165,7,164,0.1389040646853149,0,0,0.11101398601398599
branch_shard0.jsonl,pegasus3-fill30-a3.0-165,17,0,0.20785074300699333,0,0,0.08096590909090931
branch_shard0.jsonl,pegasus3-fill30-a3.0-165,17,1,0.17086429195804226,1,0,0.08096590909090931
branch_shard0.jsonl,pegasus3-fill30-a3.0-165,17,104,0.15054086538461553,0,0,0.08096590909090931
branch_shard0.jsonl,pegasus3-fill30-a3.0-165,17,166,0.12688483391608402,0,1,0.08096590909090931
branch_shard0.jsonl,pegasus3-fill30-a3.0-165,34,59,0.1339871066433569,0,1,0.05698208041958033
branch_shard0.jsonl,pegasus3-fill30-a3.0-165,34,69,0.19096918706293722,1,0,0.05698208041958033
branch_shard0.jsonl,pegasus3-fill30-a3.0-165,34,72,0.17020869755244789,0,0,0.05698208041958033
branch_shard0.jsonl,pegasus3-fill30-a3.0-165,34,132,0.15477491258741272,0,0,0.05698208041958033
branch_shard0.jsonl,pegasus3-fill30-a3.0-165,40,1,0.07402753496503518,1,0,0.12538243006993013
branch_shard0.jsonl,pegasus3-fill30-a3.0-165,40,3,0.06758085664335686,0,1,0.12538243006993013
branch_shard0.jsonl,pegasus3-fill30-a3.0-165,40,51,0.192963286713287,0,0,0.12538243006993013
branch_shard0.jsonl,pegasus3-fill30-a3.0-165,40,102,0.1258741258741261,0,0,0.12538243006993013
branch_shard0.jsonl,pegasus3-fill30-a3.0-186,2,46,0.07590680803571426,0,1,0.022712053571428553
branch_shard0.jsonl,pegasus3-fill30-a3.0-186,2,60,0.09690290178571434,1,0,0.022712053571428553
branch_shard0.jsonl,pegasus3-fill30-a3.0-186,2,61,0.09319196428571434,0,0,0.022712053571428553
branch_shard0.jsonl,pegasus3-fill30-a3.0-186,2,85,0.09861886160714281,0,0,0.022712053571428553
branch_shard0.jsonl,pegasus3-fill30-a3.0-186,15,1,0.0697963169642857,1,1,0.04368024553571438
branch_shard0.jsonl,pegasus3-fill30-a3.0-186,15,16,0.1092215401785715,0,0,0.04368024553571438
branch_shard0.jsonl,pegasus3-fill30-a3.0-186,15,28,0.1015904017857143,0,0,0.04368024553571438
branch_shard0.jsonl,pegasus3-fill30-a3.0-186,15,109,0.11347656250000009,0,0,0.04368024553571438
branch_shard0.jsonl,pegasus3-fill30-a3.0-186,47,6,0.05789620535714286,1,0,0.05518973214285717
branch_shard0.jsonl,pegasus3-fill30-a3.0-186,47,66,0.05704520089285713,0,1,0.05518973214285717
branch_shard0.jsonl,pegasus3-fill30-a3.0-186,47,67,0.1122349330357143,0,0,0.05518973214285717
branch_shard0.jsonl,pegasus3-fill30-a3.0-186,47,83,0.060700334821428524,0,0,0.05518973214285717
branch_shard0.jsonl,pegasus3-fill30-a3.0-186,52,0,0.07080078124999999,1,0,0.049107142857142946
branch_shard0.jsonl,pegasus3-fill30-a3.0-186,52,10,0.0680524553571428,0,1,0.049107142857142946
branch_shard0.jsonl,pegasus3-fill30-a3.0-186,52,60,0.11715959821428575,0,0,0.049107142857142946
branch_shard0.jsonl,pegasus3-fill30-a3.0-186,52,87,0.07783203125,0,0,0.049107142857142946
branch_shard0.jsonl,pegasus3-fill30-a3.0-88,12,32,0.1821774488304096,0,0,0.04002192982456132
branch_shard0.jsonl,pegasus3-fill30-a3.0-88,12,39,0.14215551900584827,1,1,0.04002192982456132
branch_shard0.jsonl,pegasus3-fill30-a3.0-88,12,90,0.16518183479532178,0,0,0.04002192982456132
branch_shard0.jsonl,pegasus3-fill30-a3.0-88,12,156,0.16422240497076046,0,0,0.04002192982456132
branch_shard0.jsonl,pegasus3-fill30-a3.0-88,19,2,0.20643731725146214,1,0,0.04340277777777768
branch_shard0.jsonl,pegasus3-fill30-a3.0-88,19,48,0.18530701754385986,0,0,0.04340277777777768
branch_shard0.jsonl,pegasus3-fill30-a3.0-88,19,59,0.18306834795321647,0,0,0.04340277777777768
branch_shard0.jsonl,pegasus3-fill30-a3.0-88,19,138,0.16303453947368446,0,1,0.04340277777777768
branch_shard0.jsonl,pegasus3-fill30-a3.0-88,20,1,0.14003106725146236,1,0,0.08867872807017545
branch_shard0.jsonl,pegasus3-fill30-a3.0-88,20,22,0.1973684210526318,0,0,0.08867872807017545
branch_shard0.jsonl,pegasus3-fill30-a3.0-88,20,130,0.10868969298245636,0,1,0.08867872807017545
branch_shard0.jsonl,pegasus3-fill30-a3.0-88,20,131,0.1496938961988306,0,0,0.08867872807017545
branch_shard0.jsonl,pegasus3-fill30-a3.0-88,50,1,0.19314236111111138,1,0,0.042534722222222515
branch_shard0.jsonl,pegasus3-fill30-a3.0-88,50,4,0.19899031432748573,0,0,0.042534722222222515
branch_shard0.jsonl,pegasus3-fill30-a3.0-88,50,43,0.18537554824561403,0,1,0.042534722222222515
branch_shard0.jsonl,pegasus3-fill30-a3.0-88,50,57,0.22791027046783655,0,0,0.042534722222222515
branch_shard0.jsonl,pegasus3-fill30-a3.0-189,3,0,0.03595566860465112,1,0,0.012899709302325542
branch_shard0.jsonl,pegasus3-fill30-a3.0-189,3,9,0.02385537790697672,0,0,0.012899709302325542
branch_shard0.jsonl,pegasus3-fill30-a3.0-189,3,67,0.023055959302325575,0,1,0.012899709302325542
branch_shard0.jsonl,pegasus3-fill30-a3.0-189,3,99,0.02747093023255813,0,0,0.012899709302325542
branch_shard0.jsonl,pegasus3-fill30-a3.0-189,5,33,0.05376090116279073,0,0,0.0242369186046512
branch_shard0.jsonl,pegasus3-fill30-a3.0-189,5,38,0.029523982558139532,0,1,0.0242369186046512
branch_shard0.jsonl,pegasus3-fill30-a3.0-189,5,41,0.04356831395348835,1,0,0.0242369186046512
branch_shard0.jsonl,pegasus3-fill30-a3.0-189,5,87,0.029614825581395346,0,0,0.0242369186046512
branch_shard0.jsonl,pegasus3-fill30-a3.0-189,13,3,0.09073401162790702,0,0,0.068968023255814
branch_shard0.jsonl,pegasus3-fill30-a3.0-189,13,5,0.06380813953488373,1,0,0.068968023255814
branch_shard0.jsonl,pegasus3-fill30-a3.0-189,13,57,0.05174418604651157,0,0,0.068968023255814
branch_shard0.jsonl,pegasus3-fill30-a3.0-189,13,83,0.021765988372093023,0,1,0.068968023255814
branch_shard0.jsonl,pegasus3-fill30-a3.0-189,18,269,0.022002180232558146,0,1,0.03862645348837203
branch_shard0.jsonl,pegasus3-fill30-a3.0-189,18,355,0.06062863372093018,0,0,0.03862645348837203
branch_shard0.jsonl,pegasus3-fill30-a3.0-189,18,364,0.029505813953488343,1,0,0.03862645348837203
branch_shard0.jsonl,pegasus3-fill30-a3.0-189,18,366,0.02721656976744185,0,0,0.03862645348837203
branch_shard0.jsonl,pegasus3-fill30-a3.0-53,13,0,0.1448304157549233,0,0,0.1275471827133478
branch_shard0.jsonl,pegasus3-fill30-a3.0-53,13,20,0.12007658643326055,1,0,0.1275471827133478
branch_shard0.jsonl,pegasus3-fill30-a3.0-53,13,108,0.11782002188183818,0,1,0.1275471827133478
branch_shard0.jsonl,pegasus3-fill30-a3.0-53,13,165,0.245367204595186,0,0,0.1275471827133478
branch_shard0.jsonl,pegasus3-fill30-a3.0-53,19,6,0.13486392231947508,0,0,0.08063799234135652
branch_shard0.jsonl,pegasus3-fill30-a3.0-53,19,41,0.13006017505470463,1,1,0.08063799234135652
branch_shard0.jsonl,pegasus3-fill30-a3.0-53,19,139,0.14652283916849013,0,0,0.08063799234135652
branch_shard0.jsonl,pegasus3-fill30-a3.0-53,19,220,0.21069816739606115,0,0,0.08063799234135652
branch_shard0.jsonl,pegasus3-fill30-a3.0-53,38,1,0.17529403719912456,1,0,0.03384846827133445
branch_shard0.jsonl,pegasus3-fill30-a3.0-53,38,17,0.1747640864332604,0,0,0.03384846827133445
branch_shard0.jsonl,pegasus3-fill30-a3.0-53,38,82,0.1622846006564551,0,0,0.03384846827133445
branch_shard0.jsonl,pegasus3-fill30-a3.0-53,38,143,0.14144556892779012,0,1,0.03384846827133445
branch_shard0.jsonl,pegasus3-fill30-a3.0-53,41,2,0.1526087253829322,0,0,0.04872128008752699
branch_shard0.jsonl,pegasus3-fill30-a3.0-53,41,5,0.1544037199124727,1,0,0.04872128008752699
branch_shard0.jsonl,pegasus3-fill30-a3.0-53,41,29,0.14799302516411386,0,1,0.04872128008752699
branch_shard0.jsonl,pegasus3-fill30-a3.0-53,41,72,0.19671430525164085,0,0,0.04872128008752699
branch_shard0.jsonl,pegasus3-fill30-a3.0-12,2,0,0.07943517080745355,1,0,0.04318711180124238
branch_shard0.jsonl,pegasus3-fill30-a3.0-12,2,9,0.10136840062111818,0,0,0.04318711180124238
branch_shard0.jsonl,pegasus3-fill30-a3.0-12,2,20,0.06596143892339555,0,1,0.04318711180124238
branch_shard0.jsonl,pegasus3-fill30-a3.0-12,2,73,0.10914855072463793,0,0,0.04318711180124238
branch_shard0.jsonl,pegasus3-fill30-a3.0-12,4,19,0.09569099378882003,0,0,0.077332427536232
branch_shard0.jsonl,pegasus3-fill30-a3.0-12,4,23,0.1348343685300209,1,0,0.077332427536232
branch_shard0.jsonl,pegasus3-fill30-a3.0-12,4,48,0.11932259316770198,0,0,0.077332427536232
branch_shard0.jsonl,pegasus3-fill30-a3.0-12,4,92,0.0575019409937889,0,1,0.077332427536232
branch_shard0.jsonl,pegasus3-fill30-a3.0-12,15,2,0.14078674948240183,0,0,0.06531444099378897
branch_shard0.jsonl,pegasus3-fill30-a3.0-12,15,5,0.15628234989648065,1,0,0.06531444099378897
branch_shard0.jsonl,pegasus3-fill30-a3.0-12,15,106,0.11586115424430657,0,0,0.06531444099378897
branch_shard0.jsonl,pegasus3-fill30-a3.0-12,15,140,0.09096790890269169,0,1,0.06531444099378897
branch_shard0.jsonl,pegasus3-fill30-a3.0-12,36,5,0.08703739648033139,0,0,0.0866168478260871
branch_shard0.jsonl,pegasus3-fill30-a3.0-12,36,80,0.11057194616977253,1,0,0.0866168478260871
branch_shard0.jsonl,pegasus3-fill30-a3.0-12,36,85,0.06811270703933757,0,1,0.0866168478260871
branch_shard0.jsonl,pegasus3-fill30-a3.0-12,36,106,0.15472955486542467,0,0,0.0866168478260871
branch_shard1.jsonl,pegasus3-fill30-a3.0-92,10,43,0.09849917763157884,0,0,0.0394531250000001
branch_shard1.jsonl,pegasus3-fill30-a3.0-92,10,51,0.13342927631578946,1,0,0.0394531250000001
branch_shard1.jsonl,pegasus3-fill30-a3.0-92,10,83,0.09397615131578936,0,1,0.0394531250000001
branch_shard1.jsonl,pegasus3-fill30-a3.0-92,10,135,0.09560032894736849,0,0,0.0394531250000001
branch_shard1.jsonl,pegasus3-fill30-a3.0-92,12,26,0.1143297697368421,1,0,0.03630756578947368
branch_shard1.jsonl,pegasus3-fill30-a3.0-92,12,32,0.08961759868421046,0,0,0.03630756578947368
branch_shard1.jsonl,pegasus3-fill30-a3.0-92,12,118,0.11056743421052637,0,0,0.03630756578947368
branch_shard1.jsonl,pegasus3-fill30-a3.0-92,12,125,0.07802220394736842,0,1,0.03630756578947368
branch_shard1.jsonl,pegasus3-fill30-a3.0-92,39,8,0.1329769736842105,1,1,0.03240131578947378
branch_shard1.jsonl,pegasus3-fill30-a3.0-92,39,102,0.16537828947368427,0,0,0.03240131578947378
branch_shard1.jsonl,pegasus3-fill30-a3.0-92,39,109,0.1428659539473684,0,0,0.03240131578947378
branch_shard1.jsonl,pegasus3-fill30-a3.0-92,39,130,0.14601151315789468,0,0,0.03240131578947378
branch_shard1.jsonl,pegasus3-fill30-a3.0-92,44,1,0.16138980263157898,0,0,0.050267269736842174
branch_shard1.jsonl,pegasus3-fill30-a3.0-92,44,5,0.11907894736842098,1,1,0.050267269736842174
branch_shard1.jsonl,pegasus3-fill30-a3.0-92,44,87,0.1306332236842104,0,0,0.050267269736842174
branch_shard1.jsonl,pegasus3-fill30-a3.0-92,44,167,0.16934621710526315,0,0,0.050267269736842174
branch_shard1.jsonl,pegasus3-fill30-a3.0-148,12,4,0.04790296052631582,0,0,0.045881304824561396
branch_shard1.jsonl,pegasus3-fill30-a3.0-148,12,64,0.053608141447368446,0,0,0.045881304824561396
branch_shard1.jsonl,pegasus3-fill30-a3.0-148,12,66,0.037846080043859705,1,1,0.045881304824561396
branch_shard1.jsonl,pegasus3-fill30-a3.0-148,12,122,0.0837273848684211,0,0,0.045881304824561396
branch_shard1.jsonl,pegasus3-fill30-a3.0-148,48,3,0.09470942982456135,1,0,0.05175781249999992
branch_shard1.jsonl,pegasus3-fill30-a3.0-148,48,4,0.09027206688596488,0,0,0.05175781249999992
branch_shard1.jsonl,pegasus3-fill30-a3.0-148,48,58,0.07199150219298245,0,0,0.05175781249999992
branch_shard1.jsonl,pegasus3-fill30-a3.0-148,48,69,0.04295161732456143,0,1,0.05175781249999992
branch_shard1.jsonl,pegasus3-fill30-a3.0-148,60,27,0.08165433114035087,0,0,0.019993832236842077
branch_shard1.jsonl,pegasus3-fill30-a3.0-148,60,28,0.07276247258771934,0,1,0.019993832236842077
branch_shard1.jsonl,pegasus3-fill30-a3.0-148,60,45,0.09275630482456142,0,0,0.019993832236842077
branch_shard1.jsonl,pegasus3-fill30-a3.0-148,60,86,0.08982661732456138,1,0,0.019993832236842077
branch_shard1.jsonl,pegasus3-fill30-a3.0-107,12,4,0.034329760579064575,1,0,0.08943485523385308
branch_shard1.jsonl,pegasus3-fill30-a3.0-107,12,8,0.03158059576837413,0,1,0.08943485523385308
branch_shard1.jsonl,pegasus3-fill30-a3.0-107,12,80,0.12101545100222721,0,0,0.08943485523385308
branch_shard1.jsonl,pegasus3-fill30-a3.0-107,12,111,0.07316606347438746,0,0,0.08943485523385308
branch_shard1.jsonl,pegasus3-fill30-a3.0-107,21,240,0.10641703786191534,0,0,0.07017330178173717
branch_shard1.jsonl,pegasus3-fill30-a3.0-107,21,368,0.07885579064587972,0,0,0.07017330178173717
branch_shard1.jsonl,pegasus3-fill30-a3.0-107,21,407,0.06618875278396437,1,0,0.07017330178173717
branch_shard1.jsonl,pegasus3-fill30-a3.0-107,21,410,0.03624373608017817,0,1,0.07017330178173717
branch_shard1.jsonl,pegasus3-fill30-a3.0-107,26,1,0.07379245545657011,1,0,0.04788418708240533
branch_shard1.jsonl,pegasus3-fill30-a3.0-107,26,30,0.0954029788418708,0,0,0.04788418708240533
branch_shard1.jsonl,pegasus3-fill30-a3.0-107,26,65,0.05794125835189309,0,0,0.04788418708240533
branch_shard1.jsonl,pegasus3-fill30-a3.0-107,26,96,0.04751879175946547,0,1,0.04788418708240533
branch_shard1.jsonl,pegasus3-fill30-a3.0-107,30,0,0.1323427060133629,0,0,0.07370545657015577
branch_shard1.jsonl,pegasus3-fill30-a3.0-107,30,16,0.11894487750556801,0,0,0.07370545657015577
branch_shard1.jsonl,pegasus3-fill30-a3.0-107,30,38,0.12397341314031175,1,0,0.07370545657015577
branch_shard1.jsonl,pegasus3-fill30-a3.0-107,30,39,0.058637249443207126,0,1,0.07370545657015577
branch_shard1.jsonl,pegasus3-fill30-a3.0-162,3,45,0.09188391265597154,0,1,0.03840797682709454
branch_shard1.jsonl,pegasus3-fill30-a3.0-162,3,80,0.13029188948306608,1,0,0.03840797682709454
branch_shard1.jsonl,pegasus3-fill30-a3.0-162,3,81,0.1168254233511587,0,0,0.03840797682709454
branch_shard1.jsonl,pegasus3-fill30-a3.0-162,3,156,0.10312221479500897,0,0,0.03840797682709454
branch_shard1.jsonl,pegasus3-fill30-a3.0-162,41,3,0.07386363636363648,1,0,0.06468638591800366
branch_shard1.jsonl,pegasus3-fill30-a3.0-162,41,13,0.08671735739750461,0,0,0.06468638591800366
branch_shard1.jsonl,pegasus3-fill30-a3.0-162,41,66,0.13388480392156885,0,0,0.06468638591800366
branch_shard1.jsonl,pegasus3-fill30-a3.0-162,41,69,0.06919841800356519,0,1,0.06468638591800366
branch_shard1.jsonl,pegasus3-fill30-a3.0-162,43,21,0.11245265151515163,0,0,0.05266822638146168
branch_shard1.jsonl,pegasus3-fill30-a3.0-162,43,43,0.07564616755793241,0,1,0.05266822638146168
branch_shard1.jsonl,pegasus3-fill30-a3.0-162,43,44,0.1283143939393941,0,0,0.05266822638146168
branch_shard1.jsonl,pegasus3-fill30-a3.0-162,43,94,0.09568571746880583,1,0,0.05266822638146168
branch_shard1.jsonl,pegasus3-fill30-a3.0-162,55,0,0.1322972370766491,1,0,0.028492647058823664
branch_shard1.jsonl,pegasus3-fill30-a3.0-162,55,1,0.11355280748663106,0,0,0.028492647058823664
branch_shard1.jsonl,pegasus3-fill30-a3.0-162,55,6,0.10380459001782542,0,1,0.028492647058823664
branch_shard1.jsonl,pegasus3-fill30-a3.0-162,55,49,0.12566844919786102,0,0,0.028492647058823664
branch_shard1.jsonl,pegasus3-fill30-a3.0-191,6,26,0.07639973958333346,1,0,0.004003906249999939
branch_shard1.jsonl,pegasus3-fill30-a3.0-191,6,29,0.07696940104166675,0,0,0.004003906249999939
branch_shard1.jsonl,pegasus3-fill30-a3.0-191,6,44,0.07296549479166681,0,1,0.004003906249999939
branch_shard1.jsonl,pegasus3-fill30-a3.0-191,6,90,0.07516276041666674,0,0,0.004003906249999939
branch_shard1.jsonl,pegasus3-fill30-a3.0-191,16,9,0.0765625000000001,0,0,0.03281250000000001
branch_shard1.jsonl,pegasus3-fill30-a3.0-191,16,13,0.057112630208333404,1,0,0.03281250000000001
branch_shard1.jsonl,pegasus3-fill30-a3.0-191,16,39,0.08570963541666674,0,0,0.03281250000000001
branch_shard1.jsonl,pegasus3-fill30-a3.0-191,16,84,0.05289713541666673,0,1,0.03281250000000001
branch_shard1.jsonl,pegasus3-fill30-a3.0-191,36,3,0.06702473958333344,0,0,0.09863281250000017
branch_shard1.jsonl,pegasus3-fill30-a3.0-191,36,4,0.05388997395833339,1,1,0.09863281250000017
branch_shard1.jsonl,pegasus3-fill30-a3.0-191,36,40,0.09142252604166676,0,0,0.09863281250000017
branch_shard1.jsonl,pegasus3-fill30-a3.0-191,36,77,0.15252278645833356,0,0,0.09863281250000017
branch_shard1.jsonl,pegasus3-fill30-a3.0-191,41,6,0.041715494791666724,0,0,0.0011718749999999958
branch_shard1.jsonl,pegasus3-fill30-a3.0-191,41,18,0.04054361979166673,0,0,0.0011718749999999958
branch_shard1.jsonl,pegasus3-fill30-a3.0-191,41,30,0.04054361979166673,0,0,0.0011718749999999958
branch_shard1.jsonl,pegasus3-fill30-a3.0-191,41,62,0.04054361979166673,1,1,0.0011718749999999958
branch_shard1.jsonl,pegasus3-fill30-a3.0-127,7,78,0.051457071799308134,0,1,0.06405439013840816
branch_shard1.jsonl,pegasus3-fill30-a3.0-127,7,88,0.1155114619377163,1,0,0.06405439013840816
branch_shard1.jsonl,pegasus3-fill30-a3.0-127,7,89,0.08564013840830448,0,0,0.06405439013840816
branch_shard1.jsonl,pegasus3-fill30-a3.0-127,7,177,0.11364619377162635,0,0,0.06405439013840816
branch_shard1.jsonl,pegasus3-fill30-a3.0-127,8,28,0.10133272058823532,0,0,0.06612240484429056
branch_shard1.jsonl,pegasus3-fill30-a3.0-127,8,54,0.03521031574394476,0,1,0.06612240484429056
branch_shard1.jsonl,pegasus3-fill30-a3.0-127,8,74,0.07046118079584782,1,0,0.06612240484429056
branch_shard1.jsonl,pegasus3-fill30-a3.0-127,8,163,0.07865214100346031,0,0,0.06612240484429056
branch_shard1.jsonl,pegasus3-fill30-a3.0-127,17,11,0.08728914359861599,1,0,0.047510272491349426
branch_shard1.jsonl,pegasus3-fill30-a3.0-127,17,18,0.06808228806228384,0,0,0.047510272491349426
branch_shard1.jsonl,pegasus3-fill30-a3.0-127,17,103,0.039778871107266564,0,1,0.047510272491349426
branch_shard1.jsonl,pegasus3-fill30-a3.0-127,17,105,0.04455017301038076,0,0,0.047510272491349426
branch_shard1.jsonl,pegasus3-fill30-a3.0-127,33,38,0.07800335207612463,0,0,0.020734212802768076
branch_shard1.jsonl,pegasus3-fill30-a3.0-127,33,110,0.0725291955017302,1,1,0.020734212802768076
branch_shard1.jsonl,pegasus3-fill30-a3.0-127,33,111,0.08466695501730102,0,0,0.020734212802768076
branch_shard1.jsonl,pegasus3-fill30-a3.0-127,33,126,0.09326340830449828,0,0,0.020734212802768076
branch_shard1.jsonl,pegasus3-fill30-a3.0-32,4,1,0.04165288800705477,0,0,0.022183641975308678
branch_shard1.jsonl,pegasus3-fill30-a3.0-32,4,2,0.025380291005291062,1,0,0.022183641975308678
branch_shard1.jsonl,pegasus3-fill30-a3.0-32,4,29,0.04081238977072317,0,0,0.022183641975308678
branch_shard1.jsonl,pegasus3-fill30-a3.0-32,4,52,0.019469246031746094,0,1,0.022183641975308678
branch_shard1.jsonl,pegasus3-fill30-a3.0-32,26,320,0.03287588183421525,0,0,0.01791225749559083
branch_shard1.jsonl,pegasus3-fill30-a3.0-32,26,362,0.014963624338624418,0,1,0.01791225749559083
branch_shard1.jsonl,pegasus3-fill30-a3.0-32,26,405,0.01780202821869497,0,0,0.01791225749559083
branch_shard1.jsonl,pegasus3-fill30-a3.0-32,26,410,0.02736441798941811,1,0,0.01791225749559083
branch_shard1.jsonl,pegasus3-fill30-a3.0-32,27,4,0.019634589947090025,0,1,0.01997905643738978
branch_shard1.jsonl,pegasus3-fill30-a3.0-32,27,5,0.035631613756613834,1,0,0.01997905643738978
branch_shard1.jsonl,pegasus3-fill30-a3.0-32,27,31,0.027529761904761977,0,0,0.01997905643738978
branch_shard1.jsonl,pegasus3-fill30-a3.0-32,27,47,0.039613646384479805,0,0,0.01997905643738978
branch_shard1.jsonl,pegasus3-fill30-a3.0-32,48,1,0.05248291446208128,1,0,0.021205357142857144
branch_shard1.jsonl,pegasus3-fill30-a3.0-32,48,2,0.04895557760141106,0,0,0.021205357142857144
branch_shard1.jsonl,pegasus3-fill30-a3.0-32,48,53,0.06887951940035279,0,0,0.021205357142857144
branch_shard1.jsonl,pegasus3-fill30-a3.0-32,48,84,0.04767416225749565,0,1,0.021205357142857144
branch_shard1.jsonl,pegasus3-fill30-a3.0-194,3,2,0.039616578014184445,0,0,0.03583037825059099
branch_shard1.jsonl,pegasus3-fill30-a3.0-194,3,23,0.028461140661938625,0,1,0.03583037825059099
branch_shard1.jsonl,pegasus3-fill30-a3.0-194,3,25,0.0532838356973996,1,0,0.03583037825059099
branch_shard1.jsonl,pegasus3-fill30-a3.0-194,3,55,0.06429151891252961,0,0,0.03583037825059099
branch_shard1.jsonl,pegasus3-fill30-a3.0-194,13,0,0.037972813238770754,1,0,0.0623337765957447
branch_shard1.jsonl,pegasus3-fill30-a3.0-194,13,8,0.03734485815602842,0,1,0.0623337765957447
branch_shard1.jsonl,pegasus3-fill30-a3.0-194,13,69,0.09967863475177312,0,0,0.0623337765957447
branch_shard1.jsonl,pegasus3-fill30-a3.0-194,13,91,0.0890403368794327,0,0,0.0623337765957447
branch_shard1.jsonl,pegasus3-fill30-a3.0-194,37,1,0.0687056737588653,1,0,0.02705747635933812
branch_shard1.jsonl,pegasus3-fill30-a3.0-194,37,2,0.08872635933806156,0,0,0.02705747635933812
branch_shard1.jsonl,pegasus3-fill30-a3.0-194,37,42,0.08409057328605206,0,0,0.02705747635933812
branch_shard1.jsonl,pegasus3-fill30-a3.0-194,37,69,0.06166888297872344,0,1,0.02705747635933812
branch_shard1.jsonl,pegasus3-fill30-a3.0-194,39,1,0.0726765661938535,1,0,0.06486406619385349
branch_shard1.jsonl,pegasus3-fill30-a3.0-194,39,2,0.10067597517730509,0,0,0.06486406619385349
branch_shard1.jsonl,pegasus3-fill30-a3.0-194,39,32,0.11077866430260058,0,0,0.06486406619385349
branch_shard1.jsonl,pegasus3-fill30-a3.0-194,39,41,0.04591459810874709,0,1,0.06486406619385349
branch_shard1.jsonl,pegasus3-fill30-a3.0-28,6,20,0.1498173701298703,0,0,0.07339691558441558
branch_shard1.jsonl,pegasus3-fill30-a3.0-28,6,29,0.21436688311688334,1,0,0.07339691558441558
branch_shard1.jsonl,pegasus3-fill30-a3.0-28,6,58,0.15405844155844195,0,0,0.07339691558441558
branch_shard1.jsonl,pegasus3-fill30-a3.0-28,6,144,0.14096996753246777,0,1,0.07339691558441558
branch_shard1.jsonl,pegasus3-fill30-a3.0-28,10,55,0.1031047077922079,1,1,0.050689935064935215
branch_shard1.jsonl,pegasus3-fill30-a3.0-28,10,59,0.15379464285714312,0,0,0.050689935064935215
branch_shard1.jsonl,pegasus3-fill30-a3.0-28,10,73,0.14056412337662366,0,0,0.050689935064935215
branch_shard1.jsonl,pegasus3-fill30-a3.0-28,10,121,0.12579139610389634,0,0,0.050689935064935215
branch_shard1.jsonl,pegasus3-fill30-a3.0-28,34,91,0.11083603896103922,0,0,0.058827110389610304
branch_shard1.jsonl,pegasus3-fill30-a3.0-28,34,210,0.10700081168831196,1,1,0.058827110389610304
branch_shard1.jsonl,pegasus3-fill30-a3.0-28,34,211,0.16582792207792227,0,0,0.058827110389610304
branch_shard1.jsonl,pegasus3-fill30-a3.0-28,34,351,0.12380275974025998,0,0,0.058827110389610304
branch_shard1.jsonl,pegasus3-fill30-a3.0-28,39,0,0.18920454545454574,1,0,0.07715097402597408
branch_shard1.jsonl,pegasus3-fill30-a3.0-28,39,1,0.15876623376623403,0,0,0.07715097402597408
branch_shard1.jsonl,pegasus3-fill30-a3.0-28,39,56,0.1605925324675328,0,0,0.07715097402597408
branch_shard1.jsonl,pegasus3-fill30-a3.0-28,39,90,0.11205357142857165,0,1,0.07715097402597408
branch_shard1.jsonl,pegasus3-fill30-a3.0-61,20,6,0.09218519882179671,1,0,0.03533459131075105
branch_shard1.jsonl,pegasus3-fill30-a3.0-61,20,11,0.07704344624447715,0,0,0.03533459131075105
branch_shard1.jsonl,pegasus3-fill30-a3.0-61,20,67,0.10274760677466854,0,0,0.03533459131075105
branch_shard1.jsonl,pegasus3-fill30-a3.0-61,20,83,0.0674130154639175,0,1,0.03533459131075105
branch_shard1.jsonl,pegasus3-fill30-a3.0-61,33,1,0.07448913843888068,1,1,0.03421851988217958
branch_shard1.jsonl,pegasus3-fill30-a3.0-61,33,8,0.1053824558173784,0,0,0.03421851988217958
branch_shard1.jsonl,pegasus3-fill30-a3.0-61,33,62,0.10870765832106026,0,0,0.03421851988217958
branch_shard1.jsonl,pegasus3-fill30-a3.0-61,33,80,0.08448775773195874,0,0,0.03421851988217958
branch_shard1.jsonl,pegasus3-fill30-a3.0-61,61,0,0.1225607511045654,0,0,0.03862527614138428
branch_shard1.jsonl,pegasus3-fill30-a3.0-61,61,28,0.1186487481590573,1,0,0.03862527614138428
branch_shard1.jsonl,pegasus3-fill30-a3.0-61,61,30,0.0911841863033872,0,1,0.03862527614138428
branch_shard1.jsonl,pegasus3-fill30-a3.0-61,61,67,0.12980946244477148,0,0,0.03862527614138428
branch_shard1.jsonl,pegasus3-fill30-a3.0-61,76,27,0.04776095360824749,0,1,0.050925073637702364
branch_shard1.jsonl,pegasus3-fill30-a3.0-61,76,50,0.06568713181148744,1,0,0.050925073637702364
branch_shard1.jsonl,pegasus3-fill30-a3.0-61,76,51,0.06352402430044182,0,0,0.050925073637702364
branch_shard1.jsonl,pegasus3-fill30-a3.0-61,76,55,0.09868602724594985,0,0,0.050925073637702364
branch_shard1.jsonl,pegasus3-fill30-a3.0-36,15,1,0.03421724759615391,1,1,0.028996394230769218
branch_shard1.jsonl,pegasus3-fill30-a3.0-36,15,2,0.04509089543269234,0,0,0.028996394230769218
branch_shard1.jsonl,pegasus3-fill30-a3.0-36,15,79,0.06321364182692313,0,0,0.028996394230769218
branch_shard1.jsonl,pegasus3-fill30-a3.0-36,15,95,0.05457481971153848,0,0,0.028996394230769218
branch_shard1.jsonl,pegasus3-fill30-a3.0-36,16,154,0.05480018028846162,0,0,0.027456430288461564
branch_shard1.jsonl,pegasus3-fill30-a3.0-36,16,162,0.06676307091346162,1,0,0.027456430288461564
branch_shard1.jsonl,pegasus3-fill30-a3.0-36,16,246,0.07823768028846159,0,0,0.027456430288461564
branch_shard1.jsonl,pegasus3-fill30-a3.0-36,16,358,0.05078125000000003,0,1,0.027456430288461564
branch_shard1.jsonl,pegasus3-fill30-a3.0-36,49,3,0.06980543870192316,0,1,0.05042442908653852
branch_shard1.jsonl,pegasus3-fill30-a3.0-36,49,59,0.07369290865384623,0,0,0.05042442908653852
branch_shard1.jsonl,pegasus3-fill30-a3.0-36,49,109,0.12022986778846168,0,0,0.05042442908653852
branch_shard1.jsonl,pegasus3-fill30-a3.0-36,49,119,0.07279146634615394,1,0,0.05042442908653852
branch_shard1.jsonl,pegasus3-fill30-a3.0-36,56,0,0.07808743990384627,1,0,0.019418569711538547
branch_shard1.jsonl,pegasus3-fill30-a3.0-36,56,1,0.0626314603365385,0,1,0.019418569711538547
branch_shard1.jsonl,pegasus3-fill30-a3.0-36,56,30,0.07609675480769239,0,0,0.019418569711538547
branch_shard1.jsonl,pegasus3-fill30-a3.0-36,56,44,0.08205003004807705,0,0,0.019418569711538547
branch_shard1.jsonl,pegasus3-fill30-a3.0-70,24,1,0.13122957516339856,1,0,0.07975898692810432
branch_shard1.jsonl,pegasus3-fill30-a3.0-70,24,9,0.09147773692810454,0,0,0.07975898692810432
branch_shard1.jsonl,pegasus3-fill30-a3.0-70,24,102,0.0839460784313725,0,0,0.07975898692810432
branch_shard1.jsonl,pegasus3-fill30-a3.0-70,24,117,0.05147058823529425,0,1,0.07975898692810432
branch_shard1.jsonl,pegasus3-fill30-a3.0-70,34,18,0.12734885620915046,0,0,0.04308363970588244
branch_shard1.jsonl,pegasus3-fill30-a3.0-70,34,156,0.10536662581699341,1,0,0.04308363970588244
branch_shard1.jsonl,pegasus3-fill30-a3.0-70,34,157,0.1351230596405229,0,0,0.04308363970588244
branch_shard1.jsonl,pegasus3-fill30-a3.0-70,34,360,0.09203941993464046,0,1,0.04308363970588244
branch_shard1.jsonl,pegasus3-fill30-a3.0-70,38,10,0.05613000408496738,1,1,0.02219924428104568
branch_shard1.jsonl,pegasus3-fill30-a3.0-70,38,26,0.07058057598039214,0,0,0.02219924428104568
branch_shard1.jsonl,pegasus3-fill30-a3.0-70,38,76,0.0754187091503268,0,0,0.02219924428104568
branch_shard1.jsonl,pegasus3-fill30-a3.0-70,38,100,0.07832924836601306,0,0,0.02219924428104568
branch_shard1.jsonl,pegasus3-fill30-a3.0-70,47,0,0.0995838439542483,1,0,0.04924938725490183
branch_shard1.jsonl,pegasus3-fill30-a3.0-70,47,1,0.08872038398692808,0,0,0.04924938725490183
branch_shard1.jsonl,pegasus3-fill30-a3.0-70,47,20,0.08171211192810454,0,0,0.04924938725490183
branch_shard1.jsonl,pegasus3-fill30-a3.0-70,47,43,0.05033445669934647,0,1,0.04924938725490183
branch_shard1.jsonl,pegasus3-fill30-a3.0-196,2,6,0.11794845779220764,1,0,0.04396645021645032
branch_shard1.jsonl,pegasus3-fill30-a3.0-196,2,10,0.10898606601731595,0,1,0.04396645021645032
branch_shard1.jsonl,pegasus3-fill30-a3.0-196,2,23,0.12738433441558433,0,0,0.04396645021645032
branch_shard1.jsonl,pegasus3-fill30-a3.0-196,2,74,0.15295251623376627,0,0,0.04396645021645032
branch_shard1.jsonl,pegasus3-fill30-a3.0-196,3,16,0.1680363906926407,0,0,0.06410646645021653
branch_shard1.jsonl,pegasus3-fill30-a3.0-196,3,17,0.11213135822510817,1,0,0.06410646645021653
branch_shard1.jsonl,pegasus3-fill30-a3.0-196,3,22,0.10392992424242417,0,1,0.06410646645021653
branch_shard1.jsonl,pegasus3-fill30-a3.0-196,3,120,0.10722740800865793,0,0,0.06410646645021653
branch_shard1.jsonl,pegasus3-fill30-a3.0-196,10,13,0.15427150974025977,1,0,0.05680127164502162
branch_shard1.jsonl,pegasus3-fill30-a3.0-196,10,21,0.12009604978354972,0,1,0.05680127164502162
branch_shard1.jsonl,pegasus3-fill30-a3.0-196,10,91,0.12439123376623362,0,0,0.05680127164502162
branch_shard1.jsonl,pegasus3-fill30-a3.0-196,10,142,0.17689732142857134,0,0,0.05680127164502162
branch_shard1.jsonl,pegasus3-fill30-a3.0-49,30,8,0.10047295958795581,0,0,0.05242175118858933
branch_shard1.jsonl,pegasus3-fill30-a3.0-49,30,10,0.10314728605388282,1,0,0.05242175118858933
branch_shard1.jsonl,pegasus3-fill30-a3.0-49,30,96,0.05072553486529349,0,1,0.05242175118858933
branch_shard1.jsonl,pegasus3-fill30-a3.0-49,30,107,0.07813738114104625,0,0,0.05242175118858933
branch_shard1.jsonl,pegasus3-fill30-a3.0-49,32,6,0.09506240095087178,1,0,0.016714540412044218
branch_shard1.jsonl,pegasus3-fill30-a3.0-49,32,7,0.08724990095087186,0,0,0.016714540412044218
branch_shard1.jsonl,pegasus3-fill30-a3.0-49,32,56,0.09815768621236147,0,0,0.016714540412044218
branch_shard1.jsonl,pegasus3-fill30-a3.0-49,32,90,0.08144314580031725,0,1,0.016714540412044218
branch_shard1.jsonl,pegasus3-fill30-a3.0-49,42,1,0.10268918383518241,0,0,0.020998415213946117
branch_shard1.jsonl,pegasus3-fill30-a3.0-49,42,3,0.08561559033280522,1,1,0.020998415213946117
branch_shard1.jsonl,pegasus3-fill30-a3.0-49,42,75,0.10661400554675134,0,0,0.020998415213946117
branch_shard1.jsonl,pegasus3-fill30-a3.0-49,42,92,0.10181012282091934,0,0,0.020998415213946117
branch_shard1.jsonl,pegasus3-fill30-a3.0-49,47,9,0.10403872820919198,0,0,0.04176158874801887
branch_shard1.jsonl,pegasus3-fill30-a3.0-49,47,53,0.07027535657686242,0,1,0.04176158874801887
branch_shard1.jsonl,pegasus3-fill30-a3.0-49,47,97,0.11203694532488129,0,0,0.04176158874801887
branch_shard1.jsonl,pegasus3-fill30-a3.0-49,47,121,0.08567749603803507,1,0,0.04176158874801887
branch_shard1.jsonl,pegasus3-fill30-a3.0-83,14,15,0.10631961633663353,1,0,0.06878480816831675
branch_shard1.jsonl,pegasus3-fill30-a3.0-83,14,43,0.09744353341584149,0,0,0.06878480816831675
branch_shard1.jsonl,pegasus3-fill30-a3.0-83,14,100,0.1477606745049504,0,0,0.06878480816831675
branch_shard1.jsonl,pegasus3-fill30-a3.0-83,14,132,0.07897586633663364,0,1,0.06878480816831675
branch_shard1.jsonl,pegasus3-fill30-a3.0-83,17,57,0.143061571782178,0,0,0.05401067450495026
branch_shard1.jsonl,pegasus3-fill30-a3.0-83,17,62,0.10252939356435639,1,0,0.05401067450495026
branch_shard1.jsonl,pegasus3-fill30-a3.0-83,17,120,0.13888459158415833,0,0,0.05401067450495026
branch_shard1.jsonl,pegasus3-fill30-a3.0-83,17,128,0.08905089727722773,0,1,0.05401067450495026
branch_shard1.jsonl,pegasus3-fill30-a3.0-83,34,10,0.12534808168316813,0,0,0.06242264851485123
branch_shard1.jsonl,pegasus3-fill30-a3.0-83,34,17,0.10978109529702969,1,1,0.06242264851485123
branch_shard1.jsonl,pegasus3-fill30-a3.0-83,34,88,0.1258895420792078,0,0,0.06242264851485123
branch_shard1.jsonl,pegasus3-fill30-a3.0-83,34,153,0.17220374381188092,0,0,0.06242264851485123
branch_shard1.jsonl,pegasus3-fill30-a3.0-83,40,43,0.1470064975247523,0,0,0.06236463490098991
branch_shard1.jsonl,pegasus3-fill30-a3.0-83,40,46,0.09210628094059399,0,1,0.06236463490098991
branch_shard1.jsonl,pegasus3-fill30-a3.0-83,40,80,0.1544709158415839,1,0,0.06236463490098991
branch_shard1.jsonl,pegasus3-fill30-a3.0-83,40,81,0.10221998762376225,0,0,0.06236463490098991
branch_shard1.jsonl,pegasus3-fill30-a3.0-190,11,33,0.17458898092369496,0,0,0.06813190261044161
branch_shard1.jsonl,pegasus3-fill30-a3.0-190,11,47,0.12137612951807246,1,0,0.06813190261044161
branch_shard1.jsonl,pegasus3-fill30-a3.0-190,11,112,0.10645707831325335,0,1,0.06813190261044161
branch_shard1.jsonl,pegasus3-fill30-a3.0-190,11,172,0.13345569779116478,0,0,0.06813190261044161
branch_shard1.jsonl,pegasus3-fill30-a3.0-190,23,238,0.06340988955823307,0,1,0.060052710843373575
branch_shard1.jsonl,pegasus3-fill30-a3.0-190,23,241,0.09327936746987969,1,0,0.060052710843373575
branch_shard1.jsonl,pegasus3-fill30-a3.0-190,23,390,0.12346260040160664,0,0,0.060052710843373575
branch_shard1.jsonl,pegasus3-fill30-a3.0-190,23,459,0.10882592871485972,0,0,0.060052710843373575
branch_shard1.jsonl,pegasus3-fill30-a3.0-190,43,5,0.134538152610442,0,0,0.060037023092369496
branch_shard1.jsonl,pegasus3-fill30-a3.0-190,43,10,0.1508377259036146,1,0,0.060037023092369496
branch_shard1.jsonl,pegasus3-fill30-a3.0-190,43,86,0.09080070281124511,0,1,0.060037023092369496
branch_shard1.jsonl,pegasus3-fill30-a3.0-190,43,171,0.1379423945783133,0,0,0.060037023092369496
branch_shard1.jsonl,pegasus3-fill30-a3.0-190,53,0,0.19145331325301235,1,0,0.1292827560240963
branch_shard1.jsonl,pegasus3-fill30-a3.0-190,53,39,0.19597138554216895,0,0,0.1292827560240963
branch_shard1.jsonl,pegasus3-fill30-a3.0-190,53,40,0.08060366465863472,0,1,0.1292827560240963
branch_shard1.jsonl,pegasus3-fill30-a3.0-190,53,64,0.20988642068273103,0,0,0.1292827560240963
branch_shard1.jsonl,pegasus3-fill30-a3.0-77,17,44,0.1469636894824708,1,0,0.025732992487479345
branch_shard1.jsonl,pegasus3-fill30-a3.0-77,17,77,0.16828829298831405,0,0,0.025732992487479345
branch_shard1.jsonl,pegasus3-fill30-a3.0-77,17,131,0.1471854131886477,0,0,0.025732992487479345
branch_shard1.jsonl,pegasus3-fill30-a3.0-77,17,192,0.1425553005008347,0,1,0.025732992487479345
branch_shard1.jsonl,pegasus3-fill30-a3.0-77,51,8,0.11866131051752904,0,0,0.030558743739566144
branch_shard1.jsonl,pegasus3-fill30-a3.0-77,51,20,0.14875052170283803,0,0,0.030558743739566144
branch_shard1.jsonl,pegasus3-fill30-a3.0-77,51,96,0.14894616026711188,0,0,0.030558743739566144
branch_shard1.jsonl,pegasus3-fill30-a3.0-77,51,172,0.11838741652754574,1,1,0.030558743739566144
branch_shard1.jsonl,pegasus3-fill30-a3.0-77,53,0,0.13972506260434045,0,1,0.030871765442404248
branch_shard1.jsonl,pegasus3-fill30-a3.0-77,53,1,0.16642320534223703,1,0,0.030871765442404248
branch_shard1.jsonl,pegasus3-fill30-a3.0-77,53,80,0.1705968280467447,0,0,0.030871765442404248
branch_shard1.jsonl,pegasus3-fill30-a3.0-77,53,97,0.14920701168614364,0,0,0.030871765442404248
branch_shard1.jsonl,pegasus3-fill30-a3.0-77,57,4,0.1062317404006676,0,0,0.03629747495826388
branch_shard1.jsonl,pegasus3-fill30-a3.0-77,57,57,0.11975688647746233,1,0,0.03629747495826388
branch_shard1.jsonl,pegasus3-fill30-a3.0-77,57,59,0.12318708263772954,0,0,0.03629747495826388
branch_shard1.jsonl,pegasus3-fill30-a3.0-77,57,62,0.08688960767946566,0,1,0.03629747495826388
branch_shard1.jsonl,pegasus3-fill30-a3.0-120,28,1,0.10175646551724156,1,0,0.026648706896551688
branch_shard1.jsonl,pegasus3-fill30-a3.0-120,28,2,0.11378232758620699,0,0,0.026648706896551688
branch_shard1.jsonl,pegasus3-fill30-a3.0-120,28,51,0.11156250000000001,0,0,0.026648706896551688
branch_shard1.jsonl,pegasus3-fill30-a3.0-120,28,99,0.0871336206896553,0,1,0.026648706896551688
branch_shard1.jsonl,pegasus3-fill30-a3.0-120,36,0,0.0757974137931036,1,1,0.04418103448275858
branch_shard1.jsonl,pegasus3-fill30-a3.0-120,36,1,0.11997844827586218,0,0,0.04418103448275858
branch_shard1.jsonl,pegasus3-fill30-a3.0-120,36,59,0.09365301724137948,0,0,0.04418103448275858
branch_shard1.jsonl,pegasus3-fill30-a3.0-120,36,84,0.0947306034482758,0,0,0.04418103448275858
branch_shard1.jsonl,pegasus3-fill30-a3.0-120,38,1,0.07465517241379326,1,1,0.05717672413793108
branch_shard1.jsonl,pegasus3-fill30-a3.0-120,38,2,0.12520474137931042,0,0,0.05717672413793108
branch_shard1.jsonl,pegasus3-fill30-a3.0-120,38,45,0.11275862068965528,0,0,0.05717672413793108
branch_shard1.jsonl,pegasus3-fill30-a3.0-120,38,86,0.13183189655172434,0,0,0.05717672413793108
branch_shard1.jsonl,pegasus3-fill30-a3.0-120,91,28,0.1418103448275863,1,0,0.08307112068965522
branch_shard1.jsonl,pegasus3-fill30-a3.0-120,91,31,0.07711206896551737,0,1,0.08307112068965522
branch_shard1.jsonl,pegasus3-fill30-a3.0-120,91,36,0.12255387931034495,0,0,0.08307112068965522
branch_shard1.jsonl,pegasus3-fill30-a3.0-120,91,54,0.1601831896551726,0,0,0.08307112068965522
branch_shard1.jsonl,pegasus3-fill30-a3.0-158,20,34,0.2432088285229203,1,0,0.0870118845500849
branch_shard1.jsonl,pegasus3-fill30-a3.0-158,20,35,0.18685006366723245,0,0,0.0870118845500849
branch_shard1.jsonl,pegasus3-fill30-a3.0-158,20,105,0.18605422325976229,0,0,0.0870118845500849
branch_shard1.jsonl,pegasus3-fill30-a3.0-158,20,138,0.1561969439728354,0,1,0.0870118845500849
branch_shard1.jsonl,pegasus3-fill30-a3.0-158,23,34,0.19218219439728346,1,0,0.030918399830220794
branch_shard1.jsonl,pegasus3-fill30-a3.0-158,23,35,0.19727557300509352,0,0,0.030918399830220794
branch_shard1.jsonl,pegasus3-fill30-a3.0-158,23,124,0.17804276315789502,0,0,0.030918399830220794
branch_shard1.jsonl,pegasus3-fill30-a3.0-158,23,137,0.16635717317487272,0,1,0.030918399830220794
branch_shard1.jsonl,pegasus3-fill30-a3.0-158,26,6,0.18344121392190155,0,0,0.13652642190152772
branch_shard1.jsonl,pegasus3-fill30-a3.0-158,26,17,0.1410494482173176,1,0,0.13652642190152772
branch_shard1.jsonl,pegasus3-fill30-a3.0-158,26,121,0.12546424023769112,0,1,0.13652642190152772
branch_shard1.jsonl,pegasus3-fill30-a3.0-158,26,172,0.26199066213921884,0,0,0.13652642190152772
branch_shard1.jsonl,pegasus3-fill30-a3.0-158,36,0,0.22559422750424457,1,0,0.08780772495755523
branch_shard1.jsonl,pegasus3-fill30-a3.0-158,36,107,0.16036184210526333,0,0,0.08780772495755523
branch_shard1.jsonl,pegasus3-fill30-a3.0-158,36,160,0.15191266977928705,0,0,0.08780772495755523
branch_shard1.jsonl,pegasus3-fill30-a3.0-158,36,256,0.13778650254668934,0,1,0.08780772495755523
branch_shard1.jsonl,pegasus3-fill30-a3.0-114,5,25,0.09364853896103915,0,0,0.0324168019480519
branch_shard1.jsonl,pegasus3-fill30-a3.0-114,5,43,0.06346387987013005,1,0,0.0324168019480519
branch_shard1.jsonl,pegasus3-fill30-a3.0-114,5,48,0.06123173701298725,0,1,0.0324168019480519
branch_shard1.jsonl,pegasus3-fill30-a3.0-114,5,125,0.06993202110389632,0,0,0.0324168019480519
branch_shard1.jsonl,pegasus3-fill30-a3.0-114,10,4,0.05423092532467559,1,1,0.030742694805194787
branch_shard1.jsonl,pegasus3-fill30-a3.0-114,10,9,0.06206879058441581,0,0,0.030742694805194787
branch_shard1.jsonl,pegasus3-fill30-a3.0-114,10,117,0.08494825487013014,0,0,0.030742694805194787
branch_shard1.jsonl,pegasus3-fill30-a3.0-114,10,138,0.08497362012987038,0,0,0.030742694805194787
branch_shard1.jsonl,pegasus3-fill30-a3.0-114,29,1,0.06379362824675355,0,0,0.025492086038961068
branch_shard1.jsonl,pegasus3-fill30-a3.0-114,29,4,0.0584415584415587,1,0,0.025492086038961068
branch_shard1.jsonl,pegasus3-fill30-a3.0-114,29,75,0.05133928571428595,0,1,0.025492086038961068
branch_shard1.jsonl,pegasus3-fill30-a3.0-114,29,81,0.07683137175324702,0,0,0.025492086038961068
branch_shard1.jsonl,pegasus3-fill30-a3.0-114,33,0,0.05301339285714314,0,1,0.03259435876623372
branch_shard1.jsonl,pegasus3-fill30-a3.0-114,33,5,0.05626014610389629,1,0,0.03259435876623372
branch_shard1.jsonl,pegasus3-fill30-a3.0-114,33,12,0.06321022727272747,0,0,0.03259435876623372
branch_shard1.jsonl,pegasus3-fill30-a3.0-114,33,60,0.08560775162337686,0,0,0.03259435876623372
branch_shard1.jsonl,pegasus3-fill30-a3.0-121,14,2,0.0626174812030076,0,1,0.017171835839598956
branch_shard1.jsonl,pegasus3-fill30-a3.0-121,14,3,0.07978931704260656,1,0,0.017171835839598956
branch_shard1.jsonl,pegasus3-fill30-a3.0-121,14,69,0.0712915100250627,0,0,0.017171835839598956
branch_shard1.jsonl,pegasus3-fill30-a3.0-121,14,82,0.07146773182957404,0,0,0.017171835839598956
branch_shard1.jsonl,pegasus3-fill30-a3.0-121,24,3,0.07832080200501262,0,0,0.01550751879699247
branch_shard1.jsonl,pegasus3-fill30-a3.0-121,24,29,0.08170817669172933,1,0,0.01550751879699247
branch_shard1.jsonl,pegasus3-fill30-a3.0-121,24,98,0.08734727443609025,0,0,0.01550751879699247
branch_shard1.jsonl,pegasus3-fill30-a3.0-121,24,104,0.07183975563909778,0,1,0.01550751879699247
branch_shard1.jsonl,pegasus3-fill30-a3.0-121,28,9,0.05603853383458654,0,0,0.022830513784461173
branch_shard1.jsonl,pegasus3-fill30-a3.0-121,28,10,0.04803023182957396,1,1,0.022830513784461173
branch_shard1.jsonl,pegasus3-fill30-a3.0-121,28,87,0.06498668546365921,0,0,0.022830513784461173
branch_shard1.jsonl,pegasus3-fill30-a3.0-121,28,117,0.07086074561403513,0,0,0.022830513784461173
branch_shard1.jsonl,pegasus3-fill30-a3.0-121,55,0,0.06749295112781961,1,0,0.027764724310776902
branch_shard1.jsonl,pegasus3-fill30-a3.0-121,55,2,0.06947055137844614,0,0,0.027764724310776902
branch_shard1.jsonl,pegasus3-fill30-a3.0-121,55,69,0.06508458646616545,0,0,0.027764724310776902
branch_shard1.jsonl,pegasus3-fill30-a3.0-121,55,98,0.04170582706766924,0,1,0.027764724310776902
branch_shard1.jsonl,pegasus3-fill30-a3.0-182,3,16,0.09581873052959516,0,1,0.16036312305296035
branch_shard1.jsonl,pegasus3-fill30-a3.0-182,3,28,0.167591510903427,0,0,0.16036312305296035
branch_shard1.jsonl,pegasus3-fill30-a3.0-182,3,31,0.17844626168224315,1,0,0.16036312305296035
branch_shard1.jsonl,pegasus3-fill30-a3.0-182,3,61,0.2561818535825555,0,0,0.16036312305296035
branch_shard1.jsonl,pegasus3-fill30-a3.0-182,12,205,0.13777745327102814,0,0,0.03816199376947034
branch_shard1.jsonl,pegasus3-fill30-a3.0-182,12,379,0.1546680295950157,0,0,0.03816199376947034
branch_shard1.jsonl,pegasus3-fill30-a3.0-182,12,444,0.13556269470405008,1,0,0.03816199376947034
branch_shard1.jsonl,pegasus3-fill30-a3.0-182,12,447,0.11650603582554535,0,1,0.03816199376947034
branch_shard1.jsonl,pegasus3-fill30-a3.0-182,27,1,0.10737928348909673,1,1,0.03373247663551407
branch_shard1.jsonl,pegasus3-fill30-a3.0-182,27,4,0.138045171339564,0,0,0.03373247663551407
branch_shard1.jsonl,pegasus3-fill30-a3.0-182,27,57,0.1411117601246108,0,0,0.03373247663551407
branch_shard1.jsonl,pegasus3-fill30-a3.0-182,27,65,0.1276771806853585,0,0,0.03373247663551407
branch_shard1.jsonl,pegasus3-fill30-a3.0-182,33,1,0.09854458722741447,1,1,0.12684968847352027
branch_shard1.jsonl,pegasus3-fill30-a3.0-182,33,42,0.10842581775700938,0,0,0.12684968847352027
branch_shard1.jsonl,pegasus3-fill30-a3.0-182,33,52,0.11090829439252353,0,0,0.12684968847352027
branch_shard1.jsonl,pegasus3-fill30-a3.0-182,33,90,0.22539427570093473,0,0,0.12684968847352027
branch_shard1.jsonl,pegasus3-fill30-a3.0-79,17,21,0.11631944444444453,0,0,0.04076244212962957
branch_shard1.jsonl,pegasus3-fill30-a3.0-79,17,24,0.12997323495370394,1,0,0.04076244212962957
branch_shard1.jsonl,pegasus3-fill30-a3.0-79,17,57,0.12861689814814842,0,0,0.04076244212962957
branch_shard1.jsonl,pegasus3-fill30-a3.0-79,17,111,0.08921079282407438,0,1,0.04076244212962957
branch_shard1.jsonl,pegasus3-fill30-a3.0-79,19,0,0.16174768518518554,1,0,0.09159794560185186
branch_shard1.jsonl,pegasus3-fill30-a3.0-79,19,16,0.07014973958333368,0,1,0.09159794560185186
branch_shard1.jsonl,pegasus3-fill30-a3.0-79,19,87,0.12433087384259295,0,0,0.09159794560185186
branch_shard1.jsonl,pegasus3-fill30-a3.0-79,19,128,0.14659288194444475,0,0,0.09159794560185186
branch_shard1.jsonl,pegasus3-fill30-a3.0-79,41,8,0.14717158564814842,0,0,0.04989510995370372
branch_shard1.jsonl,pegasus3-fill30-a3.0-79,41,9,0.10783781828703727,1,0,0.04989510995370372
branch_shard1.jsonl,pegasus3-fill30-a3.0-79,41,84,0.0972764756944447,0,1,0.04989510995370372
branch_shard1.jsonl,pegasus3-fill30-a3.0-79,41,133,0.10309968171296319,0,0,0.04989510995370372
branch_shard1.jsonl,pegasus3-fill30-a3.0-79,55,24,0.15339265046296324,0,0,0.06787109374999994
branch_shard1.jsonl,pegasus3-fill30-a3.0-79,55,39,0.12147352430555587,0,0,0.06787109374999994
branch_shard1.jsonl,pegasus3-fill30-a3.0-79,55,43,0.0855215567129633,1,1,0.06787109374999994
branch_shard1.jsonl,pegasus3-fill30-a3.0-79,55,45,0.09568504050925952,0,0,0.06787109374999994
branch_shard1.jsonl,pegasus3-fill30-a3.0-19,3,5,0.04625563063063058,1,0,0.0264498873873873
branch_shard1.jsonl,pegasus3-fill30-a3.0-19,3,21,0.03909065315315313,0,0,0.0264498873873873
branch_shard1.jsonl,pegasus3-fill30-a3.0-19,3,55,0.034515765765765746,0,0,0.0264498873873873
branch_shard1.jsonl,pegasus3-fill30-a3.0-19,3,98,0.01980574324324328,0,1,0.0264498873873873
branch_shard1.jsonl,pegasus3-fill30-a3.0-19,12,1,0.051970720720720655,1,0,0.042286036036035875
branch_shard1.jsonl,pegasus3-fill30-a3.0-19,12,5,0.021452702702702713,0,0,0.042286036036035875
branch_shard1.jsonl,pegasus3-fill30-a3.0-19,12,100,0.06041666666666658,0,0,0.042286036036035875
branch_shard1.jsonl,pegasus3-fill30-a3.0-19,12,111,0.018130630630630702,0,1,0.042286036036035875
branch_shard1.jsonl,pegasus3-fill30-a3.0-19,15,20,0.052801238738738696,1,0,0.030827702702702593
branch_shard1.jsonl,pegasus3-fill30-a3.0-19,15,22,0.06109234234234227,0,0,0.030827702702702593
branch_shard1.jsonl,pegasus3-fill30-a3.0-19,15,97,0.03026463963963968,0,1,0.030827702702702593
branch_shard1.jsonl,pegasus3-fill30-a3.0-19,15,108,0.05558840090090083,0,0,0.030827702702702593
branch_shard1.jsonl,pegasus3-fill30-a3.0-19,27,17,0.04282094594594588,0,0,0.012922297297297242
branch_shard1.jsonl,pegasus3-fill30-a3.0-19,27,18,0.03400900900900898,1,0,0.012922297297297242
branch_shard1.jsonl,pegasus3-fill30-a3.0-19,27,51,0.02989864864864864,0,1,0.012922297297297242
branch_shard1.jsonl,pegasus3-fill30-a3.0-19,27,86,0.03842905405405405,0,0,0.012922297297297242
branch_shard1.jsonl,pegasus3-fill30-a3.0-11,13,61,0.13451229079497912,1,0,0.03196914225941411
branch_shard1.jsonl,pegasus3-fill30-a3.0-11,13,72,0.1328778765690377,0,0,0.03196914225941411
branch_shard1.jsonl,pegasus3-fill30-a3.0-11,13,115,0.16082635983263593,0,0,0.03196914225941411
branch_shard1.jsonl,pegasus3-fill30-a3.0-11,13,172,0.12885721757322183,0,1,0.03196914225941411
branch_shard1.jsonl,pegasus3-fill30-a3.0-11,16,46,0.14765298117154807,0,0,0.05408276673640133
branch_shard1.jsonl,pegasus3-fill30-a3.0-11,16,54,0.15662591527196637,1,0,0.05408276673640133
branch_shard1.jsonl,pegasus3-fill30-a3.0-11,16,159,0.12475483786610886,0,1,0.05408276673640133
branch_shard1.jsonl,pegasus3-fill30-a3.0-11,16,225,0.1788376046025102,0,0,0.05408276673640133
branch_shard1.jsonl,pegasus3-fill30-a3.0-11,25,9,0.11914879707112971,0,1,0.055766213389121105
branch_shard1.jsonl,pegasus3-fill30-a3.0-11,25,11,0.12344730648535568,1,0,0.055766213389121105
branch_shard1.jsonl,pegasus3-fill30-a3.0-11,25,71,0.17491501046025082,0,0,0.055766213389121105
branch_shard1.jsonl,pegasus3-fill30-a3.0-11,25,101,0.139480910041841,0,0,0.055766213389121105
branch_shard1.jsonl,pegasus3-fill30-a3.0-11,46,1,0.1315376569037658,0,0,0.07856629184100403
branch_shard1.jsonl,pegasus3-fill30-a3.0-11,46,2,0.14572437238493718,1,0,0.07856629184100403
branch_shard1.jsonl,pegasus3-fill30-a3.0-11,46,54,0.08897751046025115,0,1,0.07856629184100403
branch_shard1.jsonl,pegasus3-fill30-a3.0-11,46,96,0.16754380230125518,0,0,0.07856629184100403
branch_shard1.jsonl,pegasus3-fill30-a3.0-184,8,1,0.15024535123966964,1,0,0.07653667355371906
branch_shard1.jsonl,pegasus3-fill30-a3.0-184,8,24,0.11894369834710761,0,0,0.07653667355371906
branch_shard1.jsonl,pegasus3-fill30-a3.0-184,8,86,0.07370867768595059,0,1,0.07653667355371906
branch_shard1.jsonl,pegasus3-fill30-a3.0-184,8,88,0.0745996900826448,0,0,0.07653667355371906
branch_shard1.jsonl,pegasus3-fill30-a3.0-184,54,0,0.06410123966942166,1,1,0.04470557851239673
branch_shard1.jsonl,pegasus3-fill30-a3.0-184,54,35,0.08285123966942162,0,0,0.04470557851239673
branch_shard1.jsonl,pegasus3-fill30-a3.0-184,54,36,0.1088068181818184,0,0,0.04470557851239673
branch_shard1.jsonl,pegasus3-fill30-a3.0-184,54,86,0.06982179752066131,0,0,0.04470557851239673
branch_shard1.jsonl,pegasus3-fill30-a3.0-184,60,1,0.09128357438016535,0,0,0.03520144628099166
branch_shard1.jsonl,pegasus3-fill30-a3.0-184,60,40,0.1008780991735538,1,0,0.03520144628099166
branch_shard1.jsonl,pegasus3-fill30-a3.0-184,60,41,0.06567665289256214,0,1,0.03520144628099166
branch_shard1.jsonl,pegasus3-fill30-a3.0-184,60,94,0.092342458677686,0,0,0.03520144628099166
branch_shard1.jsonl,pegasus3-fill30-a3.0-184,66,0,0.0998192148760331,0,0,0.014863119834710725
branch_shard1.jsonl,pegasus3-fill30-a3.0-184,66,23,0.09080578512396703,0,1,0.014863119834710725
branch_shard1.jsonl,pegasus3-fill30-a3.0-184,66,35,0.10566890495867776,1,0,0.014863119834710725
branch_shard1.jsonl,pegasus3-fill30-a3.0-184,66,36,0.09342716942148777,0,0,0.014863119834710725
branch_shard1.jsonl,pegasus3-fill30-a3.0-7,2,49,0.12514308608058589,1,0,0.04271119505494493
branch_shard1.jsonl,pegasus3-fill30-a3.0-7,2,55,0.1438873626373624,0,0,0.04271119505494493
branch_shard1.jsonl,pegasus3-fill30-a3.0-7,2,65,0.10559752747252733,0,1,0.04271119505494493
branch_shard1.jsonl,pegasus3-fill30-a3.0-7,2,98,0.14830872252747226,0,0,0.04271119505494493
branch_shard1.jsonl,pegasus3-fill30-a3.0-7,28,0,0.1726333562271059,1,0,0.07075606684981674
branch_shard1.jsonl,pegasus3-fill30-a3.0-7,28,36,0.18097527472527447,0,0,0.07075606684981674
branch_shard1.jsonl,pegasus3-fill30-a3.0-7,28,135,0.14900984432234407,0,0,0.07075606684981674
branch_shard1.jsonl,pegasus3-fill30-a3.0-7,28,243,0.11021920787545773,0,1,0.07075606684981674
branch_shard1.jsonl,pegasus3-fill30-a3.0-7,36,0,0.12322573260073241,0,1,0.0408940018315018
branch_shard1.jsonl,pegasus3-fill30-a3.0-7,36,91,0.15729452838827812,0,0,0.0408940018315018
branch_shard1.jsonl,pegasus3-fill30-a3.0-7,36,385,0.1641197344322342,0,0,0.0408940018315018
branch_shard1.jsonl,pegasus3-fill30-a3.0-7,36,400,0.15815304487179455,1,0,0.0408940018315018
branch_shard1.jsonl,pegasus3-fill30-a3.0-7,52,2,0.14514652014651994,1,0,0.05488782051282037
branch_shard1.jsonl,pegasus3-fill30-a3.0-7,52,7,0.17040121336996308,0,0,0.05488782051282037
branch_shard1.jsonl,pegasus3-fill30-a3.0-7,52,67,0.11551339285714271,0,1,0.05488782051282037
branch_shard1.jsonl,pegasus3-fill30-a3.0-7,52,117,0.15680803571428548,0,0,0.05488782051282037
branch_shard1.jsonl,pegasus3-fill30-a3.0-166,12,14,0.088063579913607,0,1,0.06062702483801308
branch_shard1.jsonl,pegasus3-fill30-a3.0-166,12,15,0.14226174406047518,1,0,0.06062702483801308
branch_shard1.jsonl,pegasus3-fill30-a3.0-166,12,94,0.14869060475162008,0,0,0.06062702483801308
branch_shard1.jsonl,pegasus3-fill30-a3.0-166,12,104,0.09879522138228956,0,0,0.06062702483801308
branch_shard1.jsonl,pegasus3-fill30-a3.0-166,28,8,0.14624392548596124,0,0,0.06592535097192218
branch_shard1.jsonl,pegasus3-fill30-a3.0-166,28,10,0.09317629589632853,1,0,0.06592535097192218
branch_shard1.jsonl,pegasus3-fill30-a3.0-166,28,64,0.08031857451403907,0,1,0.06592535097192218
branch_shard1.jsonl,pegasus3-fill30-a3.0-166,28,72,0.12066347192224627,0,0,0.06592535097192218
branch_shard1.jsonl,pegasus3-fill30-a3.0-166,35,187,0.07974487041036737,0,0,0.030878779697624203
branch_shard1.jsonl,pegasus3-fill30-a3.0-166,35,363,0.078327483801296,0,1,0.030878779697624203
branch_shard1.jsonl,pegasus3-fill30-a3.0-166,35,365,0.0915226781857453,1,0,0.030878779697624203
branch_shard1.jsonl,pegasus3-fill30-a3.0-166,35,367,0.10920626349892021,0,0,0.030878779697624203
branch_shard1.jsonl,pegasus3-fill30-a3.0-166,57,2,0.11053928185745163,1,0,0.03128374730021602
branch_shard1.jsonl,pegasus3-fill30-a3.0-166,57,4,0.11053928185745163,0,0,0.03128374730021602
branch_shard1.jsonl,pegasus3-fill30-a3.0-166,57,54,0.08457073434125287,0,1,0.03128374730021602
branch_shard1.jsonl,pegasus3-fill30-a3.0-166,57,118,0.11585448164146889,0,0,0.03128374730021602
branch_shard1.jsonl,pegasus3-fill30-a3.0-1,12,3,0.10323503521126756,0,1,0.09623679577464786
branch_shard1.jsonl,pegasus3-fill30-a3.0-1,12,5,0.19082306338028174,1,0,0.09623679577464786
branch_shard1.jsonl,pegasus3-fill30-a3.0-1,12,66,0.15310299295774665,0,0,0.09623679577464786
branch_shard1.jsonl,pegasus3-fill30-a3.0-1,12,92,0.19947183098591542,0,0,0.09623679577464786
branch_shard1.jsonl,pegasus3-fill30-a3.0-1,16,84,0.153719190140845,0,0,0.09388204225352142
branch_shard1.jsonl,pegasus3-fill30-a3.0-1,16,86,0.18939260563380306,1,0,0.09388204225352142
branch_shard1.jsonl,pegasus3-fill30-a3.0-1,16,132,0.09551056338028163,0,1,0.09388204225352142
branch_shard1.jsonl,pegasus3-fill30-a3.0-1,16,373,0.11274207746478866,0,0,0.09388204225352142
branch_shard1.jsonl,pegasus3-fill30-a3.0-1,17,31,0.23774207746478893,0,0,0.14141725352112688
branch_shard1.jsonl,pegasus3-fill30-a3.0-1,17,56,0.19559859154929582,1,0,0.14141725352112688
branch_shard1.jsonl,pegasus3-fill30-a3.0-1,17,57,0.17911531690140844,0,0,0.14141725352112688
branch_shard1.jsonl,pegasus3-fill30-a3.0-1,17,306,0.09632482394366203,0,1,0.14141725352112688
branch_shard1.jsonl,pegasus3-fill30-a3.0-1,20,1,0.15110035211267597,1,1,0.09126320422535264
branch_shard1.jsonl,pegasus3-fill30-a3.0-1,20,11,0.2423635563380286,0,0,0.09126320422535264
branch_shard1.jsonl,pegasus3-fill30-a3.0-1,20,71,0.15453345070422542,0,0,0.09126320422535264
branch_shard1.jsonl,pegasus3-fill30-a3.0-1,20,107,0.15867077464788726,0,0,0.09126320422535264
branch_shard1.jsonl,pegasus3-fill30-a3.0-161,12,3,0.07793175795053021,1,0,0.05753091872791534
branch_shard1.jsonl,pegasus3-fill30-a3.0-161,12,4,0.10136925795053028,0,0,0.05753091872791534
branch_shard1.jsonl,pegasus3-fill30-a3.0-161,12,63,0.06577131183745599,0,0,0.05753091872791534
branch_shard1.jsonl,pegasus3-fill30-a3.0-161,12,115,0.043838339222614944,0,1,0.05753091872791534
branch_shard1.jsonl,pegasus3-fill30-a3.0-161,15,15,0.10134165194346315,1,0,0.027854461130742136
branch_shard1.jsonl,pegasus3-fill30-a3.0-161,15,38,0.07757287985865743,0,0,0.027854461130742136
branch_shard1.jsonl,pegasus3-fill30-a3.0-161,15,81,0.0963035556537104,0,0,0.027854461130742136
branch_shard1.jsonl,pegasus3-fill30-a3.0-161,15,124,0.07348719081272101,0,1,0.027854461130742136
branch_shard1.jsonl,pegasus3-fill30-a3.0-161,30,7,0.09351534893992944,0,0,0.04428003533568904
branch_shard1.jsonl,pegasus3-fill30-a3.0-161,30,37,0.0794776943462899,1,0,0.04428003533568904
branch_shard1.jsonl,pegasus3-fill30-a3.0-161,30,107,0.0492353136042404,0,1,0.04428003533568904
branch_shard1.jsonl,pegasus3-fill30-a3.0-161,30,144,0.08958149293286236,0,0,0.04428003533568904
branch_shard1.jsonl,pegasus3-fill30-a3.0-161,36,8,0.09638637367491187,0,0,0.020400839222614903
branch_shard1.jsonl,pegasus3-fill30-a3.0-161,36,13,0.07764189487632528,1,0,0.020400839222614903
branch_shard1.jsonl,pegasus3-fill30-a3.0-161,36,87,0.07761428886925817,0,0,0.020400839222614903
branch_shard1.jsonl,pegasus3-fill30-a3.0-161,36,127,0.07598553445229697,0,1,0.020400839222614903
branch_shard2.jsonl,pegasus3-fill30-a3.0-175,18,2,0.07470012626262645,1,0,0.06687184343434338
branch_shard2.jsonl,pegasus3-fill30-a3.0-175,18,22,0.07460542929292943,0,0,0.06687184343434338
branch_shard2.jsonl,pegasus3-fill30-a3.0-175,18,96,0.05808080808080826,0,1,0.06687184343434338
branch_shard2.jsonl,pegasus3-fill30-a3.0-175,18,109,0.12495265151515164,0,0,0.06687184343434338
branch_shard2.jsonl,pegasus3-fill30-a3.0-175,21,1,0.06865530303030326,1,0,0.031897095959595945
branch_shard2.jsonl,pegasus3-fill30-a3.0-175,21,3,0.04310290404040424,0,0,0.031897095959595945
branch_shard2.jsonl,pegasus3-fill30-a3.0-175,21,86,0.07398989898989916,0,0,0.031897095959595945
branch_shard2.jsonl,pegasus3-fill30-a3.0-175,21,114,0.042092803030303216,0,1,0.031897095959595945
branch_shard2.jsonl,pegasus3-fill30-a3.0-175,26,103,0.05965909090909108,0,0,0.03289141414141408
branch_shard2.jsonl,pegasus3-fill30-a3.0-175,26,182,0.04924242424242445,1,1,0.03289141414141408
branch_shard2.jsonl,pegasus3-fill30-a3.0-175,26,191,0.051657196969697186,0,0,0.03289141414141408
branch_shard2.jsonl,pegasus3-fill30-a3.0-175,26,354,0.08213383838383853,0,0,0.03289141414141408
branch_shard2.jsonl,pegasus3-fill30-a3.0-175,48,1,0.04389204545454566,0,1,0.011347853535353551
branch_shard2.jsonl,pegasus3-fill30-a3.0-175,48,16,0.055239898989899214,0,0,0.011347853535353551
branch_shard2.jsonl,pegasus3-fill30-a3.0-175,48,31,0.05132575757575779,1,0,0.011347853535353551
branch_shard2.jsonl,pegasus3-fill30-a3.0-175,48,32,0.05282512626262646,0,0,0.011347853535353551
branch_shard2.jsonl,pegasus3-fill30-a3.0-15,7,3,0.09070184426229513,0,0,0.05243340163934403
branch_shard2.jsonl,pegasus3-fill30-a3.0-15,7,5,0.08276127049180326,1,0,0.05243340163934403
branch_shard2.jsonl,pegasus3-fill30-a3.0-15,7,16,0.1199282786885244,0,0,0.05243340163934403
branch_shard2.jsonl,pegasus3-fill30-a3.0-15,7,111,0.06749487704918038,0,1,0.05243340163934403
branch_shard2.jsonl,pegasus3-fill30-a3.0-15,16,102,0.05420081967213124,1,0,0.029943647540983498
branch_shard2.jsonl,pegasus3-fill30-a3.0-15,16,105,0.062397540983606656,0,0,0.029943647540983498
branch_shard2.jsonl,pegasus3-fill30-a3.0-15,16,215,0.03432377049180342,0,1,0.029943647540983498
branch_shard2.jsonl,pegasus3-fill30-a3.0-15,16,344,0.06426741803278692,0,0,0.029943647540983498
branch_shard2.jsonl,pegasus3-fill30-a3.0-15,17,92,0.11009221311475399,1,0,0.07018442622950805
branch_shard2.jsonl,pegasus3-fill30-a3.0-15,17,94,0.05791495901639353,0,0,0.07018442622950805
branch_shard2.jsonl,pegasus3-fill30-a3.0-15,17,127,0.12192622950819665,0,0,0.07018442622950805
branch_shard2.jsonl,pegasus3-fill30-a3.0-15,17,341,0.0517418032786886,0,1,0.07018442622950805
branch_shard2.jsonl,pegasus3-fill30-a3.0-15,51,19,0.08450307377049182,0,0,0.0
branch_shard2.jsonl,pegasus3-fill30-a3.0-15,51,31,0.08450307377049182,0,0,0.0
branch_shard2.jsonl,pegasus3-fill30-a3.0-15,51,63,0.08450307377049182,0,0,0.0
branch_shard2.jsonl,pegasus3-fill30-a3.0-15,51,86,0.08450307377049182,1,1,0.0
branch_shard2.jsonl,pegasus3-fill30-a3.0-52,12,4,0.028414818548387125,0,0,0.02228767641129032
branch_shard2.jsonl,pegasus3-fill30-a3.0-52,12,6,0.016144783266129066,1,1,0.02228767641129032
branch_shard2.jsonl,pegasus3-fill30-a3.0-52,12,59,0.01639679939516131,0,0,0.02228767641129032
branch_shard2.jsonl,pegasus3-fill30-a3.0-52,12,62,0.03843245967741939,0,0,0.02228767641129032
branch_shard2.jsonl,pegasus3-fill30-a3.0-52,14,20,0.040574596774193575,0,0,0.05254536290322583
branch_shard2.jsonl,pegasus3-fill30-a3.0-52,14,24,0.02135836693548388,1,1,0.05254536290322583
branch_shard2.jsonl,pegasus3-fill30-a3.0-52,14,74,0.07390372983870971,0,0,0.05254536290322583
branch_shard2.jsonl,pegasus3-fill30-a3.0-52,14,100,0.06462638608870977,0,0,0.05254536290322583
branch_shard2.jsonl,pegasus3-fill30-a3.0-52,42,0,0.04019657258064519,1,0,0.015026461693548356
branch_shard2.jsonl,pegasus3-fill30-a3.0-52,42,56,0.048465851814516125,0,0,0.015026461693548356
branch_shard2.jsonl,pegasus3-fill30-a3.0-52,42,95,0.04489037298387104,0,0,0.015026461693548356
branch_shard2.jsonl,pegasus3-fill30-a3.0-52,42,104,0.03343939012096777,0,1,0.015026461693548356
branch_shard2.jsonl,pegasus3-fill30-a3.0-52,49,3,0.03268334173387102,0,0,0.02339024697580646
branch_shard2.jsonl,pegasus3-fill30-a3.0-52,49,58,0.03447895665322583,1,0,0.02339024697580646
branch_shard2.jsonl,pegasus3-fill30-a3.0-52,49,64,0.046166204637096794,0,0,0.02339024697580646
branch_shard2.jsonl,pegasus3-fill30-a3.0-52,49,71,0.022775957661290334,0,1,0.02339024697580646
branch_shard2.jsonl,pegasus3-fill30-a3.0-178,2,11,0.032582149200710606,1,0,0.020884214031971486
branch_shard2.jsonl,pegasus3-fill30-a3.0-178,2,20,0.04891485346358801,0,0,0.020884214031971486
branch_shard2.jsonl,pegasus3-fill30-a3.0-178,2,55,0.05282804174067503,0,0,0.020884214031971486
branch_shard2.jsonl,pegasus3-fill30-a3.0-178,2,105,0.03194382770870354,0,1,0.020884214031971486
branch_shard2.jsonl,pegasus3-fill30-a3.0-178,39,27,0.07038188277087037,0,0,0.02629607015985788
branch_shard2.jsonl,pegasus3-fill30-a3.0-178,39,84,0.05667184724689165,0,0,0.02629607015985788
branch_shard2.jsonl,pegasus3-fill30-a3.0-178,39,85,0.0572546625222025,1,0,0.02629607015985788
branch_shard2.jsonl,pegasus3-fill30-a3.0-178,39,254,0.04408581261101249,0,1,0.02629607015985788
branch_shard2.jsonl,pegasus3-fill30-a3.0-178,42,17,0.06997946269982248,1,0,0.0388404751332149
branch_shard2.jsonl,pegasus3-fill30-a3.0-178,42,18,0.04686112344582595,0,1,0.0388404751332149
branch_shard2.jsonl,pegasus3-fill30-a3.0-178,42,103,0.08570159857904085,0,0,0.0388404751332149
branch_shard2.jsonl,pegasus3-fill30-a3.0-178,42,149,0.07769482682060387,0,0,0.0388404751332149
branch_shard2.jsonl,pegasus3-fill30-a3.0-178,55,1,0.05051065719360575,1,0,0.016582482238010593
branch_shard2.jsonl,pegasus3-fill30-a3.0-178,55,2,0.037258547957371324,0,1,0.016582482238010593
branch_shard2.jsonl,pegasus3-fill30-a3.0-178,55,73,0.05027475577264659,0,0,0.016582482238010593
branch_shard2.jsonl,pegasus3-fill30-a3.0-178,55,87,0.05384103019538192,0,0,0.016582482238010593
branch_shard2.jsonl,pegasus3-fill30-a3.0-2,6,12,0.06447899420529804,1,0,0.04026541804635757
branch_shard2.jsonl,pegasus3-fill30-a3.0-2,6,16,0.05079418460264901,0,0,0.04026541804635757
branch_shard2.jsonl,pegasus3-fill30-a3.0-2,6,47,0.02421357615894047,0,1,0.04026541804635757
branch_shard2.jsonl,pegasus3-fill30-a3.0-2,6,95,0.024381725993377547,0,0,0.04026541804635757
branch_shard2.jsonl,pegasus3-fill30-a3.0-2,36,0,0.0831306912251657,1,0,0.0594215645695365
branch_shard2.jsonl,pegasus3-fill30-a3.0-2,36,1,0.04362841473509934,0,0,0.0594215645695365
branch_shard2.jsonl,pegasus3-fill30-a3.0-2,36,114,0.06820415976821195,0,0,0.0594215645695365
branch_shard2.jsonl,pegasus3-fill30-a3.0-2,36,337,0.0237091266556292,0,1,0.0594215645695365
branch_shard2.jsonl,pegasus3-fill30-a3.0-2,39,39,0.052411009933774906,0,0,0.011382450331125775
branch_shard2.jsonl,pegasus3-fill30-a3.0-2,39,92,0.05997775248344371,0,0,0.011382450331125775
branch_shard2.jsonl,pegasus3-fill30-a3.0-2,39,95,0.048595302152317936,1,1,0.011382450331125775
branch_shard2.jsonl,pegasus3-fill30-a3.0-2,39,97,0.05850320778145699,0,0,0.011382450331125775
branch_shard2.jsonl,pegasus3-fill30-a3.0-2,56,0,0.054778042218543044,1,0,0.024485202814569597
branch_shard2.jsonl,pegasus3-fill30-a3.0-2,56,1,0.06662613824503316,0,0,0.024485202814569597
branch_shard2.jsonl,pegasus3-fill30-a3.0-2,56,34,0.07619774420529808,0,0,0.024485202814569597
branch_shard2.jsonl,pegasus3-fill30-a3.0-2,56,71,0.051712541390728485,0,1,0.024485202814569597
branch_shard2.jsonl,pegasus3-fill30-a3.0-154,25,6,0.08840909090909105,0,0,0.03909090909090912
branch_shard2.jsonl,pegasus3-fill30-a3.0-154,25,8,0.09295454545454562,1,0,0.03909090909090912
branch_shard2.jsonl,pegasus3-fill30-a3.0-154,25,75,0.07092329545454557,0,0,0.03909090909090912
branch_shard2.jsonl,pegasus3-fill30-a3.0-154,25,123,0.0538636363636365,0,1,0.03909090909090912
branch_shard2.jsonl,pegasus3-fill30-a3.0-154,35,4,0.09677556818181843,0,0,0.030809659090909075
branch_shard2.jsonl,pegasus3-fill30-a3.0-154,35,5,0.10066761363636376,1,0,0.030809659090909075
branch_shard2.jsonl,pegasus3-fill30-a3.0-154,35,98,0.07291193181818194,0,0,0.030809659090909075
branch_shard2.jsonl,pegasus3-fill30-a3.0-154,35,144,0.06985795454545468,0,1,0.030809659090909075
branch_shard2.jsonl,pegasus3-fill30-a3.0-154,50,0,0.09223011363636374,0,0,0.039474431818181804
branch_shard2.jsonl,pegasus3-fill30-a3.0-154,50,53,0.08761363636363648,1,0,0.039474431818181804
branch_shard2.jsonl,pegasus3-fill30-a3.0-154,50,55,0.11802556818181825,0,0,0.039474431818181804
branch_shard2.jsonl,pegasus3-fill30-a3.0-154,50,72,0.07855113636363645,0,1,0.039474431818181804
branch_shard2.jsonl,pegasus3-fill30-a3.0-154,56,0,0.06924715909090921,0,0,0.011107954545454463
branch_shard2.jsonl,pegasus3-fill30-a3.0-154,56,32,0.0684659090909093,0,1,0.011107954545454463
branch_shard2.jsonl,pegasus3-fill30-a3.0-154,56,71,0.07367897727272735,0,0,0.011107954545454463
branch_shard2.jsonl,pegasus3-fill30-a3.0-154,56,83,0.07957386363636376,1,0,0.011107954545454463
branch_shard2.jsonl,pegasus3-fill30-a3.0-171,14,33,0.10750066348195345,1,0,0.03445130042462839
branch_shard2.jsonl,pegasus3-fill30-a3.0-171,14,43,0.09094678874734614,0,1,0.03445130042462839
branch_shard2.jsonl,pegasus3-fill30-a3.0-171,14,113,0.12148354564755859,0,0,0.03445130042462839
branch_shard2.jsonl,pegasus3-fill30-a3.0-171,14,133,0.12539808917197454,0,0,0.03445130042462839
branch_shard2.jsonl,pegasus3-fill30-a3.0-171,21,0,0.0646397292993631,0,1,0.10083266985138004
branch_shard2.jsonl,pegasus3-fill30-a3.0-171,21,7,0.16547239915074313,1,0,0.10083266985138004
branch_shard2.jsonl,pegasus3-fill30-a3.0-171,21,98,0.07356356157112535,0,0,0.10083266985138004
branch_shard2.jsonl,pegasus3-fill30-a3.0-171,21,132,0.14934978768577506,0,0,0.10083266985138004
branch_shard2.jsonl,pegasus3-fill30-a3.0-171,34,11,0.11906183651804692,1,0,0.04977773354564752
branch_shard2.jsonl,pegasus3-fill30-a3.0-171,34,22,0.11941016454352446,0,0,0.04977773354564752
branch_shard2.jsonl,pegasus3-fill30-a3.0-171,34,96,0.06963243099787694,0,1,0.04977773354564752
branch_shard2.jsonl,pegasus3-fill30-a3.0-171,34,191,0.11786756900212345,0,0,0.04977773354564752
branch_shard2.jsonl,pegasus3-fill30-a3.0-171,43,6,0.15561969214437382,1,0,0.06528662420382161
branch_shard2.jsonl,pegasus3-fill30-a3.0-171,43,43,0.09033306794055221,0,1,0.06528662420382161
branch_shard2.jsonl,pegasus3-fill30-a3.0-171,43,79,0.12811836518046732,0,0,0.06528662420382161
branch_shard2.jsonl,pegasus3-fill30-a3.0-171,43,84,0.13526738322717638,0,0,0.06528662420382161
branch_shard2.jsonl,pegasus3-fill30-a3.0-82,16,6,0.05467178068410469,1,1,0.0924138581488933
branch_shard2.jsonl,pegasus3-fill30-a3.0-82,16,13,0.07793636820925548,0,0,0.0924138581488933
branch_shard2.jsonl,pegasus3-fill30-a3.0-82,16,111,0.09977049798792761,0,0,0.0924138581488933
branch_shard2.jsonl,pegasus3-fill30-a3.0-82,16,142,0.147085638832998,0,0,0.0924138581488933
branch_shard2.jsonl,pegasus3-fill30-a3.0-82,28,91,0.08225918008048286,0,0,0.05498616700201209
branch_shard2.jsonl,pegasus3-fill30-a3.0-82,28,93,0.0761129275653924,1,1,0.05498616700201209
branch_shard2.jsonl,pegasus3-fill30-a3.0-82,28,171,0.10146818410462774,0,0,0.05498616700201209
branch_shard2.jsonl,pegasus3-fill30-a3.0-82,28,365,0.13109909456740448,0,0,0.05498616700201209
branch_shard2.jsonl,pegasus3-fill30-a3.0-82,30,130,0.1041090291750504,1,0,0.023657570422535218
branch_shard2.jsonl,pegasus3-fill30-a3.0-82,30,132,0.11814637826961771,0,0,0.023657570422535218
branch_shard2.jsonl,pegasus3-fill30-a3.0-82,30,228,0.1031344315895372,0,0,0.023657570422535218
branch_shard2.jsonl,pegasus3-fill30-a3.0-82,30,364,0.0944888078470825,0,1,0.023657570422535218
branch_shard2.jsonl,pegasus3-fill30-a3.0-82,45,29,0.08372107645875251,1,1,0.037239059356136944
branch_shard2.jsonl,pegasus3-fill30-a3.0-82,45,36,0.10928068410462778,0,0,0.037239059356136944
branch_shard2.jsonl,pegasus3-fill30-a3.0-82,45,53,0.12096013581488946,0,0,0.037239059356136944
branch_shard2.jsonl,pegasus3-fill30-a3.0-82,45,59,0.09044894366197181,0,0,0.037239059356136944
branch_shard2.jsonl,pegasus3-fill30-a3.0-92,15,11,0.1434004934210526,1,0,0.05456414473684208
branch_shard2.jsonl,pegasus3-fill30-a3.0-92,15,53,0.09921874999999994,0,0,0.05456414473684208
branch_shard2.jsonl,pegasus3-fill30-a3.0-92,15,64,0.08883634868421052,0,1,0.05456414473684208
branch_shard2.jsonl,pegasus3-fill30-a3.0-92,15,119,0.1412006578947367,0,0,0.05456414473684208
branch_shard2.jsonl,pegasus3-fill30-a3.0-92,27,0,0.08832236842105262,1,0,0.03083881578947356
branch_shard2.jsonl,pegasus3-fill30-a3.0-92,27,4,0.10620888157894728,0,0,0.03083881578947356
branch_shard2.jsonl,pegasus3-fill30-a3.0-92,27,32,0.11628289473684195,0,0,0.03083881578947356
branch_shard2.jsonl,pegasus3-fill30-a3.0-92,27,80,0.08544407894736838,0,1,0.03083881578947356
branch_shard2.jsonl,pegasus3-fill30-a3.0-92,33,3,0.07724095394736841,0,1,0.09658717105263154
branch_shard2.jsonl,pegasus3-fill30-a3.0-92,33,76,0.08608141447368417,0,0,0.09658717105263154
branch_shard2.jsonl,pegasus3-fill30-a3.0-92,33,78,0.14607319078947353,1,0,0.09658717105263154
branch_shard2.jsonl,pegasus3-fill30-a3.0-92,33,346,0.17382812499999994,0,0,0.09658717105263154
branch_shard2.jsonl,pegasus3-fill30-a3.0-92,46,1,0.11759868421052622,0,0,0.026089638157894668
branch_shard2.jsonl,pegasus3-fill30-a3.0-92,46,40,0.0979029605263157,1,0,0.026089638157894668
branch_shard2.jsonl,pegasus3-fill30-a3.0-92,46,41,0.09613486842105262,0,1,0.026089638157894668
branch_shard2.jsonl,pegasus3-fill30-a3.0-92,46,75,0.12222450657894729,0,0,0.026089638157894668
branch_shard2.jsonl,pegasus3-fill30-a3.0-22,15,6,0.03697244003690049,1,1,0.034161669741697376
branch_shard2.jsonl,pegasus3-fill30-a3.0-22,15,15,0.04735066881918834,0,0,0.034161669741697376
branch_shard2.jsonl,pegasus3-fill30-a3.0-22,15,41,0.07113410977859787,0,0,0.034161669741697376
branch_shard2.jsonl,pegasus3-fill30-a3.0-22,15,106,0.041354358856088666,0,0,0.034161669741697376
branch_shard2.jsonl,pegasus3-fill30-a3.0-22,34,5,0.051934386531365374,1,1,0.020064575645756526
branch_shard2.jsonl,pegasus3-fill30-a3.0-22,34,6,0.05372174815498161,0,0,0.020064575645756526
branch_shard2.jsonl,pegasus3-fill30-a3.0-22,34,83,0.059991928044280496,0,0,0.020064575645756526
branch_shard2.jsonl,pegasus3-fill30-a3.0-22,34,111,0.0719989621771219,0,0,0.020064575645756526
branch_shard2.jsonl,pegasus3-fill30-a3.0-22,37,13,0.05461542896678975,1,0,0.034968865313653105
branch_shard2.jsonl,pegasus3-fill30-a3.0-22,37,15,0.07603494003690044,0,0,0.034968865313653105
branch_shard2.jsonl,pegasus3-fill30-a3.0-22,37,100,0.06758821494464956,0,0,0.034968865313653105
branch_shard2.jsonl,pegasus3-fill30-a3.0-22,37,101,0.04106607472324733,0,1,0.034968865313653105
branch_shard2.jsonl,pegasus3-fill30-a3.0-22,44,1,0.04257956642066431,1,1,0.06000634225092255
branch_shard2.jsonl,pegasus3-fill30-a3.0-22,44,3,0.05638837638376384,0,0,0.06000634225092255
branch_shard2.jsonl,pegasus3-fill30-a3.0-22,44,58,0.10258590867158686,0,0,0.06000634225092255
branch_shard2.jsonl,pegasus3-fill30-a3.0-22,44,85,0.059761300738007464,0,0,0.06000634225092255
branch_shard2.jsonl,pegasus3-fill30-a3.0-62,6,2,0.07461100941422599,1,1,0.04558381276150622
branch_shard2.jsonl,pegasus3-fill30-a3.0-62,6,29,0.09059558054393307,0,0,0.04558381276150622
branch_shard2.jsonl,pegasus3-fill30-a3.0-62,6,48,0.12019482217573221,0,0,0.04558381276150622
branch_shard2.jsonl,pegasus3-fill30-a3.0-62,6,84,0.08212931485355651,0,0,0.04558381276150622
branch_shard2.jsonl,pegasus3-fill30-a3.0-62,25,0,0.08543083158995812,1,0,0.03352183577405847
branch_shard2.jsonl,pegasus3-fill30-a3.0-62,25,9,0.09133106694560669,0,0,0.03352183577405847
branch_shard2.jsonl,pegasus3-fill30-a3.0-62,25,25,0.05780923117154822,0,1,0.03352183577405847
branch_shard2.jsonl,pegasus3-fill30-a3.0-62,25,69,0.06504968619246866,0,0,0.03352183577405847
branch_shard2.jsonl,pegasus3-fill30-a3.0-62,35,94,0.08500588389121341,0,0,0.045453059623430825
branch_shard2.jsonl,pegasus3-fill30-a3.0-62,35,200,0.12295698221757309,1,0,0.045453059623430825
branch_shard2.jsonl,pegasus3-fill30-a3.0-62,35,201,0.12251569037656887,0,0,0.045453059623430825
branch_shard2.jsonl,pegasus3-fill30-a3.0-62,35,362,0.07750392259414227,0,1,0.045453059623430825
branch_shard2.jsonl,pegasus3-fill30-a3.0-62,50,0,0.07580413179916326,0,0,0.04810081066945597
branch_shard2.jsonl,pegasus3-fill30-a3.0-62,50,3,0.07840285041841011,1,0,0.04810081066945597
branch_shard2.jsonl,pegasus3-fill30-a3.0-62,50,44,0.0741206851464436,0,1,0.04810081066945597
branch_shard2.jsonl,pegasus3-fill30-a3.0-62,50,48,0.12222149581589957,0,0,0.04810081066945597
branch_shard2.jsonl,pegasus3-fill30-a3.0-115,7,0,0.14972267316017335,1,1,0.043002570346320435
branch_shard2.jsonl,pegasus3-fill30-a3.0-115,7,2,0.17001488095238115,0,0,0.043002570346320435
branch_shard2.jsonl,pegasus3-fill30-a3.0-115,7,29,0.16695413961038982,0,0,0.043002570346320435
branch_shard2.jsonl,pegasus3-fill30-a3.0-115,7,32,0.19272524350649378,0,0,0.043002570346320435
branch_shard2.jsonl,pegasus3-fill30-a3.0-115,16,36,0.15472808441558467,0,0,0.10279694264069263
branch_shard2.jsonl,pegasus3-fill30-a3.0-115,16,40,0.22152326839826855,1,0,0.10279694264069263
branch_shard2.jsonl,pegasus3-fill30-a3.0-115,16,54,0.11872632575757593,0,1,0.10279694264069263
branch_shard2.jsonl,pegasus3-fill30-a3.0-115,16,103,0.1339285714285717,0,0,0.10279694264069263
branch_shard2.jsonl,pegasus3-fill30-a3.0-115,27,18,0.12232819264069293,1,1,0.03216314935064925
branch_shard2.jsonl,pegasus3-fill30-a3.0-115,27,21,0.12677556818181837,0,0,0.03216314935064925
branch_shard2.jsonl,pegasus3-fill30-a3.0-115,27,77,0.15449134199134218,0,0,0.03216314935064925
branch_shard2.jsonl,pegasus3-fill30-a3.0-115,27,78,0.1335903679653683,0,0,0.03216314935064925
branch_shard2.jsonl,pegasus3-fill30-a3.0-115,47,47,0.10416666666666691,0,1,0.047923430735930805
branch_shard2.jsonl,pegasus3-fill30-a3.0-115,47,99,0.1520900974025977,0,0,0.047923430735930805
branch_shard2.jsonl,pegasus3-fill30-a3.0-115,47,124,0.12236201298701324,1,0,0.047923430735930805
branch_shard2.jsonl,pegasus3-fill30-a3.0-115,47,125,0.11257102272727296,0,0,0.047923430735930805
branch_shard2.jsonl,pegasus3-fill30-a3.0-179,8,19,0.12935169956140358,0,0,0.052511650219298225
branch_shard2.jsonl,pegasus3-fill30-a3.0-179,8,28,0.10947779605263161,1,0,0.052511650219298225
branch_shard2.jsonl,pegasus3-fill30-a3.0-179,8,83,0.07684004934210535,0,1,0.052511650219298225
branch_shard2.jsonl,pegasus3-fill30-a3.0-179,8,157,0.08648574561403516,0,0,0.052511650219298225
branch_shard2.jsonl,pegasus3-fill30-a3.0-179,20,9,0.13755825109649125,0,0,0.07493832236842107
branch_shard2.jsonl,pegasus3-fill30-a3.0-179,20,12,0.1624006304824563,1,0,0.07493832236842107
branch_shard2.jsonl,pegasus3-fill30-a3.0-179,20,68,0.08746230811403521,0,1,0.07493832236842107
branch_shard2.jsonl,pegasus3-fill30-a3.0-179,20,95,0.12655907346491238,0,0,0.07493832236842107
branch_shard2.jsonl,pegasus3-fill30-a3.0-179,24,4,0.12731291118421068,0,0,0.04456208881578934
branch_shard2.jsonl,pegasus3-fill30-a3.0-179,24,10,0.09986636513157911,1,1,0.04456208881578934
branch_shard2.jsonl,pegasus3-fill30-a3.0-179,24,88,0.10846696820175447,0,0,0.04456208881578934
branch_shard2.jsonl,pegasus3-fill30-a3.0-179,24,119,0.14442845394736845,0,0,0.04456208881578934
branch_shard2.jsonl,pegasus3-fill30-a3.0-179,49,18,0.11292146381578946,0,0,0.026401452850877194
branch_shard2.jsonl,pegasus3-fill30-a3.0-179,49,29,0.12798108552631582,0,0,0.026401452850877194
branch_shard2.jsonl,pegasus3-fill30-a3.0-179,49,65,0.10157963267543862,1,1,0.026401452850877194
branch_shard2.jsonl,pegasus3-fill30-a3.0-179,49,66,0.12798108552631582,0,0,0.026401452850877194
branch_shard2.jsonl,pegasus3-fill30-a3.0-50,10,3,0.16844291907514441,1,0,0.0368948699421964
branch_shard2.jsonl,pegasus3-fill30-a3.0-50,10,9,0.15871116329479779,0,0,0.0368948699421964
branch_shard2.jsonl,pegasus3-fill30-a3.0-50,10,64,0.14060242052023128,0,0,0.0368948699421964
branch_shard2.jsonl,pegasus3-fill30-a3.0-50,10,112,0.13154804913294801,0,1,0.0368948699421964
branch_shard2.jsonl,pegasus3-fill30-a3.0-50,24,32,0.17528450144508662,0,0,0.05611000722543376
branch_shard2.jsonl,pegasus3-fill30-a3.0-50,24,33,0.18043262283237016,1,0,0.05611000722543376
branch_shard2.jsonl,pegasus3-fill30-a3.0-50,24,135,0.16654624277456653,0,0,0.05611000722543376
branch_shard2.jsonl,pegasus3-fill30-a3.0-50,24,188,0.1243226156069364,0,1,0.05611000722543376
branch_shard2.jsonl,pegasus3-fill30-a3.0-50,32,61,0.12375812861271679,0,0,0.038475433526011404
branch_shard2.jsonl,pegasus3-fill30-a3.0-50,32,68,0.11535856213872836,0,1,0.038475433526011404
branch_shard2.jsonl,pegasus3-fill30-a3.0-50,32,71,0.1478730130057803,0,0,0.038475433526011404
branch_shard2.jsonl,pegasus3-fill30-a3.0-50,32,117,0.15383399566473976,1,0,0.038475433526011404
branch_shard2.jsonl,pegasus3-fill30-a3.0-50,38,1,0.12484194364161857,0,1,0.04472994942196526
branch_shard2.jsonl,pegasus3-fill30-a3.0-50,38,5,0.16957189306358383,1,0,0.04472994942196526
branch_shard2.jsonl,pegasus3-fill30-a3.0-50,38,32,0.12892882947976886,0,0,0.04472994942196526
branch_shard2.jsonl,pegasus3-fill30-a3.0-50,38,75,0.15157604768786131,0,0,0.04472994942196526
branch_shard2.jsonl,pegasus3-fill30-a3.0-33,13,48,0.06872864464692485,0,0,0.026818764236902104
branch_shard2.jsonl,pegasus3-fill30-a3.0-33,13,58,0.0797800398633258,1,0,0.026818764236902104
branch_shard2.jsonl,pegasus3-fill30-a3.0-33,13,109,0.05296127562642369,0,1,0.026818764236902104
branch_shard2.jsonl,pegasus3-fill30-a3.0-33,13,125,0.07961987471526201,0,0,0.026818764236902104
branch_shard2.jsonl,pegasus3-fill30-a3.0-33,14,42,0.07200313211845102,1,1,0.08332146924829162
branch_shard2.jsonl,pegasus3-fill30-a3.0-33,14,46,0.09129413439635542,0,0,0.08332146924829162
branch_shard2.jsonl,pegasus3-fill30-a3.0-33,14,101,0.13290148063781315,0,0,0.08332146924829162
branch_shard2.jsonl,pegasus3-fill30-a3.0-33,14,113,0.15532460136674264,0,0,0.08332146924829162
branch_shard2.jsonl,pegasus3-fill30-a3.0-33,18,1,0.10905466970387251,0,1,0.08305452733485189
branch_shard2.jsonl,pegasus3-fill30-a3.0-33,18,4,0.1274380694760822,1,0,0.08305452733485189
branch_shard2.jsonl,pegasus3-fill30-a3.0-33,18,41,0.1921091970387244,0,0,0.08305452733485189
branch_shard2.jsonl,pegasus3-fill30-a3.0-33,18,87,0.11006904897494305,0,0,0.08305452733485189
branch_shard2.jsonl,pegasus3-fill30-a3.0-33,23,18,0.09672195330296132,0,0,0.0658100797266514
branch_shard2.jsonl,pegasus3-fill30-a3.0-33,23,21,0.06645074031890663,1,1,0.0658100797266514
branch_shard2.jsonl,pegasus3-fill30-a3.0-33,23,94,0.08739678246013673,0,0,0.0658100797266514
branch_shard2.jsonl,pegasus3-fill30-a3.0-33,23,107,0.13226082004555803,0,0,0.0658100797266514
branch_shard2.jsonl,pegasus3-fill30-a3.0-38,45,16,0.06365056818181829,0,0,0.030980113636363577
branch_shard2.jsonl,pegasus3-fill30-a3.0-38,45,18,0.04700284090909104,1,1,0.030980113636363577
branch_shard2.jsonl,pegasus3-fill30-a3.0-38,45,91,0.04951704545454559,0,0,0.030980113636363577
branch_shard2.jsonl,pegasus3-fill30-a3.0-38,45,143,0.07798295454545462,0,0,0.030980113636363577
branch_shard2.jsonl,pegasus3-fill30-a3.0-38,52,1,0.0566193181818183,0,0,0.023678977272727268
branch_shard2.jsonl,pegasus3-fill30-a3.0-38,52,2,0.0675710227272728,1,0,0.023678977272727268
branch_shard2.jsonl,pegasus3-fill30-a3.0-38,52,72,0.0466477272727274,0,1,0.023678977272727268
branch_shard2.jsonl,pegasus3-fill30-a3.0-38,52,120,0.07032670454545467,0,0,0.023678977272727268
branch_shard2.jsonl,pegasus3-fill30-a3.0-38,59,0,0.06410511363636372,0,1,0.02305397727272729
branch_shard2.jsonl,pegasus3-fill30-a3.0-38,59,5,0.07213068181818191,1,0,0.02305397727272729
branch_shard2.jsonl,pegasus3-fill30-a3.0-38,59,56,0.087159090909091,0,0,0.02305397727272729
branch_shard2.jsonl,pegasus3-fill30-a3.0-38,59,108,0.06997159090909098,0,0,0.02305397727272729
branch_shard2.jsonl,pegasus3-fill30-a3.0-38,62,0,0.05383522727272738,1,0,0.0214488636363636
branch_shard2.jsonl,pegasus3-fill30-a3.0-38,62,5,0.058096590909091014,0,0,0.0214488636363636
branch_shard2.jsonl,pegasus3-fill30-a3.0-38,62,59,0.03982954545454559,0,1,0.0214488636363636
branch_shard2.jsonl,pegasus3-fill30-a3.0-38,62,116,0.06127840909090919,0,0,0.0214488636363636
branch_shard2.jsonl,pegasus3-fill30-a3.0-23,4,1,0.13444196428571425,0,0,0.06160714285714278
branch_shard2.jsonl,pegasus3-fill30-a3.0-23,4,13,0.10343750000000004,1,0,0.06160714285714278
branch_shard2.jsonl,pegasus3-fill30-a3.0-23,4,46,0.07283482142857148,0,1,0.06160714285714278
branch_shard2.jsonl,pegasus3-fill30-a3.0-23,4,109,0.1002901785714285,0,0,0.06160714285714278
branch_shard2.jsonl,pegasus3-fill30-a3.0-23,25,1,0.07959821428571434,1,1,0.012165178571428598
branch_shard2.jsonl,pegasus3-fill30-a3.0-23,25,10,0.08046875000000009,0,0,0.012165178571428598
branch_shard2.jsonl,pegasus3-fill30-a3.0-23,25,84,0.08296875000000004,0,0,0.012165178571428598
branch_shard2.jsonl,pegasus3-fill30-a3.0-23,25,121,0.09176339285714294,0,0,0.012165178571428598
branch_shard2.jsonl,pegasus3-fill30-a3.0-23,26,1,0.05165178571428572,1,1,0.08328124999999995
branch_shard2.jsonl,pegasus3-fill30-a3.0-23,26,9,0.06082589285714287,0,0,0.08328124999999995
branch_shard2.jsonl,pegasus3-fill30-a3.0-23,26,74,0.08426339285714293,0,0,0.08328124999999995
branch_shard2.jsonl,pegasus3-fill30-a3.0-23,26,78,0.13493303571428567,0,0,0.08328124999999995
branch_shard2.jsonl,pegasus3-fill30-a3.0-23,35,0,0.06602678571428573,0,1,0.09647321428571413
branch_shard2.jsonl,pegasus3-fill30-a3.0-23,35,85,0.13417410714285719,1,0,0.09647321428571413
branch_shard2.jsonl,pegasus3-fill30-a3.0-23,35,86,0.16249999999999987,0,0,0.09647321428571413
branch_shard2.jsonl,pegasus3-fill30-a3.0-23,35,133,0.0774553571428572,0,0,0.09647321428571413
branch_shard2.jsonl,pegasus3-fill30-a3.0-95,9,3,0.12441474303135897,1,0,0.05414307491289207
branch_shard2.jsonl,pegasus3-fill30-a3.0-95,9,9,0.1460284189895471,0,0,0.05414307491289207
branch_shard2.jsonl,pegasus3-fill30-a3.0-95,9,44,0.09188534407665504,0,1,0.05414307491289207
branch_shard2.jsonl,pegasus3-fill30-a3.0-95,9,95,0.10500598867595831,0,0,0.05414307491289207
branch_shard2.jsonl,pegasus3-fill30-a3.0-95,16,1,0.10327743902439035,0,0,0.01800685975609756
branch_shard2.jsonl,pegasus3-fill30-a3.0-95,16,3,0.10847669860627185,1,0,0.01800685975609756
branch_shard2.jsonl,pegasus3-fill30-a3.0-95,16,53,0.09046983885017429,0,1,0.01800685975609756
branch_shard2.jsonl,pegasus3-fill30-a3.0-95,16,94,0.10659843205574926,0,0,0.01800685975609756
branch_shard2.jsonl,pegasus3-fill30-a3.0-95,22,7,0.12570775261324052,1,1,0.025751306620209025
branch_shard2.jsonl,pegasus3-fill30-a3.0-95,22,8,0.13964503484320567,0,0,0.025751306620209025
branch_shard2.jsonl,pegasus3-fill30-a3.0-95,22,47,0.15145905923344954,0,0,0.025751306620209025
branch_shard2.jsonl,pegasus3-fill30-a3.0-95,22,66,0.14355128484320562,0,0,0.025751306620209025
branch_shard2.jsonl,pegasus3-fill30-a3.0-95,33,6,0.13577961672473865,1,0,0.060186193379790934
branch_shard2.jsonl,pegasus3-fill30-a3.0-95,33,7,0.10401241289198608,0,0,0.060186193379790934
branch_shard2.jsonl,pegasus3-fill30-a3.0-95,33,57,0.14133275261324046,0,0,0.060186193379790934
branch_shard2.jsonl,pegasus3-fill30-a3.0-95,33,66,0.08114655923344953,0,1,0.060186193379790934
branch_shard2.jsonl,pegasus3-fill30-a3.0-153,20,28,0.1496394230769234,1,1,0.031249999999999778
branch_shard2.jsonl,pegasus3-fill30-a3.0-153,20,33,0.18088942307692318,0,0,0.031249999999999778
branch_shard2.jsonl,pegasus3-fill30-a3.0-153,20,142,0.1591573544698546,0,0,0.031249999999999778
branch_shard2.jsonl,pegasus3-fill30-a3.0-153,20,148,0.16839916839916858,0,0,0.031249999999999778
branch_shard2.jsonl,pegasus3-fill30-a3.0-153,32,121,0.1685291060291061,0,0,0.09532549376299354
branch_shard2.jsonl,pegasus3-fill30-a3.0-153,32,252,0.1560388513513516,0,1,0.09532549376299354
branch_shard2.jsonl,pegasus3-fill30-a3.0-153,32,253,0.20663331600831586,1,0,0.09532549376299354
branch_shard2.jsonl,pegasus3-fill30-a3.0-153,32,363,0.25136434511434513,0,0,0.09532549376299354
branch_shard2.jsonl,pegasus3-fill30-a3.0-153,33,67,0.14960693866943883,0,1,0.05268970893970895
branch_shard2.jsonl,pegasus3-fill30-a3.0-153,33,166,0.1576630717255718,1,0,0.05268970893970895
branch_shard2.jsonl,pegasus3-fill30-a3.0-153,33,167,0.18847453222453237,0,0,0.05268970893970895
branch_shard2.jsonl,pegasus3-fill30-a3.0-153,33,267,0.20229664760914778,0,0,0.05268970893970895
branch_shard2.jsonl,pegasus3-fill30-a3.0-153,58,0,0.1910732848232849,1,0,0.05629547817047817
branch_shard2.jsonl,pegasus3-fill30-a3.0-153,58,4,0.14439319126819147,0,1,0.05629547817047817
branch_shard2.jsonl,pegasus3-fill30-a3.0-153,58,75,0.20068866943866964,0,0,0.05629547817047817
branch_shard2.jsonl,pegasus3-fill30-a3.0-153,58,109,0.1451078482328485,0,0,0.05629547817047817
branch_shard2.jsonl,pegasus3-fill30-a3.0-143,2,0,0.10330459770114955,1,1,0.04394755747126436
branch_shard2.jsonl,pegasus3-fill30-a3.0-143,2,7,0.109123563218391,0,0,0.04394755747126436
branch_shard2.jsonl,pegasus3-fill30-a3.0-143,2,15,0.14060704022988513,0,0,0.04394755747126436
branch_shard2.jsonl,pegasus3-fill30-a3.0-143,2,110,0.1472521551724139,0,0,0.04394755747126436
branch_shard2.jsonl,pegasus3-fill30-a3.0-143,34,0,0.07954382183908063,1,1,0.07113864942528722
branch_shard2.jsonl,pegasus3-fill30-a3.0-143,34,8,0.10630387931034495,0,0,0.07113864942528722
branch_shard2.jsonl,pegasus3-fill30-a3.0-143,34,98,0.15068247126436785,0,0,0.07113864942528722
branch_shard2.jsonl,pegasus3-fill30-a3.0-143,34,115,0.14414511494252885,0,0,0.07113864942528722
branch_shard2.jsonl,pegasus3-fill30-a3.0-143,46,2,0.08259698275862083,0,0,0.0336566091954022
branch_shard2.jsonl,pegasus3-fill30-a3.0-143,46,3,0.07467672413793122,1,1,0.0336566091954022
branch_shard2.jsonl,pegasus3-fill30-a3.0-143,46,39,0.08204022988505769,0,0,0.0336566091954022
branch_shard2.jsonl,pegasus3-fill30-a3.0-143,46,64,0.10833333333333342,0,0,0.0336566091954022
branch_shard2.jsonl,pegasus3-fill30-a3.0-143,51,0,0.08676364942528755,1,1,0.039529454022988436
branch_shard2.jsonl,pegasus3-fill30-a3.0-143,51,4,0.09035560344827605,0,0,0.039529454022988436
branch_shard2.jsonl,pegasus3-fill30-a3.0-143,51,39,0.10628591954023,0,0,0.039529454022988436
branch_shard2.jsonl,pegasus3-fill30-a3.0-143,51,57,0.126293103448276,0,0,0.039529454022988436
branch_shard2.jsonl,pegasus3-fill30-a3.0-73,7,55,0.17902118869936032,1,0,0.05430437100213201
branch_shard2.jsonl,pegasus3-fill30-a3.0-73,7,62,0.12471681769722831,0,1,0.05430437100213201
branch_shard2.jsonl,pegasus3-fill30-a3.0-73,7,68,0.12636593816631145,0,0,0.05430437100213201
branch_shard2.jsonl,pegasus3-fill30-a3.0-73,7,128,0.1297308102345417,0,0,0.05430437100213201
branch_shard2.jsonl,pegasus3-fill30-a3.0-73,12,27,0.11658781982942433,1,1,0.011793710021321999
branch_shard2.jsonl,pegasus3-fill30-a3.0-73,12,28,0.12508328891258008,0,0,0.011793710021321999
branch_shard2.jsonl,pegasus3-fill30-a3.0-73,12,40,0.12581623134328365,0,0,0.011793710021321999
branch_shard2.jsonl,pegasus3-fill30-a3.0-73,12,83,0.12838152985074633,0,0,0.011793710021321999
branch_shard2.jsonl,pegasus3-fill30-a3.0-73,20,26,0.12428371535181243,1,0,0.027352078891258014
branch_shard2.jsonl,pegasus3-fill30-a3.0-73,20,30,0.11825359808102351,0,0,0.027352078891258014
branch_shard2.jsonl,pegasus3-fill30-a3.0-73,20,58,0.09693163646055442,0,1,0.027352078891258014
branch_shard2.jsonl,pegasus3-fill30-a3.0-73,20,138,0.11843683368869944,0,0,0.027352078891258014
branch_shard2.jsonl,pegasus3-fill30-a3.0-97,30,10,0.11089891975308652,0,0,0.0653742283950617
branch_shard2.jsonl,pegasus3-fill30-a3.0-97,30,11,0.10879629629629631,1,0,0.0653742283950617
branch_shard2.jsonl,pegasus3-fill30-a3.0-97,30,64,0.13177083333333336,0,0,0.0653742283950617
branch_shard2.jsonl,pegasus3-fill30-a3.0-97,30,95,0.06639660493827167,0,1,0.0653742283950617
branch_shard2.jsonl,pegasus3-fill30-a3.0-97,33,5,0.10032793209876543,0,1,0.01778549382716045
branch_shard2.jsonl,pegasus3-fill30-a3.0-97,33,6,0.11811342592592589,1,0,0.01778549382716045
branch_shard2.jsonl,pegasus3-fill30-a3.0-97,33,41,0.10559413580246907,0,0,0.01778549382716045
branch_shard2.jsonl,pegasus3-fill30-a3.0-97,33,84,0.10854552469135795,0,0,0.01778549382716045
branch_shard2.jsonl,pegasus3-fill30-a3.0-97,54,1,0.08026620370370371,1,0,0.01811342592592588
branch_shard2.jsonl,pegasus3-fill30-a3.0-97,54,2,0.07214506172839508,0,1,0.01811342592592588
branch_shard2.jsonl,pegasus3-fill30-a3.0-97,54,61,0.08848379629629631,0,0,0.01811342592592588
branch_shard2.jsonl,pegasus3-fill30-a3.0-97,54,95,0.09025848765432096,0,0,0.01811342592592588
branch_shard2.jsonl,pegasus3-fill30-a3.0-97,59,1,0.0686342592592593,1,1,0.08406635802469138
branch_shard2.jsonl,pegasus3-fill30-a3.0-97,59,2,0.07359182098765436,0,0,0.08406635802469138
branch_shard2.jsonl,pegasus3-fill30-a3.0-97,59,55,0.15270061728395068,0,0,0.08406635802469138
branch_shard2.jsonl,pegasus3-fill30-a3.0-97,59,98,0.101832561728395,0,0,0.08406635802469138
branch_shard2.jsonl,pegasus3-fill30-a3.0-64,12,46,0.09412457191780835,1,1,0.044627568493150555
branch_shard2.jsonl,pegasus3-fill30-a3.0-64,12,61,0.11809717465753432,0,0,0.044627568493150555
branch_shard2.jsonl,pegasus3-fill30-a3.0-64,12,64,0.12894638270547953,0,0,0.044627568493150555
branch_shard2.jsonl,pegasus3-fill30-a3.0-64,12,233,0.1387521404109589,0,0,0.044627568493150555
branch_shard2.jsonl,pegasus3-fill30-a3.0-64,25,0,0.12150845462328767,1,1,0.03825984589041108
branch_shard2.jsonl,pegasus3-fill30-a3.0-64,25,24,0.15976830051369875,0,0,0.03825984589041108
branch_shard2.jsonl,pegasus3-fill30-a3.0-64,25,81,0.1460027825342466,0,0,0.03825984589041108
branch_shard2.jsonl,pegasus3-fill30-a3.0-64,25,154,0.14394263698630144,0,0,0.03825984589041108
branch_shard2.jsonl,pegasus3-fill30-a3.0-64,36,43,0.12778253424657543,1,1,0.0573095034246576
branch_shard2.jsonl,pegasus3-fill30-a3.0-64,36,113,0.18509203767123303,0,0,0.0573095034246576
branch_shard2.jsonl,pegasus3-fill30-a3.0-64,36,150,0.12802333047945214,0,0,0.0573095034246576
branch_shard2.jsonl,pegasus3-fill30-a3.0-64,36,243,0.15485873287671229,0,0,0.0573095034246576
branch_shard2.jsonl,pegasus3-fill30-a3.0-64,37,4,0.10197720462328788,0,1,0.06740956763698627
branch_shard2.jsonl,pegasus3-fill30-a3.0-64,37,24,0.13345462328767127,1,0,0.06740956763698627
branch_shard2.jsonl,pegasus3-fill30-a3.0-64,37,74,0.15037724743150688,0,0,0.06740956763698627
branch_shard2.jsonl,pegasus3-fill30-a3.0-64,37,117,0.16938677226027415,0,0,0.06740956763698627
branch_shard2.jsonl,pegasus3-fill30-a3.0-58,4,1,0.0472985692771085,1,1,0.04030967620481933
branch_shard2.jsonl,pegasus3-fill30-a3.0-58,4,19,0.07948983433734953,0,0,0.04030967620481933
branch_shard2.jsonl,pegasus3-fill30-a3.0-58,4,25,0.08760824548192783,0,0,0.04030967620481933
branch_shard2.jsonl,pegasus3-fill30-a3.0-58,4,91,0.07151261295180729,0,0,0.04030967620481933
branch_shard2.jsonl,pegasus3-fill30-a3.0-58,10,24,0.07612481174698806,1,1,0.0709713855421686
branch_shard2.jsonl,pegasus3-fill30-a3.0-58,10,28,0.09953878012048208,0,0,0.0709713855421686
branch_shard2.jsonl,pegasus3-fill30-a3.0-58,10,111,0.14709619728915665,0,0,0.0709713855421686
branch_shard2.jsonl,pegasus3-fill30-a3.0-58,10,130,0.11426957831325313,0,0,0.0709713855421686
branch_shard2.jsonl,pegasus3-fill30-a3.0-58,14,4,0.12304687500000022,1,0,0.0748305722891566
branch_shard2.jsonl,pegasus3-fill30-a3.0-58,14,6,0.13238893072289165,0,0,0.0748305722891566
branch_shard2.jsonl,pegasus3-fill30-a3.0-58,14,61,0.05755835843373505,0,1,0.0748305722891566
branch_shard2.jsonl,pegasus3-fill30-a3.0-58,14,99,0.07235975150602425,0,0,0.0748305722891566
branch_shard2.jsonl,pegasus3-fill30-a3.0-58,27,8,0.11422251506024109,1,0,0.08179593373493979
branch_shard2.jsonl,pegasus3-fill30-a3.0-58,27,88,0.07993693524096399,0,0,0.08179593373493979
branch_shard2.jsonl,pegasus3-fill30-a3.0-58,27,90,0.0324265813253013,0,1,0.08179593373493979
branch_shard2.jsonl,pegasus3-fill30-a3.0-58,27,142,0.08831419427710849,0,0,0.08179593373493979
branch_shard2.jsonl,pegasus3-fill30-a3.0-113,7,48,0.09712482468443207,1,0,0.016961781206171103
branch_shard2.jsonl,pegasus3-fill30-a3.0-113,7,58,0.09921765427770003,0,0,0.016961781206171103
branch_shard2.jsonl,pegasus3-fill30-a3.0-113,7,115,0.08225587307152893,0,1,0.016961781206171103
branch_shard2.jsonl,pegasus3-fill30-a3.0-113,7,170,0.08801937237026651,0,0,0.016961781206171103
branch_shard2.jsonl,pegasus3-fill30-a3.0-113,9,42,0.07849754558204775,0,1,0.04074991234221581
branch_shard2.jsonl,pegasus3-fill30-a3.0-113,9,51,0.07894679172510534,1,0,0.04074991234221581
branch_shard2.jsonl,pegasus3-fill30-a3.0-113,9,90,0.11924745792426356,0,0,0.04074991234221581
branch_shard2.jsonl,pegasus3-fill30-a3.0-113,9,156,0.09211737377279114,0,0,0.04074991234221581
branch_shard2.jsonl,pegasus3-fill30-a3.0-113,47,25,0.10031337657784017,0,1,0.03492066970546975
branch_shard2.jsonl,pegasus3-fill30-a3.0-113,47,86,0.11386746143057505,0,0,0.03492066970546975
branch_shard2.jsonl,pegasus3-fill30-a3.0-113,47,115,0.13523404628330993,0,0,0.03492066970546975
branch_shard2.jsonl,pegasus3-fill30-a3.0-113,47,193,0.11248685133239844,1,0,0.03492066970546975
branch_shard2.jsonl,pegasus3-fill30-a3.0-113,51,15,0.13944161991584864,1,0,0.03930355890603082
branch_shard2.jsonl,pegasus3-fill30-a3.0-113,51,16,0.10013806100981781,0,1,0.03930355890603082
branch_shard2.jsonl,pegasus3-fill30-a3.0-113,51,83,0.12369609046283314,0,0,0.03930355890603082
branch_shard2.jsonl,pegasus3-fill30-a3.0-113,51,164,0.13320696002805055,0,0,0.03930355890603082
branch_shard2.jsonl,pegasus3-fill30-a3.0-138,19,2,0.03943783362989327,1,0,0.025439279359430515
branch_shard2.jsonl,pegasus3-fill30-a3.0-138,19,6,0.03421096530249114,0,0,0.025439279359430515
branch_shard2.jsonl,pegasus3-fill30-a3.0-138,19,89,0.02347920373665488,0,0,0.025439279359430515
branch_shard2.jsonl,pegasus3-fill30-a3.0-138,19,92,0.013998554270462753,0,1,0.025439279359430515
branch_shard2.jsonl,pegasus3-fill30-a3.0-138,20,10,0.058941281138790116,0,0,0.03439168149466193
branch_shard2.jsonl,pegasus3-fill30-a3.0-138,20,13,0.02773298487544492,1,0,0.03439168149466193
branch_shard2.jsonl,pegasus3-fill30-a3.0-138,20,46,0.0398131672597865,0,0,0.03439168149466193
branch_shard2.jsonl,pegasus3-fill30-a3.0-138,20,97,0.02454959964412819,0,1,0.03439168149466193
branch_shard2.jsonl,pegasus3-fill30-a3.0-138,27,89,0.06749054715302497,0,0,0.04670818505338076
branch_shard2.jsonl,pegasus3-fill30-a3.0-138,27,244,0.03175044483985768,1,0,0.04670818505338076
branch_shard2.jsonl,pegasus3-fill30-a3.0-138,27,250,0.03501723754448405,0,0,0.04670818505338076
branch_shard2.jsonl,pegasus3-fill30-a3.0-138,27,357,0.020782362099644208,0,1,0.04670818505338076
branch_shard2.jsonl,pegasus3-fill30-a3.0-138,41,2,0.04613823398576514,0,0,0.0691169928825623
branch_shard2.jsonl,pegasus3-fill30-a3.0-138,41,5,0.08540925266903923,1,0,0.0691169928825623
branch_shard2.jsonl,pegasus3-fill30-a3.0-138,41,54,0.043788923487544526,0,0,0.0691169928825623
branch_shard2.jsonl,pegasus3-fill30-a3.0-138,41,74,0.01629225978647693,0,1,0.0691169928825623
branch_shard2.jsonl,pegasus3-fill30-a3.0-123,2,6,0.06930127870563671,1,0,0.06404945198329844
branch_shard2.jsonl,pegasus3-fill30-a3.0-123,2,12,0.033076722338204634,0,1,0.06404945198329844
branch_shard2.jsonl,pegasus3-fill30-a3.0-123,2,38,0.09712617432150307,0,0,0.06404945198329844
branch_shard2.jsonl,pegasus3-fill30-a3.0-123,2,69,0.05232254697286014,0,0,0.06404945198329844
branch_shard2.jsonl,pegasus3-fill30-a3.0-123,14,0,0.01614692066805854,1,1,0.06522377348642999
branch_shard2.jsonl,pegasus3-fill30-a3.0-123,14,1,0.024318241127348702,0,0,0.06522377348642999
branch_shard2.jsonl,pegasus3-fill30-a3.0-123,14,63,0.02515005219206684,0,0,0.06522377348642999
branch_shard2.jsonl,pegasus3-fill30-a3.0-123,14,73,0.08137069415448853,0,0,0.06522377348642999
branch_shard2.jsonl,pegasus3-fill30-a3.0-123,25,19,0.05437760960334029,0,0,0.06419624217118985
branch_shard2.jsonl,pegasus3-fill30-a3.0-123,25,20,0.021235647181628466,1,0,0.06419624217118985
branch_shard2.jsonl,pegasus3-fill30-a3.0-123,25,27,0.07812499999999997,0,0,0.06419624217118985
branch_shard2.jsonl,pegasus3-fill30-a3.0-123,25,73,0.013928757828810118,0,1,0.06419624217118985
branch_shard2.jsonl,pegasus3-fill30-a3.0-123,47,1,0.054132959290187854,1,0,0.047853601252609526
branch_shard2.jsonl,pegasus3-fill30-a3.0-123,47,43,0.07788034968684755,0,0,0.047853601252609526
branch_shard2.jsonl,pegasus3-fill30-a3.0-123,47,57,0.030026748434238026,0,1,0.047853601252609526
branch_shard2.jsonl,pegasus3-fill30-a3.0-123,47,97,0.046581419624217094,0,0,0.047853601252609526
branch_shard2.jsonl,pegasus3-fill30-a3.0-88,34,47,0.19983552631578952,0,0,0.08783351608187104
branch_shard2.jsonl,pegasus3-fill30-a3.0-88,34,48,0.17537006578947373,1,0,0.08783351608187104
branch_shard2.jsonl,pegasus3-fill30-a3.0-88,34,107,0.11494883040935706,0,0,0.08783351608187104
branch_shard2.jsonl,pegasus3-fill30-a3.0-88,34,126,0.11200201023391848,0,1,0.08783351608187104
branch_shard2.jsonl,pegasus3-fill30-a3.0-88,38,19,0.11679915935672538,0,1,0.028120431286549646
branch_shard2.jsonl,pegasus3-fill30-a3.0-88,38,21,0.14491959064327503,1,0,0.028120431286549646
branch_shard2.jsonl,pegasus3-fill30-a3.0-88,38,46,0.130870796783626,0,0,0.028120431286549646
branch_shard2.jsonl,pegasus3-fill30-a3.0-88,38,107,0.13356633771929852,0,0,0.028120431286549646
branch_shard2.jsonl,pegasus3-fill30-a3.0-88,44,7,0.1573693347953219,1,0,0.052220394736842105
branch_shard2.jsonl,pegasus3-fill30-a3.0-88,44,12,0.15350877192982473,0,0,0.052220394736842105
branch_shard2.jsonl,pegasus3-fill30-a3.0-88,44,74,0.10514894005847979,0,1,0.052220394736842105
branch_shard2.jsonl,pegasus3-fill30-a3.0-88,44,81,0.13856907894736867,0,0,0.052220394736842105
branch_shard2.jsonl,pegasus3-fill30-a3.0-88,49,1,0.1522066885964915,1,0,0.07433296783625734
branch_shard2.jsonl,pegasus3-fill30-a3.0-88,49,2,0.20271381578947403,0,0,0.07433296783625734
branch_shard2.jsonl,pegasus3-fill30-a3.0-88,49,74,0.1283808479532167,0,1,0.07433296783625734
branch_shard2.jsonl,pegasus3-fill30-a3.0-88,49,111,0.16216648391812885,0,0,0.07433296783625734
branch_shard2.jsonl,pegasus3-fill30-a3.0-69,23,4,0.08075621290801194,0,0,0.0420414502967359
branch_shard2.jsonl,pegasus3-fill30-a3.0-69,23,6,0.038714762611276037,1,1,0.0420414502967359
branch_shard2.jsonl,pegasus3-fill30-a3.0-69,23,18,0.06007742952522259,0,0,0.0420414502967359
branch_shard2.jsonl,pegasus3-fill30-a3.0-69,23,71,0.0517317321958457,0,0,0.0420414502967359
branch_shard2.jsonl,pegasus3-fill30-a3.0-69,35,6,0.049297570474777466,1,0,0.027355341246290743
branch_shard2.jsonl,pegasus3-fill30-a3.0-69,35,7,0.07625880934718104,0,0,0.027355341246290743
branch_shard2.jsonl,pegasus3-fill30-a3.0-69,35,74,0.05005100148367957,0,0,0.027355341246290743
branch_shard2.jsonl,pegasus3-fill30-a3.0-69,35,107,0.0489034681008903,0,1,0.027355341246290743
branch_shard2.jsonl,pegasus3-fill30-a3.0-69,37,110,0.05489614243323449,0,1,0.03280322700296744
branch_shard2.jsonl,pegasus3-fill30-a3.0-69,37,111,0.06864336053412468,1,0,0.03280322700296744
branch_shard2.jsonl,pegasus3-fill30-a3.0-69,37,181,0.08769936943620193,0,0,0.03280322700296744
branch_shard2.jsonl,pegasus3-fill30-a3.0-69,37,365,0.05906899109792291,0,0,0.03280322700296744
branch_shard2.jsonl,pegasus3-fill30-a3.0-69,50,65,0.045773831602373936,0,1,0.05296040430267079
branch_shard2.jsonl,pegasus3-fill30-a3.0-69,50,72,0.06901428041543031,0,0,0.05296040430267079
branch_shard2.jsonl,pegasus3-fill30-a3.0-69,50,109,0.06878245548961429,0,0,0.05296040430267079
branch_shard2.jsonl,pegasus3-fill30-a3.0-69,50,110,0.09873423590504472,1,0,0.05296040430267079
branch_shard2.jsonl,pegasus3-fill30-a3.0-157,27,1,0.11216230703259031,1,0,0.09167292024013708
branch_shard2.jsonl,pegasus3-fill30-a3.0-157,27,3,0.14362671526586646,0,0,0.09167292024013708
branch_shard2.jsonl,pegasus3-fill30-a3.0-157,27,66,0.08908662092624381,0,0,0.09167292024013708
branch_shard2.jsonl,pegasus3-fill30-a3.0-157,27,84,0.051953795025729374,0,1,0.09167292024013708
branch_shard2.jsonl,pegasus3-fill30-a3.0-157,32,108,0.08725075042881675,0,0,0.05017152658662091
branch_shard2.jsonl,pegasus3-fill30-a3.0-157,32,109,0.06484509005145828,1,1,0.05017152658662091
branch_shard2.jsonl,pegasus3-fill30-a3.0-157,32,189,0.07576650943396254,0,0,0.05017152658662091
branch_shard2.jsonl,pegasus3-fill30-a3.0-157,32,367,0.11501661663807919,0,0,0.05017152658662091
branch_shard2.jsonl,pegasus3-fill30-a3.0-157,63,29,0.07608812178387683,0,1,0.09513025300171507
branch_shard2.jsonl,pegasus3-fill30-a3.0-157,63,38,0.1712183747855919,0,0,0.09513025300171507
branch_shard2.jsonl,pegasus3-fill30-a3.0-157,63,58,0.12635345197255604,1,0,0.09513025300171507
branch_shard2.jsonl,pegasus3-fill30-a3.0-157,63,59,0.09803816466552333,0,0,0.09513025300171507
branch_shard2.jsonl,pegasus3-fill30-a3.0-157,85,28,0.08525407375643257,0,1,0.027899871355059988
branch_shard2.jsonl,pegasus3-fill30-a3.0-157,85,29,0.10023584905660397,0,0,0.027899871355059988
branch_shard2.jsonl,pegasus3-fill30-a3.0-157,85,73,0.10720411663807919,0,0,0.027899871355059988
branch_shard2.jsonl,pegasus3-fill30-a3.0-157,85,94,0.11315394511149256,1,0,0.027899871355059988
branch_shard3.jsonl,pegasus3-fill30-a3.0-76,27,57,0.12633436639118473,0,0,0.03105630165289272
branch_shard3.jsonl,pegasus3-fill30-a3.0-76,27,362,0.10913825757575783,0,0,0.03105630165289272
branch_shard3.jsonl,pegasus3-fill30-a3.0-76,27,375,0.10446797520661169,1,1,0.03105630165289272
branch_shard3.jsonl,pegasus3-fill30-a3.0-76,27,377,0.1355242768595044,0,0,0.03105630165289272
branch_shard3.jsonl,pegasus3-fill30-a3.0-76,31,50,0.09607438016528942,0,0,0.07375602617079896
branch_shard3.jsonl,pegasus3-fill30-a3.0-76,31,51,0.1624268250688708,1,0,0.07375602617079896
branch_shard3.jsonl,pegasus3-fill30-a3.0-76,31,72,0.09824810606060627,0,0,0.07375602617079896
branch_shard3.jsonl,pegasus3-fill30-a3.0-76,31,357,0.08867079889807183,0,1,0.07375602617079896
branch_shard3.jsonl,pegasus3-fill30-a3.0-76,40,23,0.09265237603305804,0,0,0.05371900826446286
branch_shard3.jsonl,pegasus3-fill30-a3.0-76,40,77,0.05115788567493134,0,1,0.05371900826446286
branch_shard3.jsonl,pegasus3-fill30-a3.0-76,40,78,0.1048768939393942,0,0,0.05371900826446286
branch_shard3.jsonl,pegasus3-fill30-a3.0-76,40,146,0.09906594352617104,1,0,0.05371900826446286
branch_shard3.jsonl,pegasus3-fill30-a3.0-76,46,47,0.07795282369146021,1,0,0.05350378787878789
branch_shard3.jsonl,pegasus3-fill30-a3.0-76,46,49,0.10027117768595059,0,0,0.05350378787878789
branch_shard3.jsonl,pegasus3-fill30-a3.0-76,46,87,0.046767389807162704,0,1,0.05350378787878789
branch_shard3.jsonl,pegasus3-fill30-a3.0-76,46,108,0.09353477961432526,0,0,0.05350378787878789
branch_shard3.jsonl,pegasus3-fill30-a3.0-72,34,282,0.11075243943472403,0,0,0.04131266823687754
branch_shard3.jsonl,pegasus3-fill30-a3.0-72,34,372,0.09333992261103624,0,0,0.04131266823687754
branch_shard3.jsonl,pegasus3-fill30-a3.0-72,34,402,0.09011187752355318,0,0,0.04131266823687754
branch_shard3.jsonl,pegasus3-fill30-a3.0-72,34,404,0.06943977119784649,1,1,0.04131266823687754
branch_shard3.jsonl,pegasus3-fill30-a3.0-72,46,10,0.08232040713324347,1,1,0.023910666218035087
branch_shard3.jsonl,pegasus3-fill30-a3.0-72,46,85,0.10623107335127856,0,0,0.023910666218035087
branch_shard3.jsonl,pegasus3-fill30-a3.0-72,46,86,0.09237256056527583,0,0,0.023910666218035087
branch_shard3.jsonl,pegasus3-fill30-a3.0-72,46,161,0.09270903432032299,0,0,0.023910666218035087
branch_shard3.jsonl,pegasus3-fill30-a3.0-72,66,20,0.07879794751009414,0,0,0.03106073351278596
branch_shard3.jsonl,pegasus3-fill30-a3.0-72,66,21,0.07304634925975773,0,1,0.03106073351278596
branch_shard3.jsonl,pegasus3-fill30-a3.0-72,66,26,0.08666302153432026,0,0,0.03106073351278596
branch_shard3.jsonl,pegasus3-fill30-a3.0-72,66,94,0.10410708277254369,1,0,0.03106073351278596
branch_shard3.jsonl,pegasus3-fill30-a3.0-72,82,22,0.10222493270524892,0,0,0.03961978465679673
branch_shard3.jsonl,pegasus3-fill30-a3.0-72,82,36,0.06293110699865408,0,0,0.03961978465679673
branch_shard3.jsonl,pegasus3-fill30-a3.0-72,82,64,0.06260514804845219,0,1,0.03961978465679673
branch_shard3.jsonl,pegasus3-fill30-a3.0-72,82,100,0.07028095558546435,1,0,0.03961978465679673
branch_shard3.jsonl,pegasus3-fill30-a3.0-152,14,9,0.0879555626598466,0,0,0.032908407928388755
branch_shard3.jsonl,pegasus3-fill30-a3.0-152,14,15,0.06865409207161138,1,0,0.032908407928388755
branch_shard3.jsonl,pegasus3-fill30-a3.0-152,14,43,0.09960437979539652,0,0,0.032908407928388755
branch_shard3.jsonl,pegasus3-fill30-a3.0-152,14,76,0.06669597186700776,0,1,0.032908407928388755
branch_shard3.jsonl,pegasus3-fill30-a3.0-152,34,36,0.09105258951406653,0,0,0.048473465473145766
branch_shard3.jsonl,pegasus3-fill30-a3.0-152,34,66,0.09708679667519188,1,0,0.048473465473145766
branch_shard3.jsonl,pegasus3-fill30-a3.0-152,34,67,0.10360054347826095,0,0,0.048473465473145766
branch_shard3.jsonl,pegasus3-fill30-a3.0-152,34,334,0.05512707800511518,0,1,0.048473465473145766
branch_shard3.jsonl,pegasus3-fill30-a3.0-152,46,43,0.08929427749360615,0,0,0.019920875959079168
branch_shard3.jsonl,pegasus3-fill30-a3.0-152,46,46,0.06937340153452698,0,1,0.019920875959079168
branch_shard3.jsonl,pegasus3-fill30-a3.0-152,46,65,0.07696611253196936,1,0,0.019920875959079168
branch_shard3.jsonl,pegasus3-fill30-a3.0-152,46,66,0.07676630434782616,0,0,0.019920875959079168
branch_shard3.jsonl,pegasus3-fill30-a3.0-152,47,46,0.049812180306905485,0,1,0.05346867007672626
branch_shard3.jsonl,pegasus3-fill30-a3.0-152,47,50,0.0598225703324809,0,0,0.05346867007672626
branch_shard3.jsonl,pegasus3-fill30-a3.0-152,47,51,0.06529731457800517,1,0,0.05346867007672626
branch_shard3.jsonl,pegasus3-fill30-a3.0-152,47,74,0.10328085038363174,0,0,0.05346867007672626
branch_shard3.jsonl,pegasus3-fill30-a3.0-125,13,20,0.22363281249999994,1,0,0.1446786556603773
branch_shard3.jsonl,pegasus3-fill30-a3.0-125,13,21,0.1970260908018867,0,0,0.1446786556603773
branch_shard3.jsonl,pegasus3-fill30-a3.0-125,13,69,0.18952682783018865,0,0,0.1446786556603773
branch_shard3.jsonl,pegasus3-fill30-a3.0-125,13,128,0.07895415683962263,0,1,0.1446786556603773
branch_shard3.jsonl,pegasus3-fill30-a3.0-125,24,56,0.17484153891509427,0,0,0.06519015330188674
branch_shard3.jsonl,pegasus3-fill30-a3.0-125,24,256,0.158755896226415,1,0,0.06519015330188674
branch_shard3.jsonl,pegasus3-fill30-a3.0-125,24,259,0.10965138561320753,0,1,0.06519015330188674
branch_shard3.jsonl,pegasus3-fill30-a3.0-125,24,388,0.13863502358490554,0,0,0.06519015330188674
branch_shard3.jsonl,pegasus3-fill30-a3.0-125,30,183,0.0973614386792453,0,0,0.022018720518867954
branch_shard3.jsonl,pegasus3-fill30-a3.0-125,30,380,0.11700324292452824,0,0,0.022018720518867954
branch_shard3.jsonl,pegasus3-fill30-a3.0-125,30,386,0.09712190448113207,0,1,0.022018720518867954
branch_shard3.jsonl,pegasus3-fill30-a3.0-125,30,391,0.11914062500000003,1,0,0.022018720518867954
branch_shard3.jsonl,pegasus3-fill30-a3.0-125,32,10,0.15859006485849061,0,0,0.05452166863207551
branch_shard3.jsonl,pegasus3-fill30-a3.0-125,32,156,0.14593160377358483,0,0,0.05452166863207551
branch_shard3.jsonl,pegasus3-fill30-a3.0-125,32,157,0.1317622346698113,1,0,0.05452166863207551
branch_shard3.jsonl,pegasus3-fill30-a3.0-125,32,285,0.1040683962264151,0,1,0.05452166863207551
branch_shard3.jsonl,pegasus3-fill30-a3.0-135,14,24,0.13200974770642201,1,0,0.029988532110091615
branch_shard3.jsonl,pegasus3-fill30-a3.0-135,14,30,0.11786123853211024,0,0,0.029988532110091615
branch_shard3.jsonl,pegasus3-fill30-a3.0-135,14,35,0.1020212155963304,0,1,0.029988532110091615
branch_shard3.jsonl,pegasus3-fill30-a3.0-135,14,104,0.13120699541284414,0,0,0.029988532110091615
branch_shard3.jsonl,pegasus3-fill30-a3.0-135,26,6,0.19776376146788982,0,0,0.11535263761467862
branch_shard3.jsonl,pegasus3-fill30-a3.0-135,26,11,0.1134604357798167,1,0,0.11535263761467862
branch_shard3.jsonl,pegasus3-fill30-a3.0-135,26,34,0.0824111238532112,0,1,0.11535263761467862
branch_shard3.jsonl,pegasus3-fill30-a3.0-135,26,118,0.17128727064220173,0,0,0.11535263761467862
branch_shard3.jsonl,pegasus3-fill30-a3.0-135,29,26,0.10993405963302771,1,0,0.0424455275229358
branch_shard3.jsonl,pegasus3-fill30-a3.0-135,29,28,0.07669151376146802,0,1,0.0424455275229358
branch_shard3.jsonl,pegasus3-fill30-a3.0-135,29,146,0.11913704128440382,0,0,0.0424455275229358
branch_shard3.jsonl,pegasus3-fill30-a3.0-135,29,214,0.1072247706422019,0,0,0.0424455275229358
branch_shard3.jsonl,pegasus3-fill30-a3.0-135,39,81,0.15861525229357792,1,0,0.05739678899082537
branch_shard3.jsonl,pegasus3-fill30-a3.0-135,39,88,0.10121846330275255,0,1,0.05739678899082537
branch_shard3.jsonl,pegasus3-fill30-a3.0-135,39,148,0.15328268348623858,0,0,0.05739678899082537
branch_shard3.jsonl,pegasus3-fill30-a3.0-135,39,154,0.10447247706422032,0,0,0.05739678899082537
branch_shard3.jsonl,pegasus3-fill30-a3.0-179,3,3,0.08672560307017557,1,1,0.07908442982456132
branch_shard3.jsonl,pegasus3-fill30-a3.0-179,3,9,0.1513157894736844,0,0,0.07908442982456132
branch_shard3.jsonl,pegasus3-fill30-a3.0-179,3,16,0.1658100328947369,0,0,0.07908442982456132
branch_shard3.jsonl,pegasus3-fill30-a3.0-179,3,95,0.10109991776315796,0,0,0.07908442982456132
branch_shard3.jsonl,pegasus3-fill30-a3.0-179,15,33,0.14946546052631593,0,0,0.026041666666666727
branch_shard3.jsonl,pegasus3-fill30-a3.0-179,15,41,0.14903714364035103,1,0,0.026041666666666727
branch_shard3.jsonl,pegasus3-fill30-a3.0-179,15,96,0.1234237938596492,0,1,0.026041666666666727
branch_shard3.jsonl,pegasus3-fill30-a3.0-179,15,116,0.1385690789473685,0,0,0.026041666666666727
branch_shard3.jsonl,pegasus3-fill30-a3.0-179,32,103,0.1217447916666668,1,0,0.03935375548245612
branch_shard3.jsonl,pegasus3-fill30-a3.0-179,32,112,0.10214501096491235,0,1,0.03935375548245612
branch_shard3.jsonl,pegasus3-fill30-a3.0-179,32,252,0.14149876644736847,0,0,0.03935375548245612
branch_shard3.jsonl,pegasus3-fill30-a3.0-179,32,287,0.11081414473684223,0,0,0.03935375548245612
branch_shard3.jsonl,pegasus3-fill30-a3.0-199,16,0,0.06424235611510798,1,0,0.023512440047961575
branch_shard3.jsonl,pegasus3-fill30-a3.0-199,16,9,0.051802308153477306,0,1,0.023512440047961575
branch_shard3.jsonl,pegasus3-fill30-a3.0-199,16,91,0.07469649280575548,0,0,0.023512440047961575
branch_shard3.jsonl,pegasus3-fill30-a3.0-199,16,122,0.07531474820143888,0,0,0.023512440047961575
branch_shard3.jsonl,pegasus3-fill30-a3.0-199,21,0,0.0491419364508394,1,1,0.03859412470023985
branch_shard3.jsonl,pegasus3-fill30-a3.0-199,21,10,0.05998950839328545,0,0,0.03859412470023985
branch_shard3.jsonl,pegasus3-fill30-a3.0-199,21,105,0.08773606115107925,0,0,0.03859412470023985
branch_shard3.jsonl,pegasus3-fill30-a3.0-199,21,110,0.08507568944844128,0,0,0.03859412470023985
branch_shard3.jsonl,pegasus3-fill30-a3.0-199,23,80,0.11969799160671454,0,0,0.013114508393285249
branch_shard3.jsonl,pegasus3-fill30-a3.0-199,23,152,0.10890662470023972,1,0,0.013114508393285249
branch_shard3.jsonl,pegasus3-fill30-a3.0-199,23,153,0.1065834832134293,0,1,0.013114508393285249
branch_shard3.jsonl,pegasus3-fill30-a3.0-199,23,276,0.11063024580335731,0,0,0.013114508393285249
branch_shard3.jsonl,pegasus3-fill30-a3.0-199,35,2,0.041910221822542094,0,0,0.04638788968824935
branch_shard3.jsonl,pegasus3-fill30-a3.0-199,35,6,0.08434502398081542,1,0,0.04638788968824935
branch_shard3.jsonl,pegasus3-fill30-a3.0-199,35,11,0.06701513788968833,0,0,0.04638788968824935
branch_shard3.jsonl,pegasus3-fill30-a3.0-199,35,57,0.03795713429256607,0,1,0.04638788968824935
branch_shard3.jsonl,pegasus3-fill30-a3.0-41,2,9,0.08077855603448286,0,0,0.03739224137931034
branch_shard3.jsonl,pegasus3-fill30-a3.0-41,2,31,0.0797009698275863,1,0,0.03739224137931034
branch_shard3.jsonl,pegasus3-fill30-a3.0-41,2,36,0.06285021551724151,0,1,0.03739224137931034
branch_shard3.jsonl,pegasus3-fill30-a3.0-41,2,73,0.10024245689655185,0,0,0.03739224137931034
branch_shard3.jsonl,pegasus3-fill30-a3.0-41,7,15,0.09416756465517245,1,0,0.009401939655172387
branch_shard3.jsonl,pegasus3-fill30-a3.0-41,7,22,0.09121767241379317,0,0,0.009401939655172387
branch_shard3.jsonl,pegasus3-fill30-a3.0-41,7,48,0.09101562500000007,0,1,0.009401939655172387
branch_shard3.jsonl,pegasus3-fill30-a3.0-41,7,131,0.10041756465517246,0,0,0.009401939655172387
branch_shard3.jsonl,pegasus3-fill30-a3.0-41,12,18,0.111907327586207,1,0,0.06623114224137922
branch_shard3.jsonl,pegasus3-fill30-a3.0-41,12,55,0.0679148706896553,0,1,0.06623114224137922
branch_shard3.jsonl,pegasus3-fill30-a3.0-41,12,119,0.10056573275862071,0,0,0.06623114224137922
branch_shard3.jsonl,pegasus3-fill30-a3.0-41,12,123,0.1341460129310345,0,0,0.06623114224137922
branch_shard3.jsonl,pegasus3-fill30-a3.0-41,32,7,0.06965247844827595,1,1,0.025538793103448268
branch_shard3.jsonl,pegasus3-fill30-a3.0-41,32,9,0.09519127155172422,0,0,0.025538793103448268
branch_shard3.jsonl,pegasus3-fill30-a3.0-41,32,50,0.08681303879310351,0,0,0.025538793103448268
branch_shard3.jsonl,pegasus3-fill30-a3.0-41,32,106,0.07749191810344841,0,0,0.025538793103448268
branch_shard3.jsonl,pegasus3-fill30-a3.0-34,20,4,0.1129389497422679,1,1,0.038176546391752525
branch_shard3.jsonl,pegasus3-fill30-a3.0-34,20,18,0.12697326030927822,0,0,0.038176546391752525
branch_shard3.jsonl,pegasus3-fill30-a3.0-34,20,88,0.13508778994845344,0,0,0.038176546391752525
branch_shard3.jsonl,pegasus3-fill30-a3.0-34,20,106,0.15111549613402042,0,0,0.038176546391752525
branch_shard3.jsonl,pegasus3-fill30-a3.0-34,23,0,0.1678479381443296,1,0,0.04808311855670083
branch_shard3.jsonl,pegasus3-fill30-a3.0-34,23,1,0.11976481958762877,0,1,0.04808311855670083
branch_shard3.jsonl,pegasus3-fill30-a3.0-34,23,84,0.14539706829896892,0,0,0.04808311855670083
branch_shard3.jsonl,pegasus3-fill30-a3.0-34,23,93,0.1241140463917525,0,0,0.04808311855670083
branch_shard3.jsonl,pegasus3-fill30-a3.0-34,41,0,0.11982522551546378,1,1,0.060305251288659614
branch_shard3.jsonl,pegasus3-fill30-a3.0-34,41,43,0.12355025773195862,0,0,0.060305251288659614
branch_shard3.jsonl,pegasus3-fill30-a3.0-34,41,82,0.139316204896907,0,0,0.060305251288659614
branch_shard3.jsonl,pegasus3-fill30-a3.0-34,41,150,0.1801304768041234,0,0,0.060305251288659614
branch_shard3.jsonl,pegasus3-fill30-a3.0-34,45,3,0.16313627577319562,1,0,0.07148034793814395
branch_shard3.jsonl,pegasus3-fill30-a3.0-34,45,5,0.16633778994845327,0,0,0.07148034793814395
branch_shard3.jsonl,pegasus3-fill30-a3.0-34,45,59,0.09485744201030932,0,1,0.07148034793814395
branch_shard3.jsonl,pegasus3-fill30-a3.0-34,45,76,0.13716172680412353,0,0,0.07148034793814395
branch_shard3.jsonl,pegasus3-fill30-a3.0-68,20,51,0.11622100515463901,1,0,0.025518148625429504
branch_shard3.jsonl,pegasus3-fill30-a3.0-68,20,58,0.11353629725085895,0,0,0.025518148625429504
branch_shard3.jsonl,pegasus3-fill30-a3.0-68,20,111,0.1191473367697593,0,0,0.025518148625429504
branch_shard3.jsonl,pegasus3-fill30-a3.0-68,20,151,0.0936291881443298,0,1,0.025518148625429504
branch_shard3.jsonl,pegasus3-fill30-a3.0-68,28,1,0.15596810567010286,0,0,0.03969340635738823
branch_shard3.jsonl,pegasus3-fill30-a3.0-68,28,3,0.16296176975944993,1,0,0.03969340635738823
branch_shard3.jsonl,pegasus3-fill30-a3.0-68,28,127,0.1311479810996562,0,0,0.03969340635738823
branch_shard3.jsonl,pegasus3-fill30-a3.0-68,28,130,0.1232683634020617,0,1,0.03969340635738823
branch_shard3.jsonl,pegasus3-fill30-a3.0-68,47,7,0.1416451890034362,0,0,0.045317869415807385
branch_shard3.jsonl,pegasus3-fill30-a3.0-68,47,83,0.1347320661512026,1,0,0.045317869415807385
branch_shard3.jsonl,pegasus3-fill30-a3.0-68,47,84,0.10738831615120263,0,0,0.045317869415807385
branch_shard3.jsonl,pegasus3-fill30-a3.0-68,47,157,0.09632731958762882,0,1,0.045317869415807385
branch_shard3.jsonl,pegasus3-fill30-a3.0-68,61,1,0.10907968213058407,0,0,0.05122422680412355
branch_shard3.jsonl,pegasus3-fill30-a3.0-68,61,3,0.10826084621993116,1,0,0.05122422680412355
branch_shard3.jsonl,pegasus3-fill30-a3.0-68,61,25,0.10191151202749132,0,0,0.05122422680412355
branch_shard3.jsonl,pegasus3-fill30-a3.0-68,61,37,0.05785545532646052,0,1,0.05122422680412355
branch_shard3.jsonl,pegasus3-fill30-a3.0-166,19,2,0.15758301835853145,0,0,0.1393932235421166
branch_shard3.jsonl,pegasus3-fill30-a3.0-166,19,3,0.21026255399568045,1,0,0.1393932235421166
branch_shard3.jsonl,pegasus3-fill30-a3.0-166,19,39,0.16784219762419014,0,0,0.1393932235421166
branch_shard3.jsonl,pegasus3-fill30-a3.0-166,19,74,0.07086933045356383,0,1,0.1393932235421166
branch_shard3.jsonl,pegasus3-fill30-a3.0-166,20,2,0.13500607451403904,0,0,0.1021024568034557
branch_shard3.jsonl,pegasus3-fill30-a3.0-166,20,3,0.20234881209503242,1,0,0.1021024568034557
branch_shard3.jsonl,pegasus3-fill30-a3.0-166,20,65,0.10024635529157672,0,1,0.1021024568034557
branch_shard3.jsonl,pegasus3-fill30-a3.0-166,20,76,0.1429704373650108,0,0,0.1021024568034557
branch_shard3.jsonl,pegasus3-fill30-a3.0-166,22,3,0.14771193304535654,1,0,0.052358936285097246
branch_shard3.jsonl,pegasus3-fill30-a3.0-166,22,4,0.12327888768898501,0,0,0.052358936285097246
branch_shard3.jsonl,pegasus3-fill30-a3.0-166,22,63,0.0953529967602593,0,1,0.052358936285097246
branch_shard3.jsonl,pegasus3-fill30-a3.0-166,22,70,0.14408409827213817,0,0,0.052358936285097246
branch_shard3.jsonl,pegasus3-fill30-a3.0-166,47,18,0.11541576673866115,1,0,0.06865888228941686
branch_shard3.jsonl,pegasus3-fill30-a3.0-166,47,77,0.06965442764578839,0,1,0.06865888228941686
branch_shard3.jsonl,pegasus3-fill30-a3.0-166,47,162,0.13831330993520524,0,0,0.06865888228941686
branch_shard3.jsonl,pegasus3-fill30-a3.0-166,47,177,0.13657532397408217,0,0,0.06865888228941686
branch_shard3.jsonl,pegasus3-fill30-a3.0-167,17,25,0.10013671874999992,1,0,0.07777343749999992
branch_shard3.jsonl,pegasus3-fill30-a3.0-167,17,51,0.1741210937499998,0,0,0.07777343749999992
branch_shard3.jsonl,pegasus3-fill30-a3.0-167,17,130,0.10191406250000001,0,0,0.07777343749999992
branch_shard3.jsonl,pegasus3-fill30-a3.0-167,17,143,0.09634765624999987,0,1,0.07777343749999992
branch_shard3.jsonl,pegasus3-fill30-a3.0-167,24,21,0.12437499999999999,1,0,0.02625000000000005
branch_shard3.jsonl,pegasus3-fill30-a3.0-167,24,23,0.12103515624999993,0,0,0.02625000000000005
branch_shard3.jsonl,pegasus3-fill30-a3.0-167,24,26,0.12167968749999988,0,0,0.02625000000000005
branch_shard3.jsonl,pegasus3-fill30-a3.0-167,24,123,0.09812499999999993,0,1,0.02625000000000005
branch_shard3.jsonl,pegasus3-fill30-a3.0-167,42,1,0.14910156249999984,0,0,0.08826171874999972
branch_shard3.jsonl,pegasus3-fill30-a3.0-167,42,63,0.18511718749999964,1,0,0.08826171874999972
branch_shard3.jsonl,pegasus3-fill30-a3.0-167,42,64,0.09685546874999992,0,1,0.08826171874999972
branch_shard3.jsonl,pegasus3-fill30-a3.0-167,42,90,0.15769531249999993,0,0,0.08826171874999972
branch_shard3.jsonl,pegasus3-fill30-a3.0-167,48,0,0.14390624999999987,1,0,0.07158203124999984
branch_shard3.jsonl,pegasus3-fill30-a3.0-167,48,2,0.18007812499999976,0,0,0.07158203124999984
branch_shard3.jsonl,pegasus3-fill30-a3.0-167,48,46,0.10849609374999991,0,1,0.07158203124999984
branch_shard3.jsonl,pegasus3-fill30-a3.0-167,48,75,0.1208398437499999,0,0,0.07158203124999984
branch_shard3.jsonl,pegasus3-fill30-a3.0-31,9,3,0.0879143197573658,1,1,0.035921252166377704
branch_shard3.jsonl,pegasus3-fill30-a3.0-31,9,10,0.1238355719237435,0,0,0.035921252166377704
branch_shard3.jsonl,pegasus3-fill30-a3.0-31,9,105,0.09630903379549405,0,0,0.035921252166377704
branch_shard3.jsonl,pegasus3-fill30-a3.0-31,9,128,0.11292244367417675,0,0,0.035921252166377704
branch_shard3.jsonl,pegasus3-fill30-a3.0-31,60,0,0.09147530329289436,1,1,0.014677209705372563
branch_shard3.jsonl,pegasus3-fill30-a3.0-31,60,1,0.0994367417677643,0,0,0.014677209705372563
branch_shard3.jsonl,pegasus3-fill30-a3.0-31,60,47,0.10615251299826692,0,0,0.014677209705372563
branch_shard3.jsonl,pegasus3-fill30-a3.0-31,60,58,0.09598407712305032,0,0,0.014677209705372563
branch_shard3.jsonl,pegasus3-fill30-a3.0-31,63,0,0.09706726603119589,1,0,0.031046902079722508
branch_shard3.jsonl,pegasus3-fill30-a3.0-31,63,1,0.09792027729636046,0,0,0.031046902079722508
branch_shard3.jsonl,pegasus3-fill30-a3.0-31,63,45,0.06687337521663796,0,1,0.031046902079722508
branch_shard3.jsonl,pegasus3-fill30-a3.0-31,63,97,0.0876164428076257,0,0,0.031046902079722508
branch_shard3.jsonl,pegasus3-fill30-a3.0-31,67,0,0.09421035528596189,1,0,0.024805025996533683
branch_shard3.jsonl,pegasus3-fill30-a3.0-31,67,1,0.08903812824956682,0,0,0.024805025996533683
branch_shard3.jsonl,pegasus3-fill30-a3.0-31,67,34,0.07444215771230514,0,0,0.024805025996533683
branch_shard3.jsonl,pegasus3-fill30-a3.0-31,67,43,0.0694053292894282,0,1,0.024805025996533683
branch_shard3.jsonl,pegasus3-fill30-a3.0-9,8,12,0.10281531531531526,1,0,0.04092060810810798
branch_shard3.jsonl,pegasus3-fill30-a3.0-9,8,15,0.08512105855855857,0,0,0.04092060810810798
branch_shard3.jsonl,pegasus3-fill30-a3.0-9,8,30,0.07750563063063062,0,0,0.04092060810810798
branch_shard3.jsonl,pegasus3-fill30-a3.0-9,8,57,0.061894707207207286,0,1,0.04092060810810798
branch_shard3.jsonl,pegasus3-fill30-a3.0-9,15,3,0.05968468468468476,1,0,0.03291103603603596
branch_shard3.jsonl,pegasus3-fill30-a3.0-9,15,17,0.07333896396396401,0,0,0.03291103603603596
branch_shard3.jsonl,pegasus3-fill30-a3.0-9,15,67,0.08935810810810815,0,0,0.03291103603603596
branch_shard3.jsonl,pegasus3-fill30-a3.0-9,15,114,0.056447072072072196,0,1,0.03291103603603596
branch_shard3.jsonl,pegasus3-fill30-a3.0-9,25,146,0.07456362612612608,0,0,0.01898930180180171
branch_shard3.jsonl,pegasus3-fill30-a3.0-9,25,154,0.07018581081081085,1,0,0.01898930180180171
branch_shard3.jsonl,pegasus3-fill30-a3.0-9,25,287,0.07947635135135137,0,0,0.01898930180180171
branch_shard3.jsonl,pegasus3-fill30-a3.0-9,25,363,0.06048704954954966,0,1,0.01898930180180171
branch_shard3.jsonl,pegasus3-fill30-a3.0-9,49,0,0.10174549549549539,0,0,0.029039977477477524
branch_shard3.jsonl,pegasus3-fill30-a3.0-9,49,1,0.10878378378378378,1,0,0.029039977477477524
branch_shard3.jsonl,pegasus3-fill30-a3.0-9,49,33,0.07974380630630626,0,1,0.029039977477477524
branch_shard3.jsonl,pegasus3-fill30-a3.0-9,49,51,0.08841497747747745,0,0,0.029039977477477524
branch_shard3.jsonl,pegasus3-fill30-a3.0-74,6,20,0.04322443181818193,0,1,0.03994318181818185
branch_shard3.jsonl,pegasus3-fill30-a3.0-74,6,24,0.07399147727272734,1,0,0.03994318181818185
branch_shard3.jsonl,pegasus3-fill30-a3.0-74,6,66,0.06058238636363643,0,0,0.03994318181818185
branch_shard3.jsonl,pegasus3-fill30-a3.0-74,6,106,0.08316761363636378,0,0,0.03994318181818185
branch_shard3.jsonl,pegasus3-fill30-a3.0-74,19,0,0.03353693181818201,1,1,0.04052556818181798
branch_shard3.jsonl,pegasus3-fill30-a3.0-74,19,4,0.07406249999999999,0,0,0.04052556818181798
branch_shard3.jsonl,pegasus3-fill30-a3.0-74,19,41,0.06805397727272727,0,0,0.04052556818181798
branch_shard3.jsonl,pegasus3-fill30-a3.0-74,19,93,0.0420170454545456,0,0,0.04052556818181798
branch_shard3.jsonl,pegasus3-fill30-a3.0-74,25,31,0.07946022727272728,0,0,0.036818181818181875
branch_shard3.jsonl,pegasus3-fill30-a3.0-74,25,34,0.0975710227272728,1,0,0.036818181818181875
branch_shard3.jsonl,pegasus3-fill30-a3.0-74,25,93,0.10586647727272741,0,0,0.036818181818181875
branch_shard3.jsonl,pegasus3-fill30-a3.0-74,25,107,0.06904829545454554,0,1,0.036818181818181875
branch_shard3.jsonl,pegasus3-fill30-a3.0-74,49,10,0.04748579545454554,0,0,0.023877840909090793
branch_shard3.jsonl,pegasus3-fill30-a3.0-74,49,12,0.037599431818182,1,1,0.023877840909090793
branch_shard3.jsonl,pegasus3-fill30-a3.0-74,49,59,0.044673295454545583,0,0,0.023877840909090793
branch_shard3.jsonl,pegasus3-fill30-a3.0-74,49,65,0.06147727272727279,0,0,0.023877840909090793
branch_shard3.jsonl,pegasus3-fill30-a3.0-136,11,9,0.08682120901639341,1,0,0.07785604508196692
branch_shard3.jsonl,pegasus3-fill30-a3.0-136,11,11,0.1298924180327867,0,0,0.07785604508196692
branch_shard3.jsonl,pegasus3-fill30-a3.0-136,11,29,0.09503073770491807,0,0,0.07785604508196692
branch_shard3.jsonl,pegasus3-fill30-a3.0-136,11,72,0.05203637295081978,0,1,0.07785604508196692
branch_shard3.jsonl,pegasus3-fill30-a3.0-136,21,18,0.05368852459016403,1,1,0.04561987704918029
branch_shard3.jsonl,pegasus3-fill30-a3.0-136,21,23,0.09930840163934432,0,0,0.04561987704918029
branch_shard3.jsonl,pegasus3-fill30-a3.0-136,21,115,0.06594518442622951,0,0,0.04561987704918029
branch_shard3.jsonl,pegasus3-fill30-a3.0-136,21,127,0.057479508196721374,0,0,0.04561987704918029
branch_shard3.jsonl,pegasus3-fill30-a3.0-136,49,0,0.08506659836065572,0,1,0.01116803278688519
branch_shard3.jsonl,pegasus3-fill30-a3.0-136,49,2,0.08878073770491801,1,0,0.01116803278688519
branch_shard3.jsonl,pegasus3-fill30-a3.0-136,49,56,0.09623463114754091,0,0,0.01116803278688519
branch_shard3.jsonl,pegasus3-fill30-a3.0-136,49,102,0.08643698770491806,0,0,0.01116803278688519
branch_shard3.jsonl,pegasus3-fill30-a3.0-136,51,0,0.05865778688524597,0,1,0.06123206967213093
branch_shard3.jsonl,pegasus3-fill30-a3.0-136,51,2,0.10008965163934419,1,0,0.06123206967213093
branch_shard3.jsonl,pegasus3-fill30-a3.0-136,51,61,0.1198898565573769,0,0,0.06123206967213093
branch_shard3.jsonl,pegasus3-fill30-a3.0-136,51,65,0.0930712090163934,0,0,0.06123206967213093
branch_shard3.jsonl,pegasus3-fill30-a3.0-98,16,57,0.04818942535545028,0,0,0.04222822867298585
branch_shard3.jsonl,pegasus3-fill30-a3.0-98,16,63,0.0738670023696683,1,0,0.04222822867298585
branch_shard3.jsonl,pegasus3-fill30-a3.0-98,16,87,0.0784952606635072,0,0,0.04222822867298585
branch_shard3.jsonl,pegasus3-fill30-a3.0-98,16,137,0.03626703199052136,0,1,0.04222822867298585
branch_shard3.jsonl,pegasus3-fill30-a3.0-98,17,48,0.020206975710900504,1,0,0.03809056575829384
branch_shard3.jsonl,pegasus3-fill30-a3.0-98,17,52,0.019253554502369694,0,1,0.03809056575829384
branch_shard3.jsonl,pegasus3-fill30-a3.0-98,17,89,0.038932908767772556,0,0,0.03809056575829384
branch_shard3.jsonl,pegasus3-fill30-a3.0-98,17,124,0.05734412026066353,0,0,0.03809056575829384
branch_shard3.jsonl,pegasus3-fill30-a3.0-98,47,2,0.03373074644549766,1,0,0.05426170023696691
branch_shard3.jsonl,pegasus3-fill30-a3.0-98,47,4,0.04410730154028438,0,0,0.05426170023696691
branch_shard3.jsonl,pegasus3-fill30-a3.0-98,47,19,0.02331716528436021,0,1,0.05426170023696691
branch_shard3.jsonl,pegasus3-fill30-a3.0-98,47,57,0.07757886552132712,0,0,0.05426170023696691
branch_shard3.jsonl,pegasus3-fill30-a3.0-98,53,0,0.031064869668246474,0,1,0.04824496445497629
branch_shard3.jsonl,pegasus3-fill30-a3.0-98,53,3,0.04961492890995263,1,0,0.04824496445497629
branch_shard3.jsonl,pegasus3-fill30-a3.0-98,53,45,0.07930983412322276,0,0,0.04824496445497629
branch_shard3.jsonl,pegasus3-fill30-a3.0-98,53,102,0.04929095082938393,0,0,0.04824496445497629
branch_shard3.jsonl,pegasus3-fill30-a3.0-86,10,23,0.10289361066878999,0,0,0.04204816878980895
branch_shard3.jsonl,pegasus3-fill30-a3.0-86,10,64,0.09202080015923585,0,1,0.04204816878980895
branch_shard3.jsonl,pegasus3-fill30-a3.0-86,10,72,0.1340689689490448,1,0,0.04204816878980895
branch_shard3.jsonl,pegasus3-fill30-a3.0-86,10,147,0.10819317277070083,0,0,0.04204816878980895
branch_shard3.jsonl,pegasus3-fill30-a3.0-86,19,1,0.15290356289808932,1,0,0.04327975716560503
branch_shard3.jsonl,pegasus3-fill30-a3.0-86,19,8,0.10962380573248429,0,1,0.04327975716560503
branch_shard3.jsonl,pegasus3-fill30-a3.0-86,19,150,0.15261743630573266,0,0,0.04327975716560503
branch_shard3.jsonl,pegasus3-fill30-a3.0-86,19,155,0.11371666003184727,0,0,0.04327975716560503
branch_shard3.jsonl,pegasus3-fill30-a3.0-86,25,16,0.1303866441082804,0,0,0.028351413216560484
branch_shard3.jsonl,pegasus3-fill30-a3.0-86,25,26,0.10245820063694283,1,0,0.028351413216560484
branch_shard3.jsonl,pegasus3-fill30-a3.0-86,25,100,0.10773288216560528,0,0,0.028351413216560484
branch_shard3.jsonl,pegasus3-fill30-a3.0-86,25,114,0.10203523089171992,0,1,0.028351413216560484
branch_shard3.jsonl,pegasus3-fill30-a3.0-90,33,6,0.08017199612403111,1,0,0.06417151162790706
branch_shard3.jsonl,pegasus3-fill30-a3.0-90,33,7,0.01600048449612405,0,1,0.06417151162790706
branch_shard3.jsonl,pegasus3-fill30-a3.0-90,33,120,0.029178779069767468,0,0,0.06417151162790706
branch_shard3.jsonl,pegasus3-fill30-a3.0-90,33,132,0.04440406976744192,0,0,0.06417151162790706
branch_shard3.jsonl,pegasus3-fill30-a3.0-90,40,124,0.03340600775193803,1,0,0.05826065891472874
branch_shard3.jsonl,pegasus3-fill30-a3.0-90,40,125,0.08849321705426365,0,0,0.05826065891472874
branch_shard3.jsonl,pegasus3-fill30-a3.0-90,40,201,0.03023255813953491,0,1,0.05826065891472874
branch_shard3.jsonl,pegasus3-fill30-a3.0-90,40,289,0.03662790697674422,0,0,0.05826065891472874
branch_shard3.jsonl,pegasus3-fill30-a3.0-90,57,0,0.06086482558139539,0,0,0.04234496124031008
branch_shard3.jsonl,pegasus3-fill30-a3.0-90,57,25,0.03123788759689926,0,1,0.04234496124031008
branch_shard3.jsonl,pegasus3-fill30-a3.0-90,57,88,0.03994670542635662,1,0,0.04234496124031008
branch_shard3.jsonl,pegasus3-fill30-a3.0-90,57,89,0.07358284883720934,0,0,0.04234496124031008
branch_shard3.jsonl,pegasus3-fill30-a3.0-90,72,1,0.06168846899224814,0,0,0.04824370155038767
branch_shard3.jsonl,pegasus3-fill30-a3.0-90,72,3,0.045760658914728726,1,0,0.04824370155038767
branch_shard3.jsonl,pegasus3-fill30-a3.0-90,72,76,0.013444767441860468,0,1,0.04824370155038767
branch_shard3.jsonl,pegasus3-fill30-a3.0-90,72,107,0.049794089147286884,0,0,0.04824370155038767
branch_shard3.jsonl,pegasus3-fill30-a3.0-60,12,1,0.08611056170886099,0,1,0.09058544303797451
branch_shard3.jsonl,pegasus3-fill30-a3.0-60,12,3,0.1288815268987344,1,0,0.09058544303797451
branch_shard3.jsonl,pegasus3-fill30-a3.0-60,12,75,0.08682753164556971,0,0,0.09058544303797451
branch_shard3.jsonl,pegasus3-fill30-a3.0-60,12,87,0.1766960047468355,0,0,0.09058544303797451
branch_shard3.jsonl,pegasus3-fill30-a3.0-60,13,1,0.12262658227848114,0,0,0.050138449367088625
branch_shard3.jsonl,pegasus3-fill30-a3.0-60,13,3,0.12183544303797486,1,0,0.050138449367088625
branch_shard3.jsonl,pegasus3-fill30-a3.0-60,13,49,0.07691356803797486,0,0,0.050138449367088625
branch_shard3.jsonl,pegasus3-fill30-a3.0-60,13,72,0.07248813291139251,0,1,0.050138449367088625
branch_shard3.jsonl,pegasus3-fill30-a3.0-60,26,143,0.11506131329113947,0,0,0.018196202531645722
branch_shard3.jsonl,pegasus3-fill30-a3.0-60,26,343,0.1094244462025318,0,1,0.018196202531645722
branch_shard3.jsonl,pegasus3-fill30-a3.0-60,26,376,0.12762064873417753,0,0,0.018196202531645722
branch_shard3.jsonl,pegasus3-fill30-a3.0-60,26,391,0.12495055379746851,1,0,0.018196202531645722
branch_shard3.jsonl,pegasus3-fill30-a3.0-60,45,36,0.14561906645569644,1,0,0.09839794303797456
branch_shard3.jsonl,pegasus3-fill30-a3.0-60,45,41,0.16584256329113922,0,0,0.09839794303797456
branch_shard3.jsonl,pegasus3-fill30-a3.0-60,45,46,0.06962025316455714,0,1,0.09839794303797456
branch_shard3.jsonl,pegasus3-fill30-a3.0-60,45,87,0.1680181962025317,0,0,0.09839794303797456
branch_shard3.jsonl,pegasus3-fill30-a3.0-62,35,19,0.08817664748953971,0,0,0.02855321652719657
branch_shard3.jsonl,pegasus3-fill30-a3.0-62,35,138,0.07557531380753142,1,0,0.02855321652719657
branch_shard3.jsonl,pegasus3-fill30-a3.0-62,35,139,0.05962343096234314,0,1,0.02855321652719657
branch_shard3.jsonl,pegasus3-fill30-a3.0-62,35,251,0.07895855125523013,0,0,0.02855321652719657
branch_shard3.jsonl,pegasus3-fill30-a3.0-62,50,0,0.07361401673640171,0,0,0.03136440899581586
branch_shard3.jsonl,pegasus3-fill30-a3.0-62,50,1,0.07789618200836822,1,0,0.03136440899581586
branch_shard3.jsonl,pegasus3-fill30-a3.0-62,50,52,0.08614997384937237,0,0,0.03136440899581586
branch_shard3.jsonl,pegasus3-fill30-a3.0-62,50,69,0.05478556485355651,0,1,0.03136440899581586
branch_shard3.jsonl,pegasus3-fill30-a3.0-62,72,56,0.06936453974895403,0,1,0.011947567991631797
branch_shard3.jsonl,pegasus3-fill30-a3.0-62,72,77,0.07090088912133888,0,0,0.011947567991631797
branch_shard3.jsonl,pegasus3-fill30-a3.0-62,72,130,0.07809231171548114,0,0,0.011947567991631797
branch_shard3.jsonl,pegasus3-fill30-a3.0-62,72,131,0.08131210774058582,1,0,0.011947567991631797
branch_shard3.jsonl,pegasus3-fill30-a3.0-20,5,58,0.06333374505928861,0,0,0.07436800065876158
branch_shard3.jsonl,pegasus3-fill30-a3.0-20,5,62,0.06385869565217393,1,0,0.07436800065876158
branch_shard3.jsonl,pegasus3-fill30-a3.0-20,5,64,0.1266263175230567,0,0,0.07436800065876158
branch_shard3.jsonl,pegasus3-fill30-a3.0-20,5,112,0.05225831686429512,0,1,0.07436800065876158
branch_shard3.jsonl,pegasus3-fill30-a3.0-20,52,2,0.0811203063241107,1,0,0.039216897233201584
branch_shard3.jsonl,pegasus3-fill30-a3.0-20,52,17,0.05199069499341233,0,0,0.039216897233201584
branch_shard3.jsonl,pegasus3-fill30-a3.0-20,52,49,0.044559041501976274,0,1,0.039216897233201584
branch_shard3.jsonl,pegasus3-fill30-a3.0-20,52,98,0.08377593873517786,0,0,0.039216897233201584
branch_shard3.jsonl,pegasus3-fill30-a3.0-20,89,0,0.10212862318840585,1,0,0.04272686100131754
branch_shard3.jsonl,pegasus3-fill30-a3.0-20,89,2,0.09078557312252974,0,0,0.04272686100131754
branch_shard3.jsonl,pegasus3-fill30-a3.0-20,89,50,0.06276762187088272,0,0,0.04272686100131754
branch_shard3.jsonl,pegasus3-fill30-a3.0-20,89,52,0.05940176218708831,0,1,0.04272686100131754
branch_shard3.jsonl,pegasus3-fill30-a3.0-112,30,5,0.12407191932624093,0,0,0.037552637411347525
branch_shard3.jsonl,pegasus3-fill30-a3.0-112,30,6,0.13971077127659548,1,0,0.037552637411347525
branch_shard3.jsonl,pegasus3-fill30-a3.0-112,30,63,0.13491799645390043,0,0,0.037552637411347525
branch_shard3.jsonl,pegasus3-fill30-a3.0-112,30,98,0.10215813386524795,0,1,0.037552637411347525
branch_shard3.jsonl,pegasus3-fill30-a3.0-112,34,15,0.13782690602836856,0,0,0.052886746453900665
branch_shard3.jsonl,pegasus3-fill30-a3.0-112,34,275,0.12236812943262385,1,0,0.052886746453900665
branch_shard3.jsonl,pegasus3-fill30-a3.0-112,34,277,0.09485815602836856,0,0,0.052886746453900665
branch_shard3.jsonl,pegasus3-fill30-a3.0-112,34,378,0.08494015957446789,0,1,0.052886746453900665
branch_shard3.jsonl,pegasus3-fill30-a3.0-112,78,23,0.1528701241134748,1,0,0.07471742021276574
branch_shard3.jsonl,pegasus3-fill30-a3.0-112,78,24,0.08120013297872324,0,1,0.07471742021276574
branch_shard3.jsonl,pegasus3-fill30-a3.0-112,78,35,0.14680296985815566,0,0,0.07471742021276574
branch_shard3.jsonl,pegasus3-fill30-a3.0-112,78,94,0.15591755319148898,0,0,0.07471742021276574
branch_shard3.jsonl,pegasus3-fill30-a3.0-186,4,0,0.0691127232142857,1,1,0.07133091517857164
branch_shard3.jsonl,pegasus3-fill30-a3.0-186,4,4,0.14044363839285734,0,0,0.07133091517857164
branch_shard3.jsonl,pegasus3-fill30-a3.0-186,4,34,0.07085658482142865,0,0,0.07133091517857164
branch_shard3.jsonl,pegasus3-fill30-a3.0-186,4,67,0.0761021205357143,0,0,0.07133091517857164
branch_shard3.jsonl,pegasus3-fill30-a3.0-186,11,0,0.08835100446428576,0,0,0.01078404017857143
branch_shard3.jsonl,pegasus3-fill30-a3.0-186,11,7,0.08631417410714295,1,0,0.01078404017857143
branch_shard3.jsonl,pegasus3-fill30-a3.0-186,11,19,0.08692801339285723,0,0,0.01078404017857143
branch_shard3.jsonl,pegasus3-fill30-a3.0-186,11,110,0.07756696428571433,0,1,0.01078404017857143
branch_shard3.jsonl,pegasus3-fill30-a3.0-186,13,0,0.1033342633928572,0,0,0.04743303571428592
branch_shard3.jsonl,pegasus3-fill30-a3.0-186,13,8,0.07020089285714286,1,1,0.04743303571428592
branch_shard3.jsonl,pegasus3-fill30-a3.0-186,13,76,0.11763392857142878,0,0,0.04743303571428592
branch_shard3.jsonl,pegasus3-fill30-a3.0-186,13,129,0.10867745535714286,0,0,0.04743303571428592
branch_shard3.jsonl,pegasus3-fill30-a3.0-186,65,0,0.06159319196428573,1,0,0.04934430803571424
branch_shard3.jsonl,pegasus3-fill30-a3.0-186,65,49,0.09299665178571437,0,0,0.04934430803571424
branch_shard3.jsonl,pegasus3-fill30-a3.0-186,65,57,0.04365234375000013,0,1,0.04934430803571424
branch_shard3.jsonl,pegasus3-fill30-a3.0-186,65,62,0.05705915178571432,0,0,0.04934430803571424
branch_shard3.jsonl,pegasus3-fill30-a3.0-23,6,24,0.06187500000000003,1,1,0.015468750000000045
branch_shard3.jsonl,pegasus3-fill30-a3.0-23,6,25,0.06638392857142858,0,0,0.015468750000000045
branch_shard3.jsonl,pegasus3-fill30-a3.0-23,6,50,0.07171875000000003,0,0,0.015468750000000045
branch_shard3.jsonl,pegasus3-fill30-a3.0-23,6,94,0.07734375000000007,0,0,0.015468750000000045
branch_shard3.jsonl,pegasus3-fill30-a3.0-23,35,7,0.034999999999999976,0,1,0.07475446428571444
branch_shard3.jsonl,pegasus3-fill30-a3.0-23,35,41,0.08468750000000005,0,0,0.07475446428571444
branch_shard3.jsonl,pegasus3-fill30-a3.0-23,35,58,0.10975446428571442,0,0,0.07475446428571444
branch_shard3.jsonl,pegasus3-fill30-a3.0-23,35,117,0.03741071428571425,1,0,0.07475446428571444
branch_shard3.jsonl,pegasus3-fill30-a3.0-23,37,1,0.03919642857142855,0,0,0.08484375000000016
branch_shard3.jsonl,pegasus3-fill30-a3.0-23,37,30,0.08287946428571433,0,0,0.08484375000000016
branch_shard3.jsonl,pegasus3-fill30-a3.0-23,37,65,0.11948660714285728,0,0,0.08484375000000016
branch_shard3.jsonl,pegasus3-fill30-a3.0-23,37,86,0.034642857142857114,1,1,0.08484375000000016
branch_shard3.jsonl,pegasus3-fill30-a3.0-23,44,0,0.12604910714285722,0,0,0.08417410714285724
branch_shard3.jsonl,pegasus3-fill30-a3.0-23,44,1,0.04187499999999998,1,1,0.08417410714285724
branch_shard3.jsonl,pegasus3-fill30-a3.0-23,44,2,0.0631919642857143,0,0,0.08417410714285724
branch_shard3.jsonl,pegasus3-fill30-a3.0-23,44,28,0.05243303571428571,0,0,0.08417410714285724
branch_shard3.jsonl,pegasus3-fill30-a3.0-22,13,3,0.0414120156826569,1,1,0.030932887453874527
branch_shard3.jsonl,pegasus3-fill30-a3.0-22,13,18,0.07234490313653143,0,0,0.030932887453874527
branch_shard3.jsonl,pegasus3-fill30-a3.0-22,13,30,0.06245675738007385,0,0,0.030932887453874527
branch_shard3.jsonl,pegasus3-fill30-a3.0-22,13,75,0.06350899446494472,0,0,0.030932887453874527
branch_shard3.jsonl,pegasus3-fill30-a3.0-22,17,356,0.07077375461254631,0,0,0.0193006226937269
branch_shard3.jsonl,pegasus3-fill30-a3.0-22,17,414,0.07574665590405907,0,0,0.0193006226937269
branch_shard3.jsonl,pegasus3-fill30-a3.0-22,17,447,0.06668011992619927,1,0,0.0193006226937269
branch_shard3.jsonl,pegasus3-fill30-a3.0-22,17,449,0.056446033210332175,0,1,0.0193006226937269
branch_shard3.jsonl,pegasus3-fill30-a3.0-22,38,9,0.03662649907749089,0,1,0.025369003690036813
branch_shard3.jsonl,pegasus3-fill30-a3.0-22,38,11,0.0619955027675277,1,0,0.025369003690036813
branch_shard3.jsonl,pegasus3-fill30-a3.0-22,38,57,0.04415071494464951,0,0,0.025369003690036813
branch_shard3.jsonl,pegasus3-fill30-a3.0-22,38,74,0.05837753690036915,0,0,0.025369003690036813
branch_shard3.jsonl,pegasus3-fill30-a3.0-22,50,0,0.04282460793357948,1,0,0.030024792435424316
branch_shard3.jsonl,pegasus3-fill30-a3.0-22,50,4,0.03822647601476031,0,1,0.030024792435424316
branch_shard3.jsonl,pegasus3-fill30-a3.0-22,50,8,0.05533613929889306,0,0,0.030024792435424316
branch_shard3.jsonl,pegasus3-fill30-a3.0-22,50,45,0.06825126845018463,0,0,0.030024792435424316
branch_shard3.jsonl,pegasus3-fill30-a3.0-5,9,37,0.05028195488721806,0,0,0.03168076441102757
branch_shard3.jsonl,pegasus3-fill30-a3.0-5,9,41,0.04652255639097752,1,1,0.03168076441102757
branch_shard3.jsonl,pegasus3-fill30-a3.0-5,9,50,0.0782033208020051,0,0,0.03168076441102757
branch_shard3.jsonl,pegasus3-fill30-a3.0-5,9,102,0.07581453634085228,0,0,0.03168076441102757
branch_shard3.jsonl,pegasus3-fill30-a3.0-5,13,8,0.08550673558897255,0,0,0.04501488095238096
branch_shard3.jsonl,pegasus3-fill30-a3.0-5,13,9,0.08550673558897255,1,0,0.04501488095238096
branch_shard3.jsonl,pegasus3-fill30-a3.0-5,13,50,0.11908677944862162,0,0,0.04501488095238096
branch_shard3.jsonl,pegasus3-fill30-a3.0-5,13,69,0.07407189849624066,0,1,0.04501488095238096
branch_shard3.jsonl,pegasus3-fill30-a3.0-5,29,29,0.08644658521303253,0,0,0.04053101503759384
branch_shard3.jsonl,pegasus3-fill30-a3.0-5,29,31,0.08644658521303253,1,0,0.04053101503759384
branch_shard3.jsonl,pegasus3-fill30-a3.0-5,29,40,0.07348449248120315,0,0,0.04053101503759384
branch_shard3.jsonl,pegasus3-fill30-a3.0-5,29,163,0.04591557017543869,0,1,0.04053101503759384
branch_shard3.jsonl,pegasus3-fill30-a3.0-5,37,1,0.08985354010025073,0,0,0.061873433583959886
branch_shard3.jsonl,pegasus3-fill30-a3.0-5,37,47,0.09827302631578952,0,0,0.061873433583959886
branch_shard3.jsonl,pegasus3-fill30-a3.0-5,37,64,0.10573308270676698,1,0,0.061873433583959886
branch_shard3.jsonl,pegasus3-fill30-a3.0-5,37,65,0.0438596491228071,0,1,0.061873433583959886
branch_shard3.jsonl,pegasus3-fill30-a3.0-89,20,13,0.07686491935483869,1,0,0.02895665322580651
branch_shard3.jsonl,pegasus3-fill30-a3.0-89,20,16,0.07623487903225801,0,1,0.02895665322580651
branch_shard3.jsonl,pegasus3-fill30-a3.0-89,20,31,0.08670614919354835,0,0,0.02895665322580651
branch_shard3.jsonl,pegasus3-fill30-a3.0-89,20,111,0.10519153225806452,0,0,0.02895665322580651
branch_shard3.jsonl,pegasus3-fill30-a3.0-89,24,13,0.06441532258064499,1,0,0.03903729838709684
branch_shard3.jsonl,pegasus3-fill30-a3.0-89,24,16,0.07749495967741926,0,0,0.03903729838709684
branch_shard3.jsonl,pegasus3-fill30-a3.0-89,24,98,0.09558971774193545,0,0,0.03903729838709684
branch_shard3.jsonl,pegasus3-fill30-a3.0-89,24,144,0.05655241935483861,0,1,0.03903729838709684
branch_shard3.jsonl,pegasus3-fill30-a3.0-89,25,14,0.08358114919354835,0,0,0.04713961693548396
branch_shard3.jsonl,pegasus3-fill30-a3.0-89,25,15,0.08629032258064517,1,0,0.04713961693548396
branch_shard3.jsonl,pegasus3-fill30-a3.0-89,25,83,0.059740423387096675,0,1,0.04713961693548396
branch_shard3.jsonl,pegasus3-fill30-a3.0-89,25,97,0.10688004032258064,0,0,0.04713961693548396
branch_shard3.jsonl,pegasus3-fill30-a3.0-89,38,60,0.05618699596774186,1,1,0.03172883064516134
branch_shard3.jsonl,pegasus3-fill30-a3.0-89,38,62,0.05669102822580635,0,0,0.03172883064516134
branch_shard3.jsonl,pegasus3-fill30-a3.0-89,38,102,0.0689390120967741,0,0,0.03172883064516134
branch_shard3.jsonl,pegasus3-fill30-a3.0-89,38,169,0.0879158266129032,0,0,0.03172883064516134
branch_shard3.jsonl,pegasus3-fill30-a3.0-57,6,20,0.07330974842767332,0,0,0.05752096436058686
branch_shard3.jsonl,pegasus3-fill30-a3.0-57,6,24,0.08323506289308216,1,0,0.05752096436058686
branch_shard3.jsonl,pegasus3-fill30-a3.0-57,6,57,0.04273126310272582,0,0,0.05752096436058686
branch_shard3.jsonl,pegasus3-fill30-a3.0-57,6,99,0.025714098532495303,0,1,0.05752096436058686
branch_shard3.jsonl,pegasus3-fill30-a3.0-57,34,6,0.031741352201258365,0,0,0.07534067085953851
branch_shard3.jsonl,pegasus3-fill30-a3.0-57,34,98,0.09687827568134191,1,0,0.07534067085953851
branch_shard3.jsonl,pegasus3-fill30-a3.0-57,34,104,0.02153760482180341,0,1,0.07534067085953851
branch_shard3.jsonl,pegasus3-fill30-a3.0-57,34,227,0.060944051362683827,0,0,0.07534067085953851
branch_shard3.jsonl,pegasus3-fill30-a3.0-57,50,1,0.04011071802935057,1,1,0.02648388364779855
branch_shard3.jsonl,pegasus3-fill30-a3.0-57,50,31,0.056489124737945914,0,0,0.02648388364779855
branch_shard3.jsonl,pegasus3-fill30-a3.0-57,50,59,0.06659460167714912,0,0,0.02648388364779855
branch_shard3.jsonl,pegasus3-fill30-a3.0-57,50,70,0.044778563941300226,0,0,0.02648388364779855
branch_shard3.jsonl,pegasus3-fill30-a3.0-57,54,1,0.04207612683438201,1,0,0.022602201257861658
branch_shard3.jsonl,pegasus3-fill30-a3.0-57,54,31,0.04554834905660424,0,0,0.022602201257861658
branch_shard3.jsonl,pegasus3-fill30-a3.0-57,54,54,0.061828485324948064,0,0,0.022602201257861658
branch_shard3.jsonl,pegasus3-fill30-a3.0-57,54,69,0.039226284067086406,0,1,0.022602201257861658
branch_shard3.jsonl,pegasus3-fill30-a3.0-21,4,1,0.03870811855670108,1,0,0.04410438144329882
branch_shard3.jsonl,pegasus3-fill30-a3.0-21,4,2,0.06623711340206179,0,0,0.04410438144329882
branch_shard3.jsonl,pegasus3-fill30-a3.0-21,4,30,0.022132731958762968,0,1,0.04410438144329882
branch_shard3.jsonl,pegasus3-fill30-a3.0-21,4,144,0.04146262886597936,0,0,0.04410438144329882
branch_shard3.jsonl,pegasus3-fill30-a3.0-21,24,90,0.089207474226804,0,0,0.043153994845360685
branch_shard3.jsonl,pegasus3-fill30-a3.0-21,24,94,0.08116945876288648,1,0,0.043153994845360685
branch_shard3.jsonl,pegasus3-fill30-a3.0-21,24,267,0.1081668814432988,0,0,0.043153994845360685
branch_shard3.jsonl,pegasus3-fill30-a3.0-21,24,369,0.06501288659793812,0,1,0.043153994845360685
branch_shard3.jsonl,pegasus3-fill30-a3.0-21,33,14,0.060148195876288654,0,1,0.033327963917525655
branch_shard3.jsonl,pegasus3-fill30-a3.0-21,33,18,0.07058634020618548,1,0,0.033327963917525655
branch_shard3.jsonl,pegasus3-fill30-a3.0-21,33,90,0.09347615979381431,0,0,0.033327963917525655
branch_shard3.jsonl,pegasus3-fill30-a3.0-21,33,167,0.07337306701030924,0,0,0.033327963917525655
branch_shard3.jsonl,pegasus3-fill30-a3.0-21,44,0,0.044039948453608285,1,0,0.042525773195876214
branch_shard3.jsonl,pegasus3-fill30-a3.0-21,44,40,0.05624999999999998,0,0,0.042525773195876214
branch_shard3.jsonl,pegasus3-fill30-a3.0-21,44,42,0.07343749999999998,0,0,0.042525773195876214
branch_shard3.jsonl,pegasus3-fill30-a3.0-21,44,82,0.03091172680412376,0,1,0.042525773195876214
